"Time","frame_classify_latency","frame_classify_latency","frame_classify_latency","frame_classify_latency","frame_classify_latency","frame_classify_latency","frame_classify_latency","frames_sent_total_camera","frames_sent_total_detector","frames_sent_total_detector","frames_sent_total_detector","frames_sent_total_detector","frames_sent_total_detector","frames_sent_total_detector","frames_sent_total_detector","people_box_count","people_box_count","people_box_count","people_box_count","people_box_count","people_box_count","people_box_count","detector_frame_latency","detector_frame_latency","detector_frame_latency","detector_frame_latency","detector_frame_latency","detector_frame_latency","detector_frame_latency","classifier_frames_processed_total","classifier_frames_processed_total","classifier_frames_processed_total","classifier_frames_processed_total","classifier_frames_processed_total","classifier_frames_processed_total","classifier_frames_processed_total","object_classify_latency","object_classify_latency","object_classify_latency","object_classify_latency","object_classify_latency","object_classify_latency","object_classify_latency","frame_classify_latency","frame_classify_latency","frame_classify_latency","frame_classify_latency","frame_classify_latency","frame_classify_latency","frame_classify_latency","group3-node2_cpu_0","group3-node1_cpu_0","group3-node2_cpu_1","group3-node1_cpu_1","group3-node2_cpu_2","group3-node1_cpu_2","group3-node2_cpu_3","group3-node1_cpu_3","group3-node2_cpu_4","group3-node1_cpu_4","group3-node2_cpu_5","group3-node1_cpu_5","group3-node2_cpu_6","group3-node1_cpu_6","group3-node2_cpu_7","group3-node1_cpu_7","group3-node2_available_memory","group3-node1_available_memory","group3-node2_free_memory","group3-node1_free_memory"
2025-09-25 15:16:00,,,,,,,,,,,,,,,,,,,,,,,,,,,,,,,,,,,,,,,,,,,,,,,,,,,,0.00461,,0.00222,,0.00256,,0.00205,,0.00461,,0.00222,,0.00290,,0.00392,,14980,,13862
2025-09-25 15:18:00,,,,,,,,,,,,,,,,,,,,,,,,,,,,,,,,,,,,,,,,,,,,,,,,,,,,0.00542,,0.00305,,0.00373,,0.00220,,0.00373,,0.00153,,0.00373,,0.00322,,1539,,1424
2025-09-25 15:20:00,,,,,,,,,,,,,,,,,,,,,,,,,,,,,,,,,,,,,,,,,,,,,,,,,,,,0.00542,,0.00237,,0.00559,,0.00271,,0.00339,,0.00136,,0.00407,,0.00322,,4616,,3797
2025-09-25 15:22:00,,,,,,,,,,,,,,,,,,,,,,,,,,,,,,,,,,,,,,,,,,,,,,,,,,,,0.00254,,0.00271,,0.00508,,0.00254,,0.00424,,0.00186,,0.00322,,0.00441,,2564,,2373
2025-09-25 15:24:00,,,,,,,,,,,,,,,,,,,,,,,,,,,,,,,,,,,,,,,,,,,,,,,,,,,,0.00475,,0.00271,,0.00203,,0.00254,,0.00305,,0.00169,,0.00288,,0.00542,,1026,,949
2025-09-25 15:26:00,,,,,,,,,,,,,,,,,,,,,,,,,,,,,,,,,,,,,,,,,,,,,,,,,,,,0.00305,,0.00220,,0.00339,,0.00322,,0.00373,,0.00136,,0.00339,,0.00492,,2051,,1898
2025-09-25 15:28:00,,,,,,,,,,,,,,,,,,,,,,,,,,,,,,,,,,,,,,,,,,,,,,,,,,,,0.00508,,0.00237,,0.00356,,0.00305,,0.00339,,0.00169,,0.00339,,0.00458,,3077,,2847
2025-09-25 15:30:00,,,,,,,,,,,,,,,,,,,,,,,,,,,,,,,,,,,,,,,,,,,,,,,,,,,,0.00475,,0.00254,,0.00322,,0.00356,,0.00305,,0.00237,,0.00288,,0.00305,,1538,,1423
2025-09-25 15:32:00,,,,,,,,,,,,,,,,,,,,,,,,,,,,,,,,,,,,,,,,,,,,,,,,,,,,0.00339,,0.00254,,0.00424,,0.00153,,0.00373,,0.00153,,0.00390,,0.00254,,1538,,1423
2025-09-25 15:34:00,,,,,,,,,,,,,,,,,,,,,,,,,,,,,,,,,,,,,,,,,,,,,,,,,,,,0.00356,,0.00153,,0.00424,,0.00373,,0.00559,,0.00186,,0.00356,,0.00271,,3077,,2847
2025-09-25 15:36:00,,,,,,,,,,,,,,,,,,,,,,,,,,,,,,,,,,,,,,,,,,,,,,,,,,,,0.00424,,0.00203,,0.00475,,0.00254,,0.00339,,0.00186,,0.00441,,0.00390,,2564,,2372
2025-09-25 15:38:00,,,,,,,,,,,,,,,,,,,,,,,,,,,,,,,,,,,,,,,,,,,,,,,,,,,,0.00271,,0.00407,,0.00508,,0.00237,,0.00288,,0.00373,,0.00288,,0.00305,,2051,,1898
2025-09-25 15:40:00,,,,,,,,,,,,,,,,,,,,,,,,,,,,,,,,,,,,,,,,,,,,,,,,,,,,0.00441,,0.00220,,0.00339,,0.00271,,0.00373,,0.00373,,0.00220,,0.00373,,1538,,1423
2025-09-25 15:42:00,,,,,,,,,,,,,,,,,,,,,,,,,,,,,,,,,,,,,,,,,,,,,,,,,,,,0.00254,,0.00339,,0.00339,,0.00153,,0.00254,,0.00356,,0.00356,,0.00441,,1026,,474
2025-09-25 15:44:00,,,,,,,,,,,,,,,,,,,,,,,,,,,,,,,,,,,,,,,,,,,,,,,,,,,,0.00203,,0.00305,,0.00458,,0.00271,,0.00339,,0.00407,,0.00186,,0.00305,,3076,,2846
2025-09-25 15:46:00,,,,,,,,,,,,,,,,,,,,,,,,,,,,,,,,,,,,,,,,,,,,,,,,,,,,0.00390,,0.00373,,0.00407,,0.00203,,0.00424,,0.00203,,0.00441,,0.00356,,3076,,2372
2025-09-25 15:48:00,,,,,,,,,,,,,,,,,,,,,,,,,,,,,,,,,,,,,,,,,,,,,,,,,,,,0.00508,,0.00288,,0.00610,,0.00373,,0.00542,,0.00322,,0.0186,,0.00797,,8731,,8079
2025-09-25 15:50:00,,,,,,,,,,,,,,,,,,,,,,,,,,,,,,,,,,,,,,,,,,,,,,,,,,,,0.00475,,0.00220,,0.00559,,0.00203,,0.00373,,0.00322,,0.00492,,0.00271,,4101,,3794
2025-09-25 15:52:00,,,,,,,,,,,,,,,,,,,,,,,,,,,,,,,,,,,,,,,,,,,,,,,,,,,,0.00475,,0.00203,,0.00407,,0.00322,,0.00373,,0.00220,,0.00322,,0.00237,,1538,,1423
2025-09-25 15:54:00,,,,,,,,,,,,,,,,,,,,,,,,,,,,,,,,,,,,,,,,,,,,,,,,,,,,0.00288,,0.00220,,0.00441,,0.00254,,0.00339,,0.00339,,0.00390,,0.00458,,1538,,1423
2025-09-25 15:56:00,,,,,,,,,,,,,,,,,,,,,,,,,,,,,,,,,,,,,,,,,,,,,,,,,,,,0.00288,,0.00322,,0.00288,,0.00373,,0.00305,,0.00203,,0.00373,,0.00271,,2051,,1898
2025-09-25 15:58:00,,,,,,,,,,,,,,,,,,,,,,,,,,,,,,,,,,,,,,,,,,,,,,,,,,,,0.00237,,0.00390,,0.00475,,0.00356,,0.00339,,0.00203,,0.00424,,0.00305,,2051,,1898
2025-09-25 16:00:00,,,,,,,,,,,,,,,,,,,,,,,,,,,,,,,,,,,,,,,,,,,,,,,,,,,,0.00288,,0.00288,,0.00373,,0.00288,,0.00441,,0.00220,,0.00475,,0.00322,,1538,,1423
2025-09-25 16:02:00,,,,,,,,,,,,,,,,,,,,,,,,,,,,,,,,,,,,,,,,,,,,,,,,,,,,0.00407,,0.00322,,0.00322,,0.00288,,0.00339,,0.00220,,0.00288,,0.00271,,2051,,1897
2025-09-25 16:04:00,,,,,,,,,,,,,,,,,,,,,,,,,,,,,,,,,,,,,,,,,,,,,,,,,,,,0.00322,,0.00373,,0.00203,,0.00390,,0.00390,,0.00322,,0.00305,,0.00492,,2563,,2372
2025-09-25 16:06:00,,,,,,,,,,,,,,,,,,,,,,,,,,,,,,,,,,,,,,,,,,,,,,,,,,,,0.00390,,0.00288,,0.00288,,0.00254,,0.00339,,0.00288,,0.00373,,0.00475,,2564,,2372
2025-09-25 16:08:00,,,,,,,,,,,,,,,,,,,,,,,,,,,,,,,,,,,,,,,,,,,,,,,,,,,,0.00271,,0.00254,,0.00339,,0.00610,,0.00356,,0.00271,,0.00356,,0.00237,,2564,,2372
2025-09-25 16:10:00,,,,,,,,,,,,,,,,,,,,,,,,,,,,,,,,,,,,,,,,,,,,,,,,,,,,0.00356,,0.00339,,0.00153,,0.00288,,0.00407,,0.00407,,0.00339,,0.00186,,3589,,3321
2025-09-25 16:12:00,,,,,,,,,,,,,,,,,,,,,,,,,,,,,,,,,,,,,,,,,,,,,,,,,,,,0.00390,,0.00271,,0.00373,,0.00407,,0.00322,,0.00271,,0.00407,,0.00254,,4615,,4269
2025-09-25 16:14:00,,,,,,,,,,,,,,,,,,,,,,,,,,,,,,,,,,,,,,,,,,,,,,,,,,,,0.00407,,0.00153,,0.00356,,0.00407,,0.00322,,0.00424,,0.00373,,0.00186,,1538,,1423
2025-09-25 16:16:00,,,,,,,,,,,,,,,,,,,,,,,,,,,,,,,,,,,,,,,,,,,,,,,,,,,,0.00271,,0.00373,,0.00339,,0.00339,,0.00271,,0.00288,,0.00322,,0.00475,,1026,,949
2025-09-25 16:18:00,,,,,,,,,,,,,,,,,,,,,,,,,,,,,,,,,,,,,,,,,,,,,,,,,,,,0.00492,,0.00356,,0.00407,,0.00288,,0.00288,,0.00356,,0.00305,,0.00424,,16996,,23819
2025-09-25 17:12:00,,,,,63.1,,,347,,,337,,,,,,,3,,,,,,,81.3,,,,,,,,,313,,,,,,,19.3,,,,,,,63.1,,,,,,,,,,,,,,,,,,,,,,
2025-09-25 17:14:00,,,,,92.6,,,707,,,697,,,,,,,6,,,,,,,88.3,,,,,,,,,663,,,,,,,18.5,,,,,,,92.6,,,,,,,,,,,,,,,,,,,,,,
2025-09-25 17:16:00,,,,,50.9,,,1067,,,1057,,,,,,,3,,,,,,,86.6,,,,,,,,,1017,,,,,,,23.5,,,,,,,50.9,,,,,,,,,,,,,,,,,,,,,,
2025-09-25 17:18:00,,,,,63.9,,,1427,,,1417,,,,,,,3,,,,,,,77.7,,,,,,,,,1371,,,,,,,18.8,,,,,,,63.9,,,,,,,,,,,,,,,,,,,,,,
2025-09-25 17:20:00,,,,,30.4,,,1787,,,1777,,,,,,,1,,,,,,,84.0,,,,,,,,,1728,,,,,,,26.2,,,,,,,30.4,,,,,,,,,,,,,,,,,,,,,,
2025-09-25 17:22:00,,,,,210,,,2147,,,2137,,,,,,,9,,,,,,,68.2,,,,,,,,,2083,,,,,,,19.3,,,,,,,210,,,,,,,,,,,,,,,,,,,,,,
2025-09-25 17:24:00,,,,,74.1,,,2507,,,2497,,,,,,,3,,,,,,,86.0,,,,,,,,,2443,,,,,,,16.9,,,,,,,74.1,,,,,,,,,,,,,,,,,,,,,,
2025-09-25 17:26:00,,,,,104,,,2867,,,2857,,,,,,,6,,,,,,,79.0,,,,,,,,,2801,,,,,,,19.0,,,,,,,104,,,,,,,,,,,,,,,,,,,,,,
2025-09-25 17:28:00,,,,,21.7,,,3227,,,3217,,,,,,,1,,,,,,,82.7,,,,,,,,,3152,,,,,,,16.8,,,,,,,21.7,,,,,,,,,,,,,,,,,,,,,,
2025-09-25 17:30:00,,,,,85.9,,,3587,,,3577,,,,,,,4,,,,,,,76.7,,,,,,,,,3492,,,,,,,17.9,,,,,,,85.9,,,,,,,,,,,,,,,,,,,,,,
2025-09-25 17:32:00,,,,,64.6,,,3947,,,3937,,,,,,,3,,,,,,,76.7,,,,,,,,,3835,,,,,,,19.2,,,,,,,64.6,,,,,,,,,,,,,,,,,,,,,,
2025-09-25 17:34:00,,,,,69.1,,,4307,,,4297,,,,,,,3,,,,,,,80.6,,,,,,,,,4184,,,,,,,18.2,,,,,,,69.1,,,,,,,,,,,,,,,,,,,,,,
2025-09-25 17:36:00,,,,,110,,,4667,,,4657,,,,,,,5,,,,,,,75.9,,,,,,,,,4538,,,,,,,18.0,,,,,,,110,,,,,,,,,,,,,,,,,,,,,,
2025-09-25 17:38:00,,,,,49.2,,,5027,,,5017,,,,,,,2,,,,,,,89.2,,,,,,,,,4886,,,,,,,18.9,,,,,,,49.2,,,,,,,,,,,,,,,,,,,,,,
2025-09-25 17:40:00,,,,,66.4,,,5387,,,5377,,,,,,,3,,,,,,,85.8,,,,,,,,,5231,,,,,,,18.4,,,,,,,66.4,,,,,,,,,,,,,,,,,,,,,,
2025-09-25 17:42:00,,,,,178,,,5747,,,5737,,,,,,,7,,,,,,,75.2,,,,,,,,,5590,,,,,,,19.1,,,,,,,178,,,,,,,,,,,,,,,,,,,,,,
2025-09-25 17:44:00,,,,,23.8,,,6107,,,6097,,,,,,,1,,,,,,,78.8,,,,,,,,,5942,,,,,,,17.0,,,,,,,23.8,,,,,,,,,,,,,,,,,,,,,,
2025-09-25 17:46:00,,,,,68.7,,,6467,,,6457,,,,,,,3,,,,,,,83.9,,,,,,,,,6286,,,,,,,21.0,,,,,,,68.7,,,,,,,,,,,,,,,,,,,,,,
2025-09-25 17:48:00,,,,,116,,,6827,,,6817,,,,,,,5,,,,,,,79.4,,,,,,,,,6639,,,,,,,20.8,,,,,,,116,,,,,,,,,,,,,,,,,,,,,,
2025-09-25 17:50:00,,,,,71.9,,,7187,,,7177,,,,,,,3,,,,,,,93.0,,,,,,,,,6993,,,,,,,23.3,,,,,,,71.9,,,,,,,,,,,,,,,,,,,,,,
2025-09-25 17:52:00,,,,,27.7,,,7547,,,7537,,,,,,,1,,,,,,,84.0,,,,,,,,,7307,,,,,,,22.9,,,,,,,27.7,,,,,,,,,,,,,,,,,,,,,,
2025-09-25 17:54:00,,,,,173,,,7907,,,7897,,,,,,,9,,,,,,,62.4,,,,,,,,,7646,,,,,,,18.9,,,,,,,173,,,,,,,,,,,,,,,,,,,,,,
2025-09-25 17:56:00,,,,,168,,,8267,,,8257,,,,,,,8,,,,,,,65.5,,,,,,,,,8005,,,,,,,18.8,,,,,,,168,,,,,,,,,,,,,,,,,,,,,,
2025-09-25 17:58:00,,,,,83.2,,,8627,,,8617,,,,,,,3,,,,,,,77.9,,,,,,,,,8363,,,,,,,22.7,,,,,,,83.2,,,,,,,,,,,,,,,,,,,,,,
2025-09-25 18:00:00,,,,,43.7,,,8987,,,8977,,,,,,,2,,,,,,,78.1,,,,,,,,,8723,,,,,,,17.9,,,,,,,43.7,,,,,,,,,,,,,,,,,,,,,,
2025-09-25 18:02:00,,,,,237,,,9347,,,9337,,,,,,,11,,,,,,,61.2,,,,,,,,,9059,,,,,,,19.1,,,,,,,237,,,,,,,,,,,,,,,,,,,,,,
2025-09-25 18:04:00,,,,,189,,,9707,,,9697,,,,,,,9,,,,,,,68.1,,,,,,,,,9419,,,,,,,18.5,,,,,,,189,,,,,,,,,,,,,,,,,,,,,,
2025-09-25 18:06:00,,,,,238,,,10067,,,10057,,,,,,,9,,,,,,,59.3,,,,,,,,,9779,,,,,,,19.2,,,,,,,238,,,,,,,,,,,,,,,,,,,,,,
2025-09-25 18:08:00,,,,,151,,,10427,,,10417,,,,,,,7,,,,,,,64.9,,,,,,,,,10139,,,,,,,19.0,,,,,,,151,,,,,,,,,,,,,,,,,,,,,,
2025-09-25 18:10:00,,,,,31.9,,,10787,,,10777,,,,,,,1,,,,,,,78.8,,,,,,,,,10474,,,,,,,25.2,,,,,,,31.9,,,,,,,,,,,,,,,,,,,,,,
2025-09-25 18:12:00,,,,,120,,,11147,,,11137,,,,,,,8,,,,,,,76.9,,,,,,,,,10799,,,,,,,19.1,,,,,,,120,,,,,,,,,,,,,,,,,,,,,,
2025-09-25 18:14:00,,,,,124,,,11507,,,11497,,,,,,,8,,,,,,,73.8,,,,,,,,,11159,,,,,,,18.7,,,,,,,124,,,,,,,,,,,,,,,,,,,,,,
2025-09-25 18:16:00,,,,,75.5,,,11867,,,11857,,,,,,,3,,,,,,,84.1,,,,,,,,,11513,,,,,,,23.2,,,,,,,75.5,,,,,,,,,,,,,,,,,,,,,,
2025-09-25 18:18:00,,,,,32.1,,,12227,,,12217,,,,,,,1,,,,,,,82.3,,,,,,,,,11864,,,,,,,25.4,,,,,,,32.1,,,,,,,,,,,,,,,,,,,,,,
2025-09-25 18:20:00,,,,,139,,,12587,,,12577,,,,,,,3,,,,,,,79.8,,,,,,,,,12220,,,,,,,26.8,,,,,,,139,,,,,,,,,,,,,,,,,,,,,,
2025-09-25 18:22:00,,,,,87.0,,,12947,,,12937,,,,,,,4,,,,,,,78.9,,,,,,,,,12579,,,,,,,17.7,,,,,,,87.0,,,,,,,,,,,,,,,,,,,,,,
2025-09-25 18:24:00,,,,,88.0,,,13307,,,13297,,,,,,,4,,,,,,,78.2,,,,,,,,,12937,,,,,,,17.8,,,,,,,88.0,,,,,,,,,,,,,,,,,,,,,,
2025-09-25 18:26:00,,,,,89.9,,,13667,,,13657,,,,,,,3,,,,,,,76.9,,,,,,,,,13272,,,,,,,21.9,,,,,,,89.9,,,,,,,,,,,,,,,,,,,,,,
2025-09-25 18:28:00,,,,,232,,,14027,,,14017,,,,,,,7,,,,,,,54.9,,,,,,,,,13627,,,,,,,18.3,,,,,,,232,,,,,,,,,,,,,,,,,,,,,,
2025-09-25 18:30:00,,,,,76.1,,,14387,,,14377,,,,,,,3,,,,,,,76.6,,,,,,,,,13987,,,,,,,22.3,,,,,,,76.1,,,,,,,,,,,,,,,,,,,,,,
2025-09-25 18:32:00,,,,,95.8,,,14747,,,14737,,,,,,,4,,,,,,,75.5,,,,,,,,,14330,,,,,,,18.9,,,,,,,95.8,,,,,,,,,,,,,,,,,,,,,,
2025-09-25 18:34:00,,,,,51.7,,,15107,,,15097,,,,,,,2,,,,,,,81.3,,,,,,,,,14670,,,,,,,23.4,,,,,,,51.7,,,,,,,,,,,,,,,,,,,,,,
2025-09-25 18:36:00,,,,,83.5,,,15467,,,15457,,,,,,,4,,,,,,,78.3,,,,,,,,,15006,,,,,,,18.1,,,,,,,83.5,,,,,,,,,,,,,,,,,,,,,,
2025-09-25 18:38:00,,,,,90.3,,,15827,,,15817,,,,,,,4,,,,,,,81.3,,,,,,,,,15364,,,,,,,19.3,,,,,,,90.3,,,,,,,,,,,,,,,,,,,,,,
2025-09-25 18:40:00,,,,,72.0,,,16187,,,16177,,,,,,,3,,,,,,,74.6,,,,,,,,,15723,,,,,,,18.8,,,,,,,72.0,,,,,,,,,,,,,,,,,,,,,,
2025-09-25 18:42:00,,,,,190,,,16547,,,16537,,,,,,,8,,,,,,,62.6,,,,,,,,,16082,,,,,,,21.4,,,,,,,190,,,,,,,,,,,,,,,,,,,,,,
2025-09-25 18:44:00,,,,,85.3,,,16907,,,16897,,,,,,,5,,,,,,,82.8,,,,,,,,,16436,,,,,,,19.4,,,,,,,85.3,,,,,,,,,,,,,,,,,,,,,,
2025-09-25 18:46:00,,,,,28.7,,,17267,,,17257,,,,,,,1,,,,,,,79.4,,,,,,,,,16796,,,,,,,22.9,,,,,,,28.7,,,,,,,,,,,,,,,,,,,,,,
2025-09-25 18:48:00,,,,,71.3,,,17627,,,17617,,,,,,,3,,,,,,,78.7,,,,,,,,,17136,,,,,,,20.1,,,,,,,71.3,,,,,,,,,,,,,,,,,,,,,,
2025-09-25 18:50:00,,,,,70.8,,,17987,,,17977,,,,,,,3,,,,,,,84.4,,,,,,,,,17480,,,,,,,18.8,,,,,,,70.8,,,,,,,,,,,,,,,,,,,,,,
2025-09-25 18:52:00,,,,,211,,,18347,,,18337,,,,,,,8,,,,,,,59.3,,,,,,,,,17820,,,,,,,18.8,,,,,,,211,,,,,,,,,,,,,,,,,,,,,,
2025-09-25 18:54:00,,,,,149,,,18707,,,18697,,,,,,,5,,,,,,,78.9,,,,,,,,,18168,,,,,,,23.1,,,,,,,149,,,,,,,,,,,,,,,,,,,,,,
2025-09-25 18:56:00,,,,,155,,,19067,,,19057,,,,,,,5,,,,,,,75.5,,,,,,,,,18528,,,,,,,19.2,,,,,,,155,,,,,,,,,,,,,,,,,,,,,,
2025-09-25 18:58:00,,,,,185,,,19427,,,19417,,,,,,,9,,,,,,,60.1,,,,,,,,,18888,,,,,,,20.2,,,,,,,185,,,,,,,,,,,,,,,,,,,,,,
2025-09-25 19:00:00,,,,,87.7,,,19787,,,19777,,,,,,,6,,,,,,,85.3,,,,,,,,,19248,,,,,,,22.4,,,,,,,87.7,,,,,,,,,,,,,,,,,,,,,,
2025-09-25 19:02:00,,,,,154,,,20147,,,20137,,,,,,,6,,,,,,,59.2,,,,,,,,,19606,,,,,,,21.1,,,,,,,154,,,,,,,,,,,,,,,,,,,,,,
2025-09-25 19:04:00,,,,,70.3,,,20507,,,20497,,,,,,,3,,,,,,,78.3,,,,,,,,,19965,,,,,,,18.3,,,,,,,70.3,,,,,,,,,,,,,,,,,,,,,,
2025-09-25 19:06:00,,,,,93.6,,,20867,,,20857,,,,,,,5,,,,,,,83.6,,,,,,,,,20324,,,,,,,19.3,,,,,,,93.6,,,,,,,,,,,,,,,,,,,,,,
2025-09-25 19:08:00,,,,,188,,,21227,,,21217,,,,,,,6,,,,,,,68.3,,,,,,,,,20684,,,,,,,19.6,,,,,,,188,,,,,,,,,,,,,,,,,,,,,,
2025-09-25 19:10:00,,,,,152,,,21587,,,21577,,,,,,,6,,,,,,,79.7,,,,,,,,,21044,,,,,,,25.2,,,,,,,152,,,,,,,,,,,,,,,,,,,,,,
2025-09-25 19:12:00,,,,,69.6,,,21947,,,21937,,,,,,,3,,,,,,,88.0,,,,,,,,,21405,,,,,,,19.6,,,,,,,69.6,,,,,,,,,,,,,,,,,,,,,,
2025-09-25 19:14:00,,,,,113,,,22307,,,22297,,,,,,,5,,,,,,,81.9,,,,,,,,,21724,,,,,,,19.9,,,,,,,113,,,,,,,,,,,,,,,,,,,,,,
2025-09-25 19:16:00,,,,,48.0,,,22667,,,22657,,,,,,,2,,,,,,,82.2,,,,,,,,,22082,,,,,,,19.0,,,,,,,48.0,,,,,,,,,,,,,,,,,,,,,,
2025-09-25 19:18:00,,,,,21.4,,,23027,,,23017,,,,,,,1,,,,,,,83.9,,,,,,,,,22437,,,,,,,16.9,,,,,,,21.4,,,,,,,,,,,,,,,,,,,,,,
2025-09-25 19:20:00,,,,,165,,,23387,,,23377,,,,,,,8,,,,,,,57.5,,,,,,,,,22786,,,,,,,23.0,,,,,,,165,,,,,,,,,,,,,,,,,,,,,,
2025-09-25 19:22:00,,,,,133,,,23747,,,23737,,,,,,,6,,,,,,,84.5,,,,,,,,,23145,,,,,,,20.0,,,,,,,133,,,,,,,,,,,,,,,,,,,,,,
2025-09-25 19:24:00,,,,,73.5,,,24107,,,24097,,,,,,,3,,,,,,,82.4,,,,,,,,,23486,,,,,,,18.7,,,,,,,73.5,,,,,,,,,,,,,,,,,,,,,,
2025-09-25 19:26:00,,,,,90.4,,,24467,,,24457,,,,,,,5,,,,,,,81.0,,,,,,,,,23843,,,,,,,23.3,,,,,,,90.4,,,,,,,,,,,,,,,,,,,,,,
2025-09-25 19:28:00,,,,,174,,,24827,,,24817,,,,,,,9,,,,,,,74.3,,,,,,,,,24201,,,,,,,18.0,,,,,,,174,,,,,,,,,,,,,,,,,,,,,,
2025-09-25 19:30:00,,,,,183,,,25187,,,25177,,,,,,,8,,,,,,,63.1,,,,,,,,,24561,,,,,,,19.1,,,,,,,183,,,,,,,,,,,,,,,,,,,,,,
2025-09-25 19:32:00,,,,,64.9,,,25547,,,25537,,,,,,,4,,,,,,,80.9,,,,,,,,,24921,,,,,,,18.1,,,,,,,64.9,,,,,,,,,,,,,,,,,,,,,,
2025-09-25 19:34:00,,,,,96.7,,,25907,,,25897,,,,,,,5,,,,,,,80.0,,,,,,,,,25264,,,,,,,17.5,,,,,,,96.7,,,,,,,,,,,,,,,,,,,,,,
2025-09-25 19:36:00,,,,,48.8,,,26267,,,26257,,,,,,,2,,,,,,,80.8,,,,,,,,,25617,,,,,,,18.4,,,,,,,48.8,,,,,,,,,,,,,,,,,,,,,,
2025-09-25 19:38:00,,,,,187,,,26627,,,26617,,,,,,,9,,,,,,,63.7,,,,,,,,,25976,,,,,,,19.6,,,,,,,187,,,,,,,,,,,,,,,,,,,,,,
2025-09-25 19:40:00,,,,,152,,,26987,,,26977,,,,,,,8,,,,,,,69.7,,,,,,,,,26336,,,,,,,19.5,,,,,,,152,,,,,,,,,,,,,,,,,,,,,,
2025-09-25 19:42:00,,,,,50.1,,,27347,,,27337,,,,,,,2,,,,,,,84.0,,,,,,,,,26693,,,,,,,20.7,,,,,,,50.1,,,,,,,,,,,,,,,,,,,,,,
2025-09-25 19:44:00,,,,,27.3,,,27707,,,27697,,,,,,,1,,,,,,,80.9,,,,,,,,,27049,,,,,,,22.6,,,,,,,27.3,,,,,,,,,,,,,,,,,,,,,,
2025-09-25 19:46:00,,,,,74.2,,,28067,,,28057,,,,,,,3,,,,,,,83.2,,,,,,,,,27377,,,,,,,20.2,,,,,,,74.2,,,,,,,,,,,,,,,,,,,,,,
2025-09-25 19:48:00,,,,,191,,,28427,,,28417,,,,,,,8,,,,,,,63.2,,,,,,,,,27728,,,,,,,19.4,,,,,,,191,,,,,,,,,,,,,,,,,,,,,,
2025-09-25 19:50:00,,,,,75.0,,,28787,,,28777,,,,,,,3,,,,,,,82.9,,,,,,,,,28062,,,,,,,20.3,,,,,,,75.0,,,,,,,,,,,,,,,,,,,,,,
2025-09-25 19:52:00,,,,,86.7,,,29147,,,29137,,,,,,,4,,,,,,,77.4,,,,,,,,,28401,,,,,,,18.3,,,,,,,86.7,,,,,,,,,,,,,,,,,,,,,,
2025-09-25 19:54:00,,,,,152,,,29507,,,29497,,,,,,,7,,,,,,,68.4,,,,,,,,,28758,,,,,,,18.4,,,,,,,152,,,,,,,,,,,,,,,,,,,,,,
2025-09-25 19:56:00,,,,,85.5,,,29867,,,29857,,,,,,,3,,,,,,,86.5,,,,,,,,,29108,,,,,,,29.6,,,,,,,85.5,,,,,,,,,,,,,,,,,,,,,,
2025-09-25 19:58:00,,,,,162,,,30227,,,30217,,,,,,,7,,,,,,,69.6,,,,,,,,,29455,,,,,,,22.4,,,,,,,162,,,,,,,,,,,,,,,,,,,,,,
2025-09-25 20:00:00,,,,,147,,,30587,,,30577,,,,,,,7,,,,,,,75.6,,,,,,,,,29815,,,,,,,19.0,,,,,,,147,,,,,,,,,,,,,,,,,,,,,,
2025-09-25 20:02:00,,,,,131,,,30947,,,30937,,,,,,,7,,,,,,,72.0,,,,,,,,,30175,,,,,,,19.1,,,,,,,131,,,,,,,,,,,,,,,,,,,,,,
2025-09-25 20:04:00,,,,,78.8,,,31307,,,31297,,,,,,,4,,,,,,,80.2,,,,,,,,,30530,,,,,,,18.8,,,,,,,78.8,,,,,,,,,,,,,,,,,,,,,,
2025-09-25 20:06:00,,,,,190,,,31667,,,31657,,,,,,,7,,,,,,,61.6,,,,,,,,,30889,,,,,,,18.9,,,,,,,190,,,,,,,,,,,,,,,,,,,,,,
2025-09-25 20:08:00,,,,,193,,,32027,,,32017,,,,,,,5,,,,,,,65.4,,,,,,,,,31249,,,,,,,19.6,,,,,,,193,,,,,,,,,,,,,,,,,,,,,,
2025-09-25 20:10:00,,,,,98.4,,,32387,,,32377,,,,,,,4,,,,,,,71.3,,,,,,,,,31610,,,,,,,18.4,,,,,,,98.4,,,,,,,,,,,,,,,,,,,,,,
2025-09-25 20:12:00,,,,,30.7,,,32747,,,32737,,,,,,,1,,,,,,,87.4,,,,,,,,,31956,,,,,,,25.3,,,,,,,30.7,,,,,,,,,,,,,,,,,,,,,,
2025-09-25 20:14:00,,,,,56.6,,,33107,,,33097,,,,,,,2,,,,,,,84.6,,,,,,,,,32291,,,,,,,23.8,,,,,,,56.6,,,,,,,,,,,,,,,,,,,,,,
2025-09-25 20:16:00,,,,,22.0,,,33467,,,33457,,,,,,,1,,,,,,,84.9,,,,,,,,,32622,,,,,,,17.4,,,,,,,22.0,,,,,,,,,,,,,,,,,,,,,,
2025-09-25 20:18:00,,,,,165,,,33827,,,33817,,,,,,,7,,,,,,,64.6,,,,,,,,,32964,,,,,,,18.5,,,,,,,165,,,,,,,,,,,,,,,,,,,,,,
2025-09-25 20:20:00,,,,,109,,,34187,,,34177,,,,,,,5,,,,,,,79.0,,,,,,,,,33325,,,,,,,18.4,,,,,,,109,,,,,,,,,,,,,,,,,,,,,,
2025-09-25 20:22:00,,,,,153,,,34547,,,34537,,,,,,,8,,,,,,,77.6,,,,,,,,,33681,,,,,,,19.0,,,,,,,153,,,,,,,,,,,,,,,,,,,,,,
2025-09-25 20:24:00,,,,,177,,,34907,,,34897,,,,,,,8,,,,,,,59.9,,,,,,,,,34041,,,,,,,29.0,,,,,,,177,,,,,,,,,,,,,,,,,,,,,,
2025-09-25 20:26:00,,,,,27.3,,,35267,,,35257,,,,,,,2,,,,,,,80.6,,,,,,,,,34401,,,,,,,23.4,,,,,,,27.3,,,,,,,,,,,,,,,,,,,,,,
2025-09-25 20:28:00,,,,,156,,,35627,,,35617,,,,,,,11,,,,,,,78.2,,,,,,,,,34759,,,,,,,18.9,,,,,,,156,,,,,,,,,,,,,,,,,,,,,,
2025-09-25 20:30:00,,,,,24.2,,,35987,,,35977,,,,,,,1,,,,,,,87.2,,,,,,,,,35119,,,,,,,18.8,,,,,,,24.2,,,,,,,,,,,,,,,,,,,,,,
2025-09-25 20:32:00,,,,,150,,,36347,,,36337,,,,,,,6,,,,,,,73.5,,,,,,,,,35475,,,,,,,18.0,,,,,,,150,,,,,,,,,,,,,,,,,,,,,,
2025-09-25 20:34:00,,,,,30.0,,,36707,,,36697,,,,,,,1,,,,,,,81.3,,,,,,,,,35818,,,,,,,25.6,,,,,,,30.0,,,,,,,,,,,,,,,,,,,,,,
2025-09-25 20:36:00,,,,,141,,,37067,,,37057,,,,,,,5,,,,,,,80.1,,,,,,,,,36143,,,,,,,18.5,,,,,,,141,,,,,,,,,,,,,,,,,,,,,,
2025-09-25 20:38:00,,,,,184,,,37427,,,37417,,,,,,,7,,,,,,,73.9,,,,,,,,,36503,,,,,,,18.5,,,,,,,184,,,,,,,,,,,,,,,,,,,,,,
2025-09-25 20:40:00,,,,,143,,,37787,,,37777,,,,,,,4,,,,,,,77.6,,,,,,,,,36863,,,,,,,18.8,,,,,,,143,,,,,,,,,,,,,,,,,,,,,,
2025-09-25 20:42:00,,,,,117,,,38147,,,38137,,,,,,,8,,,,,,,86.2,,,,,,,,,37217,,,,,,,19.0,,,,,,,117,,,,,,,,,,,,,,,,,,,,,,
2025-09-25 20:44:00,,,,,77.8,,,38507,,,38497,,,,,,,3,,,,,,,81.5,,,,,,,,,37564,,,,,,,20.0,,,,,,,77.8,,,,,,,,,,,,,,,,,,,,,,
2025-09-25 20:46:00,,,,,130,,,38867,,,38857,,,,,,,6,,,,,,,68.4,,,,,,,,,37915,,,,,,,19.0,,,,,,,130,,,,,,,,,,,,,,,,,,,,,,
2025-09-25 20:48:00,,,,,64.6,,,39227,,,39217,,,,,,,3,,,,,,,80.4,,,,,,,,,38275,,,,,,,18.8,,,,,,,64.6,,,,,,,,,,,,,,,,,,,,,,
2025-09-25 20:50:00,,,,,46.6,,,39587,,,39577,,,,,,,2,,,,,,,83.9,,,,,,,,,38634,,,,,,,19.9,,,,,,,46.6,,,,,,,,,,,,,,,,,,,,,,
2025-09-25 20:52:00,,,,,21.5,,,39947,,,39937,,,,,,,1,,,,,,,85.5,,,,,,,,,38968,,,,,,,17.2,,,,,,,21.5,,,,,,,,,,,,,,,,,,,,,,
2025-09-25 20:54:00,,,,,110,,,40307,,,40297,,,,,,,5,,,,,,,71.3,,,,,,,,,39279,,,,,,,18.9,,,,,,,110,,,,,,,,,,,,,,,,,,,,,,
2025-09-25 20:56:00,,,,,171,,,40667,,,40657,,,,,,,8,,,,,,,74.0,,,,,,,,,39639,,,,,,,18.5,,,,,,,171,,,,,,,,,,,,,,,,,,,,,,
2025-09-25 20:58:00,,,,,54.3,,,41027,,,41017,,,,,,,2,,,,,,,83.3,,,,,,,,,39999,,,,,,,23.6,,,,,,,54.3,,,,,,,,,,,,,,,,,,,,,,
2025-09-25 21:00:00,,,,,43.8,,,41387,,,41377,,,,,,,2,,,,,,,82.5,,,,,,,,,40337,,,,,,,20.3,,,,,,,43.8,,,,,,,,,,,,,,,,,,,,,,
2025-09-25 21:02:00,,,,,54.9,,,41747,,,41737,,,,,,,2,,,,,,,76.7,,,,,,,,,40677,,,,,,,22.5,,,,,,,54.9,,,,,,,,,,,,,,,,,,,,,,
2025-09-25 21:04:00,,,,,28.6,,,42107,,,42097,,,,,,,1,,,,,,,82.2,,,,,,,,,41028,,,,,,,23.7,,,,,,,28.6,,,,,,,,,,,,,,,,,,,,,,
2025-09-25 21:06:00,,,,,33.5,,,42467,,,42457,,,,,,,1,,,,,,,83.3,,,,,,,,,41370,,,,,,,26.7,,,,,,,33.5,,,,,,,,,,,,,,,,,,,,,,
2025-09-25 21:08:00,,,,,55.2,,,42827,,,42817,,,,,,,2,,,,,,,84.0,,,,,,,,,41684,,,,,,,23.5,,,,,,,55.2,,,,,,,,,,,,,,,,,,,,,,
2025-09-25 21:10:00,,,,,139,,,43187,,,43177,,,,,,,6,,,,,,,74.8,,,,,,,,,42027,,,,,,,19.0,,,,,,,139,,,,,,,,,,,,,,,,,,,,,,
2025-09-25 21:12:00,,,,,250,,,43547,,,43537,,,,,,,10,,,,,,,59.1,,,,,,,,,42387,,,,,,,18.7,,,,,,,250,,,,,,,,,,,,,,,,,,,,,,
2025-09-25 21:14:00,,,,,193,,,43907,,,43897,,,,,,,9,,,,,,,60.9,,,,,,,,,42747,,,,,,,19.3,,,,,,,193,,,,,,,,,,,,,,,,,,,,,,
2025-09-25 21:16:00,,,,,60.8,,,44267,,,44257,,,,,,,3,,,,,,,84.4,,,,,,,,,43107,,,,,,,17.3,,,,,,,60.8,,,,,,,,,,,,,,,,,,,,,,
2025-09-25 21:18:00,,,,,31.8,,,44627,,,44617,,,,,,,0,,,,,,,81.5,,,,,,,,,43441,,,,,,,25.4,,,,,,,31.8,,,,,,,,,,,,,,,,,,,,,,
2025-09-25 21:20:00,,,,,159,,,44987,,,44977,,,,,,,7,,,,,,,73.4,,,,,,,,,43781,,,,,,,18.2,,,,,,,159,,,,,,,,,,,,,,,,,,,,,,
2025-09-25 21:22:00,,,,,138,,,45347,,,45337,,,,,,,5,,,,,,,80.7,,,,,,,,,44141,,,,,,,21.2,,,,,,,138,,,,,,,,,,,,,,,,,,,,,,
2025-09-25 21:24:00,,,,,144,,,45707,,,45697,,,,,,,6,,,,,,,75.3,,,,,,,,,44501,,,,,,,19.0,,,,,,,144,,,,,,,,,,,,,,,,,,,,,,
2025-09-25 21:26:00,,,,,155,,,46067,,,46057,,,,,,,7,,,,,,,74.2,,,,,,,,,44861,,,,,,,18.9,,,,,,,155,,,,,,,,,,,,,,,,,,,,,,
2025-09-25 21:28:00,,,,,188,,,46427,,,46417,,,,,,,9,,,,,,,61.7,,,,,,,,,45221,,,,,,,18.4,,,,,,,188,,,,,,,,,,,,,,,,,,,,,,
2025-09-25 21:30:00,,,,,63.8,,,46787,,,46777,,,,,,,3,,,,,,,85.6,,,,,,,,,45570,,,,,,,18.8,,,,,,,63.8,,,,,,,,,,,,,,,,,,,,,,
2025-09-25 21:32:00,,,,,127,,,47147,,,47137,,,,,,,5,,,,,,,82.8,,,,,,,,,45924,,,,,,,19.2,,,,,,,127,,,,,,,,,,,,,,,,,,,,,,
2025-09-25 21:34:00,,,,,92.7,,,47507,,,47497,,,,,,,5,,,,,,,80.4,,,,,,,,,46270,,,,,,,20.2,,,,,,,92.7,,,,,,,,,,,,,,,,,,,,,,
2025-09-25 21:36:00,,,,,46.6,,,47867,,,47857,,,,,,,2,,,,,,,86.7,,,,,,,,,46618,,,,,,,18.0,,,,,,,46.6,,,,,,,,,,,,,,,,,,,,,,
2025-09-25 21:38:00,,,,,151,,,48227,,,48217,,,,,,,7,,,,,,,77.9,,,,,,,,,46939,,,,,,,18.6,,,,,,,151,,,,,,,,,,,,,,,,,,,,,,
2025-09-25 21:40:00,,,,,94.8,,,48587,,,48577,,,,,,,5,,,,,,,80.2,,,,,,,,,47298,,,,,,,18.3,,,,,,,94.8,,,,,,,,,,,,,,,,,,,,,,
2025-09-25 21:42:00,,,,,196,,,48947,,,48937,,,,,,,7,,,,,,,61.7,,,,,,,,,47658,,,,,,,18.5,,,,,,,196,,,,,,,,,,,,,,,,,,,,,,
2025-09-25 21:44:00,,,,,150,,,49307,,,49297,,,,,,,7,,,,,,,64.7,,,,,,,,,48018,,,,,,,18.4,,,,,,,150,,,,,,,,,,,,,,,,,,,,,,
2025-09-25 21:46:00,,,,,146,,,49667,,,49657,,,,,,,7,,,,,,,67.4,,,,,,,,,48378,,,,,,,21.4,,,,,,,146,,,,,,,,,,,,,,,,,,,,,,
2025-09-25 21:48:00,,,,,123,,,50027,,,50017,,,,,,,5,,,,,,,75.8,,,,,,,,,48738,,,,,,,18.5,,,,,,,123,,,,,,,,,,,,,,,,,,,,,,
2025-09-25 21:50:00,,,,,31.0,,,50387,,,50377,,,,,,,1,,,,,,,77.5,,,,,,,,,49096,,,,,,,25.7,,,,,,,31.0,,,,,,,,,,,,,,,,,,,,,,
2025-09-25 21:52:00,,,,,26.3,,,50747,,,50737,,,,,,,1,,,,,,,88.0,,,,,,,,,49442,,,,,,,22.6,,,,,,,26.3,,,,,,,,,,,,,,,,,,,,,,
2025-09-25 21:54:00,,,,,55.9,,,51107,,,51097,,,,,,,2,,,,,,,85.2,,,,,,,,,49776,,,,,,,24.5,,,,,,,55.9,,,,,,,,,,,,,,,,,,,,,,
2025-09-25 21:56:00,,,,,52.4,,,51467,,,51457,,,,,,,2,,,,,,,80.4,,,,,,,,,50127,,,,,,,22.2,,,,,,,52.4,,,,,,,,,,,,,,,,,,,,,,
2025-09-25 21:58:00,,,,,52.0,,,51827,,,51817,,,,,,,2,,,,,,,84.2,,,,,,,,,50480,,,,,,,20.8,,,,,,,52.0,,,,,,,,,,,,,,,,,,,,,,
2025-09-25 22:00:00,,,,,55.4,,,52187,,,52177,,,,,,,2,,,,,,,82.6,,,,,,,,,50825,,,,,,,23.0,,,,,,,55.4,,,,,,,,,,,,,,,,,,,,,,
2025-09-25 22:02:00,,,,,76.4,,,52547,,,52537,,,,,,,3,,,,,,,83.8,,,,,,,,,51146,,,,,,,18.8,,,,,,,76.4,,,,,,,,,,,,,,,,,,,,,,
2025-09-25 22:04:00,,,,,22.5,,,52907,,,52897,,,,,,,1,,,,,,,83.2,,,,,,,,,51471,,,,,,,17.5,,,,,,,22.5,,,,,,,,,,,,,,,,,,,,,,
2025-09-25 22:06:00,,,,,70.7,,,53267,,,53257,,,,,,,4,,,,,,,78.4,,,,,,,,,51826,,,,,,,20.9,,,,,,,70.7,,,,,,,,,,,,,,,,,,,,,,
2025-09-25 22:08:00,,,,,192,,,53627,,,53617,,,,,,,7,,,,,,,56.2,,,,,,,,,52186,,,,,,,18.7,,,,,,,192,,,,,,,,,,,,,,,,,,,,,,
2025-09-25 22:10:00,,,,,81.5,,,53987,,,53977,,,,,,,5,,,,,,,78.2,,,,,,,,,52546,,,,,,,21.7,,,,,,,81.5,,,,,,,,,,,,,,,,,,,,,,
2025-09-25 22:12:00,,,,,165,,,54347,,,54337,,,,,,,8,,,,,,,67.4,,,,,,,,,52906,,,,,,,18.6,,,,,,,165,,,,,,,,,,,,,,,,,,,,,,
2025-09-25 22:14:00,,,,,107,,,54707,,,54697,,,,,,,7,,,,,,,72.4,,,,,,,,,53266,,,,,,,19.4,,,,,,,107,,,,,,,,,,,,,,,,,,,,,,
2025-09-25 22:16:00,,,,,169,,,55067,,,55057,,,,,,,7,,,,,,,57.8,,,,,,,,,53626,,,,,,,21.0,,,,,,,169,,,,,,,,,,,,,,,,,,,,,,
2025-09-25 22:18:00,,,,,264,,,55427,,,55417,,,,,,,12,,,,,,,71.8,,,,,,,,,53986,,,,,,,19.6,,,,,,,264,,,,,,,,,,,,,,,,,,,,,,
2025-09-25 22:20:00,,,,,26.8,,,55787,,,55777,,,,,,,0,,,,,,,81.9,,,,,,,,,54337,,,,,,,23.1,,,,,,,26.8,,,,,,,,,,,,,,,,,,,,,,
2025-09-25 22:22:00,,,,,146,,,56147,,,56137,,,,,,,7,,,,,,,75.0,,,,,,,,,54689,,,,,,,20.5,,,,,,,146,,,,,,,,,,,,,,,,,,,,,,
2025-09-25 22:24:00,,,,,68.3,,,56507,,,56497,,,,,,,4,,,,,,,82.9,,,,,,,,,55034,,,,,,,24.4,,,,,,,68.3,,,,,,,,,,,,,,,,,,,,,,
2025-09-25 22:26:00,,,,,41.9,,,56867,,,56857,,,,,,,3,,,,,,,83.9,,,,,,,,,55389,,,,,,,21.1,,,,,,,41.9,,,,,,,,,,,,,,,,,,,,,,
2025-09-25 22:28:00,,,,,160,,,57227,,,57217,,,,,,,8,,,,,,,79.3,,,,,,,,,55743,,,,,,,20.8,,,,,,,160,,,,,,,,,,,,,,,,,,,,,,
2025-09-25 22:30:00,,,,,56.7,,,57587,,,57577,,,,,,,2,,,,,,,81.8,,,,,,,,,56104,,,,,,,24.1,,,,,,,56.7,,,,,,,,,,,,,,,,,,,,,,
2025-09-25 22:32:00,,,,,55.4,,,57947,,,57937,,,,,,,2,,,,,,,85.3,,,,,,,,,56457,,,,,,,22.6,,,,,,,55.4,,,,,,,,,,,,,,,,,,,,,,
2025-09-25 22:34:00,,,,,53.8,,,58307,,,58297,,,,,,,2,,,,,,,79.7,,,,,,,,,56808,,,,,,,24.3,,,,,,,53.8,,,,,,,,,,,,,,,,,,,,,,
2025-09-25 22:36:00,,,,,74.9,,,58667,,,58657,,,,,,,3,,,,,,,79.2,,,,,,,,,57154,,,,,,,20.1,,,,,,,74.9,,,,,,,,,,,,,,,,,,,,,,
2025-09-25 22:38:00,,,,,86.5,,,59027,,,59017,,,,,,,3,,,,,,,79.9,,,,,,,,,57491,,,,,,,28.0,,,,,,,86.5,,,,,,,,,,,,,,,,,,,,,,
2025-09-25 22:40:00,,,,,68.8,,,59387,,,59377,,,,,,,5,,,,,,,87.8,,,,,,,,,57818,,,,,,,18.8,,,,,,,68.8,,,,,,,,,,,,,,,,,,,,,,
2025-09-25 22:42:00,,,,,167,,,59747,,,59737,,,,,,,3,,,,,,,68.7,,,,,,,,,58174,,,,,,,18.6,,,,,,,167,,,,,,,,,,,,,,,,,,,,,,
2025-09-25 22:44:00,,,,,135,,,60107,,,60097,,,,,,,7,,,,,,,80.4,,,,,,,,,58534,,,,,,,19.7,,,,,,,135,,,,,,,,,,,,,,,,,,,,,,
2025-09-25 22:46:00,,,,,108,,,60467,,,60457,,,,,,,6,,,,,,,74.8,,,,,,,,,58871,,,,,,,18.1,,,,,,,108,,,,,,,,,,,,,,,,,,,,,,
2025-09-25 22:48:00,,,,,29.1,,,60827,,,60817,,,,,,,1,,,,,,,84.3,,,,,,,,,59215,,,,,,,24.2,,,,,,,29.1,,,,,,,,,,,,,,,,,,,,,,
2025-09-25 22:50:00,,,,,204,,,61187,,,61177,,,,,,,7,,,,,,,64.7,,,,,,,,,59549,,,,,,,19.6,,,,,,,204,,,,,,,,,,,,,,,,,,,,,,
2025-09-25 22:52:00,,,,,235,,,61547,,,61537,,,,,,,9,,,,,,,65.3,,,,,,,,,59909,,,,,,,18.9,,,,,,,235,,,,,,,,,,,,,,,,,,,,,,
2025-09-25 22:54:00,,,,,144,,,61907,,,61897,,,,,,,8,,,,,,,74.9,,,,,,,,,60263,,,,,,,19.3,,,,,,,144,,,,,,,,,,,,,,,,,,,,,,
2025-09-25 22:56:00,,,,,124,,,62267,,,62257,,,,,,,6,,,,,,,78.9,,,,,,,,,60591,,,,,,,26.0,,,,,,,124,,,,,,,,,,,,,,,,,,,,,,
2025-09-25 22:58:00,,,,,31.6,,,62627,,,62617,,,,,,,1,,,,,,,83.1,,,,,,,,,60926,,,,,,,24.6,,,,,,,31.6,,,,,,,,,,,,,,,,,,,,,,
2025-09-25 23:00:00,,,,,191,,,62987,,,62977,,,,,,,8,,,,,,,62.4,,,,,,,,,61274,,,,,,,18.9,,,,,,,191,,,,,,,,,,,,,,,,,,,,,,
2025-09-25 23:02:00,,,,,30.5,,,63347,,,63337,,,,,,,1,,,,,,,84.8,,,,,,,,,61601,,,,,,,25.9,,,,,,,30.5,,,,,,,,,,,,,,,,,,,,,,
2025-09-25 23:04:00,,,,,32.3,,,63707,,,63697,,,,,,,1,,,,,,,83.2,,,,,,,,,61934,,,,,,,25.9,,,,,,,32.3,,,,,,,,,,,,,,,,,,,,,,
2025-09-25 23:06:00,,,,,86.0,,,64067,,,64057,,,,,,,3,,,,,,,82.0,,,,,,,,,62274,,,,,,,25.5,,,,,,,86.0,,,,,,,,,,,,,,,,,,,,,,
2025-09-25 23:08:00,,,,,22.7,,,64427,,,64417,,,,,,,1,,,,,,,80.3,,,,,,,,,62613,,,,,,,17.9,,,,,,,22.7,,,,,,,,,,,,,,,,,,,,,,
2025-09-25 23:10:00,,,,,92.2,,,64787,,,64777,,,,,,,4,,,,,,,74.6,,,,,,,,,62967,,,,,,,18.6,,,,,,,92.2,,,,,,,,,,,,,,,,,,,,,,
2025-09-25 23:12:00,,,,,30.4,,,65147,,,65137,,,,,,,1,,,,,,,85.4,,,,,,,,,63322,,,,,,,25.6,,,,,,,30.4,,,,,,,,,,,,,,,,,,,,,,
2025-09-25 23:14:00,,,,,62.4,,,65507,,,65497,,,,,,,3,,,,,,,79.1,,,,,,,,,63661,,,,,,,18.3,,,,,,,62.4,,,,,,,,,,,,,,,,,,,,,,
2025-09-25 23:16:00,,,,,56.8,,,65867,,,65857,,,,,,,2,,,,,,,84.5,,,,,,,,,64010,,,,,,,24.5,,,,,,,56.8,,,,,,,,,,,,,,,,,,,,,,
2025-09-25 23:18:00,,,,,175,,,66227,,,66217,,,,,,,5,,,,,,,67.1,,,,,,,,,64359,,,,,,,21.8,,,,,,,175,,,,,,,,,,,,,,,,,,,,,,
2025-09-25 23:20:00,,,,,153,,,66587,,,66577,,,,,,,6,,,,,,,71.1,,,,,,,,,64715,,,,,,,18.8,,,,,,,153,,,,,,,,,,,,,,,,,,,,,,
2025-09-25 23:22:00,,,,,130,,,66947,,,66937,,,,,,,8,,,,,,,85.3,,,,,,,,,65075,,,,,,,18.5,,,,,,,130,,,,,,,,,,,,,,,,,,,,,,
2025-09-25 23:24:00,,,,,119,,,67307,,,67297,,,,,,,6,,,,,,,85.4,,,,,,,,,65435,,,,,,,22.4,,,,,,,119,,,,,,,,,,,,,,,,,,,,,,
2025-09-25 23:26:00,,,,,130,,,67667,,,67657,,,,,,,8,,,,,,,82.0,,,,,,,,,65790,,,,,,,18.2,,,,,,,130,,,,,,,,,,,,,,,,,,,,,,
2025-09-25 23:28:00,,,,,111,,,68027,,,68017,,,,,,,6,,,,,,,78.9,,,,,,,,,66145,,,,,,,21.1,,,,,,,111,,,,,,,,,,,,,,,,,,,,,,
2025-09-25 23:30:00,,,,,82.8,,,68387,,,68377,,,,,,,4,,,,,,,85.2,,,,,,,,,66506,,,,,,,19.3,,,,,,,82.8,,,,,,,,,,,,,,,,,,,,,,
2025-09-25 23:32:00,,,,,127,,,68747,,,68737,,,,,,,5,,,,,,,78.6,,,,,,,,,66863,,,,,,,25.0,,,,,,,127,,,,,,,,,,,,,,,,,,,,,,
2025-09-25 23:34:00,,,,,30.4,,,69107,,,69097,,,,,,,1,,,,,,,82.4,,,,,,,,,67222,,,,,,,25.7,,,,,,,30.4,,,,,,,,,,,,,,,,,,,,,,
2025-09-25 23:36:00,,,,,69.9,,,69467,,,69457,,,,,,,3,,,,,,,84.3,,,,,,,,,67575,,,,,,,20.8,,,,,,,69.9,,,,,,,,,,,,,,,,,,,,,,
2025-09-25 23:38:00,,,,,150,,,69827,,,69817,,,,,,,4,,,,,,,80.2,,,,,,,,,67932,,,,,,,26.8,,,,,,,150,,,,,,,,,,,,,,,,,,,,,,
2025-09-25 23:40:00,,,,,48.7,,,70187,,,70177,,,,,,,2,,,,,,,83.1,,,,,,,,,68292,,,,,,,19.0,,,,,,,48.7,,,,,,,,,,,,,,,,,,,,,,
2025-09-25 23:42:00,,,,,103,,,70547,,,70537,,,,,,,4,,,,,,,83.5,,,,,,,,,68643,,,,,,,17.8,,,,,,,103,,,,,,,,,,,,,,,,,,,,,,
2025-09-25 23:44:00,,,,,26.4,,,70907,,,70897,,,,,,,0,,,,,,,79.7,,,,,,,,,68980,,,,,,,21.0,,,,,,,26.4,,,,,,,,,,,,,,,,,,,,,,
2025-09-25 23:46:00,,,,,171,,,71267,,,71257,,,,,,,9,,,,,,,71.0,,,,,,,,,69325,,,,,,,19.0,,,,,,,171,,,,,,,,,,,,,,,,,,,,,,
2025-09-25 23:48:00,,,,,55.2,,,71627,,,71617,,,,,,,2,,,,,,,81.3,,,,,,,,,69678,,,,,,,23.2,,,,,,,55.2,,,,,,,,,,,,,,,,,,,,,,
2025-09-25 23:50:00,,,,,156,,,71987,,,71977,,,,,,,8,,,,,,,68.6,,,,,,,,,70028,,,,,,,18.8,,,,,,,156,,,,,,,,,,,,,,,,,,,,,,
2025-09-25 23:52:00,,,,,94.1,,,72347,,,72337,,,,,,,4,,,,,,,81.0,,,,,,,,,70388,,,,,,,18.5,,,,,,,94.1,,,,,,,,,,,,,,,,,,,,,,
2025-09-25 23:54:00,,,,,90.2,,,72707,,,72697,,,,,,,5,,,,,,,75.5,,,,,,,,,70747,,,,,,,21.6,,,,,,,90.2,,,,,,,,,,,,,,,,,,,,,,
2025-09-25 23:56:00,,,,,158,,,73067,,,73057,,,,,,,7,,,,,,,71.2,,,,,,,,,71107,,,,,,,19.0,,,,,,,158,,,,,,,,,,,,,,,,,,,,,,
2025-09-25 23:58:00,,,,,53.9,,,73427,,,73417,,,,,,,2,,,,,,,81.4,,,,,,,,,71459,,,,,,,25.6,,,,,,,53.9,,,,,,,,,,,,,,,,,,,,,,
2025-09-26 00:00:00,,,,,29.1,,,73787,,,73777,,,,,,,1,,,,,,,82.0,,,,,,,,,71799,,,,,,,24.0,,,,,,,29.1,,,,,,,,,,,,,,,,,,,,,,
2025-09-26 00:02:00,,,,,127,,,74147,,,74137,,,,,,,8,,,,,,,81.5,,,,,,,,,72152,,,,,,,22.0,,,,,,,127,,,0.00271,0.387,0.00271,0.444,0.00356,0.426,0.00305,0.400,0.00305,0.453,0.00237,0.357,0.00237,0.408,0.00186,0.412,4113,14533,3767,9897
2025-09-26 00:04:00,,,,,72.6,,,74507,,,74497,,,,,,,3,,,,,,,83.7,,,,,,,,,72512,,,,,,,19.1,,,,,,,72.6,,,0.00305,0.422,0.00288,0.406,0.00390,0.416,0.00407,0.409,0.00203,0.407,0.00220,0.413,0.00356,0.444,0.00186,0.383,6167,16531,5649,10880
2025-09-26 00:06:00,,,,,179,,,74867,,,74857,,,,,,,9,,,,,,,62.8,,,,,,,,,72871,,,,,,,18.9,,,,,,,179,,,0.00475,0.458,0.00288,0.409,0.00271,0.406,0.00339,0.483,0.00305,0.434,0.00407,0.431,0.00271,0.475,0.00153,0.395,2055,13021,1883,8569
2025-09-26 00:08:00,,,,,133,,,75227,,,75217,,,,,,,6,,,,,,,79.2,,,,,,,,,73230,,,,,,,23.0,,,,,,,133,,,0.00322,0.403,0.00373,0.441,0.00339,0.431,0.00153,0.401,0.00305,0.456,0.00254,0.364,0.00237,0.416,0.00220,0.412,3083,14523,2824,9557
2025-09-26 00:10:00,,,,,105,,,75587,,,75577,,,,,,,5,,,,,,,71.9,,,,,,,,,73587,,,,,,,18.9,,,,,,,105,,,0.00254,0.301,0.00322,0.310,0.00220,0.294,0.00390,0.313,0.00305,0.307,0.00237,0.293,0.00390,0.286,0.00136,0.305,2569,15026,1882,9888
2025-09-26 00:12:00,,,,,152,,,75947,,,75937,,,,,,,4,,,,,,,65.2,,,,,,,,,73930,,,,,,,24.0,,,,,,,152,,,0.00322,0.322,0.00203,0.365,0.00373,0.370,0.00153,0.321,0.00254,0.338,0.00271,0.342,0.00424,0.361,0.00169,0.322,2055,13022,1882,8569
2025-09-26 00:14:00,,,,,152,,,76307,,,76297,,,,,,,6,,,,,,,67.5,,,,,,,,,74290,,,,,,,22.6,,,,,,,152,,,0.00339,0.390,0.00322,0.499,0.00339,0.468,0.00153,0.400,0.00373,0.461,0.00153,0.413,0.00356,0.476,0.00271,0.407,2568,14022,2352,9227
2025-09-26 00:16:00,,,,,190,,,76667,,,76657,,,,,,,5,,,,,,,68.0,,,,,,,,,74650,,,,,,,18.6,,,,,,,190,,,0.00441,0.391,0.00339,0.382,0.00203,0.394,0.00220,0.391,0.00339,0.377,0.00407,0.402,0.00322,0.421,0.00153,0.353,2055,14524,1411,9557
2025-09-26 00:18:00,,,,,71.2,,,77027,,,77017,,,,,,,3,,,,,,,71.9,,,,,,,,,75010,,,,,,,19.0,,,,,,,71.2,,,0.00305,0.387,0.00271,0.414,0.00390,0.416,0.00169,0.395,0.00407,0.423,0.00475,0.373,0.00186,0.421,0.00220,0.391,2568,13020,2352,8567
2025-09-26 00:20:00,,,,,31.8,,,77387,,,77377,,,,,,,0,,,,,,,76.1,,,,,,,,,75364,,,,,,,24.3,,,,,,,31.8,,,0.00441,0.394,0.00136,0.373,0.00322,0.398,0.00102,0.366,0.00407,0.395,0.00305,0.385,0.00220,0.403,0.00390,0.369,1541,15524,1411,10215
2025-09-26 00:22:00,,,,,32.5,,,77747,,,77737,,,,,,,0,,,,,,,77.5,,,,,,,,,75682,,,,,,,26.4,,,,,,,32.5,,,0.00203,0.291,0.00322,0.298,0.00271,0.275,0.00322,0.291,0.00322,0.287,0.00339,0.284,0.00322,0.289,0.00305,0.284,514,13523,470,8898
2025-09-26 00:24:00,,,,,87.9,,,78107,,,78097,,,,,,,4,,,,,,,77.9,,,,,,,,,76034,,,,,,,18.3,,,,,,,87.9,,,0.00305,0.324,0.00203,0.316,0.00305,0.325,0.00119,0.315,0.00525,0.313,0.00186,0.341,0.00288,0.336,0.00271,0.301,2567,13021,2351,8568
2025-09-26 00:26:00,,,,,68.9,,,78467,,,78457,,,,,,,3,,,,,,,77.0,,,,,,,,,76370,,,,,,,18.3,,,,,,,68.9,,,0.00339,0.318,0.00237,0.332,0.00220,0.322,0.00288,0.342,0.00356,0.331,0.00169,0.326,0.00390,0.350,0.00356,0.313,1027,16527,940,10874
2025-09-26 00:28:00,,,,,144,,,78827,,,78817,,,,,,,6,,,,,,,78.6,,,,,,,,,76727,,,,,,,19.2,,,,,,,144,,,0.00254,0.458,0.00271,0.420,0.00441,0.465,0.00220,0.422,0.00254,0.427,0.00237,0.473,0.00424,0.478,0.00237,0.408,1027,15526,940,10216
2025-09-26 00:30:00,,,,,134,,,79187,,,79177,,,,,,,7,,,,,,,72.0,,,,,,,,,77087,,,,,,,19.0,,,,,,,134,,,0.00373,0.406,0.00288,0.453,0.00339,0.441,0.00271,0.417,0.00339,0.442,0.00153,0.412,0.00339,0.452,0.00356,0.394,2567,14523,2351,9555
2025-09-26 00:32:00,,,,,32.2,,,79547,,,79537,,,,,,,1,,,,,,,70.5,,,,,,,,,77430,,,,,,,25.4,,,,,,,32.2,,,0.00424,0.295,0.00339,0.278,0.00356,0.278,0.00169,0.282,0.00305,0.275,0.00254,0.295,0.00390,0.286,0.00271,0.284,1540,14523,1410,9884
2025-09-26 00:34:00,,,,,24.4,,,79907,,,79897,,,,,,,1,,,,,,,79.1,,,,,,,,,77755,,,,,,,17.6,,,,,,,24.4,,,0.00424,0.282,0.00254,0.282,0.00373,0.284,0.00153,0.277,0.00407,0.265,0.00271,0.278,0.00271,0.277,0.00186,0.276,513,16030,470,10547
2025-09-26 00:36:00,,,,,153,,,80267,,,80257,,,,,,,8,,,,,,,76.8,,,,,,,,,78112,,,,,,,21.9,,,,,,,153,,,0.00271,0.326,0.00322,0.387,0.00322,0.357,0.00288,0.364,0.00220,0.371,0.00169,0.365,0.00322,0.369,0.00254,0.350,1540,16028,940,10546
2025-09-26 00:38:00,,,,,180,,,80627,,,80617,,,,,,,7,,,,,,,70.1,,,,,,,,,78472,,,,,,,18.9,,,,,,,180,,,0.00458,0.446,0.00220,0.445,0.00475,0.426,0.00153,0.454,0.00322,0.431,0.00136,0.437,0.00390,0.491,0.00458,0.373,513,16526,470,10872
2025-09-26 00:40:00,,,,,123,,,80987,,,80977,,,,,,,5,,,,,,,75.4,,,,,,,,,78832,,,,,,,21.7,,,,,,,123,,,0.00237,0.418,0.00288,0.403,0.00373,0.412,0.00254,0.400,0.00576,0.437,0.000678,0.402,0.00322,0.399,0.00305,0.405,1027,14023,940,9226
2025-09-26 00:42:00,,,,,23.5,,,81347,,,81337,,,,,,,1,,,,,,,80.4,,,,,,,,,79189,,,,,,,16.7,,,,,,,23.5,,,0.00254,0.307,0.00254,0.316,0.00339,0.306,0.00288,0.322,0.00203,0.321,0.00339,0.333,0.00254,0.321,0.00203,0.303,2053,13024,1880,8569
2025-09-26 00:44:00,,,,,118,,,81707,,,81697,,,,,,,8,,,,,,,80.3,,,,,,,,,79541,,,,,,,17.9,,,,,,,118,,,0.00305,0.396,0.00356,0.459,0.00271,0.436,0.00390,0.399,0.00390,0.420,0.00271,0.435,0.00271,0.444,0.00237,0.400,1540,17026,1410,11200
2025-09-26 00:46:00,,,,,140,,,82067,,,82057,,,,,,,6,,,,,,,80.8,,,,,,,,,79899,,,,,,,19.4,,,,,,,140,,,0.00339,0.385,0.00322,0.360,0.00288,0.354,0.00169,0.394,0.00373,0.405,0.00136,0.362,0.00254,0.398,0.00288,0.379,513,14026,470,9228
2025-09-26 00:48:00,,,,,21.6,,,82427,,,82417,,,,,,,1,,,,,,,82.5,,,,,,,,,80216,,,,,,,16.8,,,,,,,21.6,,,0.00288,0.294,0.00458,0.337,0.00339,0.311,0.00220,0.312,0.00373,0.326,0.00186,0.317,0.00271,0.332,0.00237,0.311,513,15029,470,9888
2025-09-26 00:50:00,,,,,76.8,,,82787,,,82777,,,,,,,4,,,,,,,76.9,,,,,,,,,80536,,,,,,,22.4,,,,,,,76.8,,,0.00288,0.264,0.00220,0.293,0.00373,0.287,0.00407,0.285,0.00441,0.278,0.00136,0.280,0.00356,0.295,0.00203,0.271,3079,14027,2350,9229
2025-09-26 00:52:00,,,,,171,,,83147,,,83137,,,,,,,9,,,,,,,67.4,,,,,,,,,80868,,,,,,,18.2,,,,,,,171,,,0.00305,0.374,0.00203,0.364,0.00339,0.357,0.00237,0.361,0.00407,0.374,0.00169,0.381,0.00322,0.403,0.00339,0.308,1540,16029,1410,10545
2025-09-26 00:54:00,,,,,99.6,,,83507,,,83497,,,,,,,7,,,,,,,83.8,,,,,,,,,81227,,,,,,,18.5,,,,,,,99.6,,,0.00373,0.361,0.00220,0.395,0.00305,0.382,0.00186,0.363,0.00271,0.362,0.00407,0.396,0.00322,0.385,0.00220,0.362,2566,15026,2350,9885
2025-09-26 00:56:00,,,,,85.2,,,83867,,,83857,,,,,,,3,,,,,,,81.9,,,,,,,,,81583,,,,,,,18.7,,,,,,,85.2,,,0.00288,0.312,0.00186,0.293,0.00475,0.277,0.00305,0.325,0.00407,0.299,0.00203,0.301,0.00288,0.309,0.00169,0.292,2052,12023,1879,7910
2025-09-26 00:58:00,,,,,147,,,84227,,,84217,,,,,,,8,,,,,,,76.2,,,,,,,,,81939,,,,,,,19.1,,,,,,,147,,,0.00169,0.407,0.00271,0.431,0.00339,0.417,0.00254,0.409,0.00559,0.435,0.00169,0.374,0.00271,0.446,0.00254,0.358,3592,12524,3289,8239
2025-09-26 01:00:00,,,,,64.8,,,84587,,,84577,,,,,,,3,,,,,,,75.5,,,,,,,,,82299,,,,,,,22.4,,,,,,,64.8,,,0.00458,0.361,0.00220,0.383,0.00441,0.387,0.00305,0.343,0.00475,0.379,0.00153,0.376,0.00254,0.375,0.00254,0.388,2052,14527,1879,9556
2025-09-26 01:02:00,,,,,140,,,84947,,,84937,,,,,,,6,,,,,,,76.0,,,,,,,,,82658,,,,,,,18.4,,,,,,,140,,,0.00373,0.424,0.00305,0.443,0.00441,0.442,0.00288,0.398,0.00373,0.453,0.00153,0.405,0.00322,0.439,0.00237,0.396,2052,15028,1879,9886
2025-09-26 01:04:00,,,,,160,,,85307,,,85297,,,,,,,10,,,,,,,73.9,,,,,,,,,83017,,,,,,,24.6,,,,,,,160,,,0.00305,0.457,0.00254,0.412,0.00254,0.449,0.00271,0.407,0.00339,0.432,0.00203,0.438,0.00373,0.453,0.00153,0.407,2565,16529,1409,10872
2025-09-26 01:06:00,,,,,176,,,85667,,,85657,,,,,,,7,,,,,,,65.4,,,,,,,,,83377,,,,,,,18.5,,,,,,,176,,,0.00254,0.421,0.00339,0.459,0.00475,0.429,0.00237,0.439,0.00356,0.428,0.00203,0.449,0.00254,0.501,0.00169,0.352,1539,16028,1410,10542
2025-09-26 01:08:00,,,,,132,,,86027,,,86017,,,,,,,5,,,,,,,80.1,,,,,,,,,83737,,,,,,,17.8,,,,,,,132,,,0.00203,0.398,0.00220,0.437,0.00475,0.424,0.00356,0.388,0.00373,0.452,0.00153,0.359,0.00237,0.436,0.00271,0.400,0.000728,18029,0,11858
2025-09-26 01:10:00,,,,,58.4,,,86387,,,86377,,,,,,,3,,,,,,,77.2,,,,,,,,,84096,,,,,,,16.3,,,,,,,58.4,,,0.00254,0.291,0.00169,0.294,0.00458,0.298,0.00153,0.292,0.00390,0.303,0.00288,0.294,0.00271,0.318,0.00356,0.274,1026,13525,940,8896
2025-09-26 01:12:00,,,,,88.7,,,86747,,,86737,,,,,,,4,,,,,,,76.8,,,,,,,,,84443,,,,,,,18.4,,,,,,,88.7,,,0.00424,0.326,0.00271,0.375,0.00322,0.356,0.00169,0.348,0.00373,0.344,0.00237,0.366,0.00271,0.373,0.00356,0.317,2052,14025,1879,8898
2025-09-26 01:14:00,,,,,84.9,,,87107,,,87097,,,,,,,3,,,,,,,80.9,,,,,,,,,84790,,,,,,,26.3,,,,,,,84.9,,,0.00441,0.320,0.00271,0.325,0.00458,0.335,0.00254,0.302,0.00441,0.300,0.00153,0.340,0.00339,0.354,0.00186,0.279,1539,18533,1410,12194
2025-09-26 01:16:00,,,,,81.4,,,87467,,,87457,,,,,,,3,,,,,,,76.3,,,,,,,,,85142,,,,,,,21.6,,,,,,,81.4,,,0.00237,0.346,0.00169,0.391,0.00559,0.389,0.00322,0.356,0.00475,0.380,0.00271,0.364,0.00169,0.376,0.00288,0.352,3079,14524,2819,9556
2025-09-26 01:18:00,,,,,49.0,,,87827,,,87817,,,,,,,2,,,,,,,82.5,,,,,,,,,85502,,,,,,,20.6,,,,,,,49.0,,,0.00237,0.444,0.00220,0.416,0.00492,0.449,0.00288,0.404,0.00339,0.419,0.00220,0.440,0.00390,0.453,0.00254,0.394,1540,16027,940,10544
2025-09-26 01:20:00,,,,,43.3,,,88187,,,88177,,,,,,,2,,,,,,,80.9,,,,,,,,,85858,,,,,,,19.9,,,,,,,43.3,,,0.00424,0.371,0.00475,0.398,0.00305,0.392,0.00288,0.385,0.00271,0.395,0.00305,0.385,0.00407,0.416,0.00271,0.352,2053,14024,1880,9557
2025-09-26 01:22:00,,,,,120,,,88547,,,88537,,,,,,,5,,,,,,,80.9,,,,,,,,,86210,,,,,,,18.4,,,,,,,120,,,0.00492,0.331,0.00220,0.365,0.00220,0.356,0.00288,0.319,0.00424,0.332,0.00339,0.345,0.00339,0.357,0.00119,0.300,2053,14025,1880,9228
2025-09-26 01:24:00,,,,,105,,,88907,,,88897,,,,,,,5,,,,,,,77.7,,,,,,,,,86562,,,,,,,18.9,,,,,,,105,,,0.00424,0.307,0.00271,0.307,0.00593,0.302,0.00271,0.317,0.00441,0.314,0.00153,0.315,0.00322,0.315,0.00186,0.287,4619,13524,4229,8898
2025-09-26 01:26:00,,,,,95.2,,,89267,,,89257,,,,,,,3,,,,,,,81.7,,,,,,,,,86918,,,,,,,24.1,,,,,,,95.2,,,0.00339,0.364,0.00186,0.399,0.00441,0.387,0.00271,0.354,0.00271,0.396,0.00186,0.351,0.00339,0.381,0.00288,0.354,1539,15527,1410,10215
2025-09-26 01:28:00,,,,,189,,,89627,,,89617,,,,,,,8,,,,,,,66.9,,,,,,,,,87277,,,,,,,19.0,,,,,,,189,,,0.00508,0.406,0.00220,0.434,0.00441,0.428,0.00254,0.413,0.00458,0.410,0.00186,0.444,0.00237,0.442,0.00153,0.379,3592,13024,3289,8568
2025-09-26 01:30:00,,,,,46.5,,,89987,,,89977,,,,,,,2,,,,,,,82.4,,,,,,,,,87633,,,,,,,21.3,,,,,,,46.5,,,0.00373,0.307,0.00102,0.317,0.00220,0.325,0.00288,0.302,0.00576,0.310,0.00254,0.303,0.00492,0.326,0.00322,0.297,8723,13523,7988,8896
2025-09-26 01:32:00,,,,,93.4,,,90347,,,90337,,,,,,,5,,,,,,,77.9,,,,,,,,,87990,,,,,,,16.4,,,,,,,93.4,,,0.00305,0.368,0.00271,0.366,0.00475,0.386,0.00271,0.356,0.00339,0.378,0.00271,0.381,0.00271,0.391,0.00356,0.361,5130,13523,4698,8896
2025-09-26 01:34:00,,,,,26.0,,,90707,,,90697,,,,,,,1,,,,,,,83.7,,,,,,,,,88344,,,,,,,21.3,,,,,,,26.0,,,0.00390,0.347,0.00237,0.344,0.00254,0.348,0.00237,0.353,0.00356,0.341,0.00390,0.352,0.00508,0.351,0.00305,0.344,4105,14525,3759,9555
2025-09-26 01:36:00,,,,,74.6,,,91067,,,91057,,,,,,,2,,,,,,,84.8,,,,,,,,,88693,,,,,,,25.8,,,,,,,74.6,,,0.00390,0.330,0.00271,0.334,0.00492,0.332,0.00254,0.358,0.00424,0.324,0.00186,0.331,0.00390,0.337,0.00339,0.325,4617,15528,4228,10214
2025-09-26 01:38:00,,,,,95.2,,,91427,,,91417,,,,,,,5,,,,,,,82.9,,,,,,,,,89053,,,,,,,25.6,,,,,,,95.2,,,0.00610,0.351,0.00186,0.371,0.00356,0.363,0.00169,0.353,0.00356,0.368,0.00220,0.357,0.00356,0.380,0.00288,0.338,6157,14526,5638,9555
2025-09-26 01:40:00,,,,,49.9,,,91787,,,91777,,,,,,,2,,,,,,,82.6,,,,,,,,,89410,,,,,,,18.7,,,,,,,49.9,,,0.00305,0.336,0.00288,0.341,0.00559,0.336,0.00271,0.339,0.00593,0.350,0.00254,0.310,0.00390,0.344,0.00169,0.330,6670,15528,6107,10215
2025-09-26 01:42:00,,,,,129,,,92147,,,92137,,,,,,,6,,,,,,,81.9,,,,,,,,,89765,,,,,,,17.8,,,,,,,129,,,0.00356,0.379,0.00322,0.366,0.00525,0.379,0.00237,0.360,0.00441,0.392,0.00220,0.338,0.00492,0.365,0.00220,0.374,4105,15026,3759,9884
2025-09-26 01:44:00,,,,,48.3,,,92507,,,92497,,,,,,,2,,,,,,,81.6,,,,,,,,,90107,,,,,,,20.1,,,,,,,48.3,,,0.00356,0.313,0.00322,0.309,0.00508,0.315,0.00305,0.314,0.00492,0.313,0.00203,0.307,0.00356,0.328,0.00169,0.292,6159,16530,5169,10873
2025-09-26 01:46:00,,,,,194,,,92867,,,92857,,,,,,,10,,,,,,,74.3,,,,,,,,,90445,,,,,,,18.7,,,,,,,194,,,0.00390,0.363,0.00254,0.343,0.00424,0.384,0.00254,0.338,0.00390,0.348,0.00288,0.372,0.00441,0.350,0.00322,0.359,5645,15527,4699,10213
2025-09-26 01:48:00,,,,,96.3,,,93227,,,93217,,,,,,,5,,,,,,,83.2,,,,,,,,,90805,,,,,,,18.7,,,,,,,96.3,,,0.00407,0.355,0.00373,0.348,0.00424,0.335,0.00102,0.361,0.00339,0.336,0.00305,0.384,0.00424,0.344,0.00305,0.343,3079,15527,2819,10212
2025-09-26 01:50:00,,,,,126,,,93587,,,93577,,,,,,,6,,,,,,,81.8,,,,,,,,,91161,,,,,,,18.8,,,,,,,126,,,0.00475,0.348,0.00254,0.416,0.00407,0.407,0.00339,0.370,0.00271,0.378,0.00322,0.389,0.00254,0.399,0.00339,0.372,2052,16027,1879,10541
2025-09-26 01:52:00,,,,,31.2,,,93947,,,93937,,,,,,,0,,,,,,,84.2,,,,,,,,,91505,,,,,,,24.8,,,,,,,31.2,,,0.00559,0.309,0.00305,0.341,0.00458,0.315,0.00237,0.325,0.00153,0.295,0.00220,0.321,0.00441,0.337,0.00322,0.303,2052,14525,1879,9553
2025-09-26 01:54:00,,,,,67.1,,,94307,,,94297,,,,,,,4,,,,,,,83.4,,,,,,,,,91837,,,,,,,24.2,,,,,,,67.1,,,0.00458,0.347,0.00220,0.369,0.00390,0.338,0.00169,0.380,0.00390,0.357,0.00237,0.366,0.00271,0.395,0.00186,0.329,2052,16028,1879,10542
2025-09-26 01:56:00,,,,,157,,,94667,,,94657,,,,,,,7,,,,,,,64.7,,,,,,,,,92190,,,,,,,19.5,,,,,,,157,,,0.00458,0.352,0.00254,0.397,0.00373,0.363,0.00203,0.391,0.00407,0.399,0.00169,0.357,0.00424,0.388,0.00271,0.364,5645,16024,5168,10538
2025-09-26 01:58:00,,,,,214,,,95027,,,95017,,,,,,,10,,,,,,,60.2,,,,,,,,,92550,,,,,,,22.5,,,,,,,214,,,0.00492,0.416,0.00288,0.455,0.00390,0.444,0.00254,0.434,0.00407,0.449,0.00203,0.419,0.00203,0.448,0.00339,0.428,3078,14022,2819,9221
2025-09-26 02:00:00,,,,,56.4,,,95387,,,95377,,,,,,,2,,,,,,,82.8,,,,,,,,,92892,,,,,,,22.3,,,,,,,56.4,,,0.00203,0.302,0.00254,0.299,0.00424,0.307,0.00390,0.293,0.00424,0.303,0.00169,0.303,0.00254,0.315,0.00322,0.291,1539,14525,939,9552
2025-09-26 02:02:00,,,,,153,,,95747,,,95737,,,,,,,7,,,,,,,61.0,,,,,,,,,93246,,,,,,,18.8,,,,,,,153,,,0.00356,0.403,0.00220,0.460,0.00475,0.453,0.00356,0.411,0.00339,0.416,0.00186,0.437,0.00458,0.432,0.00220,0.419,2052,15025,1879,9880
2025-09-26 02:04:00,,,,,85.8,,,96107,,,96097,,,,,,,4,,,,,,,83.0,,,,,,,,,93596,,,,,,,18.2,,,,,,,85.8,,,0.00322,0.413,0.00186,0.326,0.00254,0.378,0.00288,0.375,0.00390,0.335,0.00237,0.418,0.00424,0.408,0.00288,0.349,2052,16027,1879,10539
2025-09-26 02:06:00,,,,,193,,,96467,,,96457,,,,,,,8,,,,,,,69.2,,,,,,,,,93955,,,,,,,18.6,,,,,,,193,,,0.00339,0.395,0.00153,0.438,0.00559,0.395,0.00322,0.438,0.00220,0.414,0.00305,0.404,0.00322,0.454,0.00271,0.366,2566,13022,2349,8563
2025-09-26 02:08:00,,,,,161,,,96827,,,96817,,,,,,,11,,,,,,,76.3,,,,,,,,,94315,,,,,,,18.6,,,,,,,161,,,0.00305,0.433,0.00220,0.424,0.00356,0.429,0.00169,0.424,0.00254,0.417,0.00203,0.439,0.00424,0.492,0.00169,0.369,1539,15525,1409,10209
2025-09-26 02:10:00,,,,,65.0,,,97187,,,97177,,,,,,,3,,,,,,,78.8,,,,,,,,,94676,,,,,,,18.4,,,,,,,65.0,,,0.00441,0.360,0.00203,0.341,0.00492,0.338,0.00237,0.376,0.00373,0.366,0.00153,0.366,0.00356,0.366,0.00305,0.356,3591,15525,3288,10209
2025-09-26 02:12:00,,,,,42.5,,,97547,,,97537,,,,,,,2,,,,,,,82.5,,,,,,,,,95033,,,,,,,17.7,,,,,,,42.5,,,0.00339,0.354,0.00186,0.356,0.00390,0.339,0.00407,0.364,0.00322,0.352,0.00237,0.357,0.00407,0.395,0.00339,0.307,3078,12522,2818,8234
2025-09-26 02:14:00,,,,,146,,,97907,,,97897,,,,,,,5,,,,,,,87.0,,,,,,,,,95384,,,,,,,20.6,,,,,,,146,,,0.00271,0.347,0.00153,0.348,0.00373,0.318,0.00203,0.351,0.00288,0.369,0.00237,0.327,0.00441,0.351,0.00322,0.339,2565,15028,2348,9882
2025-09-26 02:16:00,,,,,54.9,,,98267,,,98257,,,,,,,2,,,,,,,83.4,,,,,,,,,95737,,,,,,,23.3,,,,,,,54.9,,,0.00373,0.320,0.00356,0.321,0.00441,0.323,0.00271,0.327,0.00305,0.333,0.00203,0.334,0.00407,0.333,0.00220,0.314,1539,16529,1409,10869
2025-09-26 02:18:00,,,,,43.2,,,98627,,,98617,,,,,,,2,,,,,,,81.5,,,,,,,,,96079,,,,,,,20.2,,,,,,,43.2,,,0.00339,0.307,0.00508,0.319,0.00441,0.317,0.00237,0.320,0.00356,0.328,0.00169,0.302,0.00203,0.321,0.00237,0.329,3078,14527,2348,9552
2025-09-26 02:20:00,,,,,22.8,,,98987,,,98977,,,,,,,1,,,,,,,80.1,,,,,,,,,96425,,,,,,,17.5,,,,,,,22.8,,,0.00373,0.291,0.00407,0.301,0.00373,0.279,0.00220,0.297,0.00271,0.284,0.00271,0.281,0.00424,0.294,0.00305,0.295,3591,16028,3287,10539
2025-09-26 02:22:00,,,,,63.4,,,99347,,,99337,,,,,,,3,,,,,,,82.9,,,,,,,,,96750,,,,,,,18.6,,,,,,,63.4,,,0.00339,0.291,0.00322,0.295,0.00424,0.290,0.00220,0.272,0.00305,0.288,0.00288,0.286,0.00559,0.293,0.00339,0.290,4617,17029,4226,11197
2025-09-26 02:24:00,,,,,30.8,,,99707,,,99697,,,,,,,0,,,,,,,77.8,,,,,,,,,97081,,,,,,,26.6,,,,,,,30.8,,,0.00271,0.285,0.00322,0.307,0.00610,0.300,0.00237,0.280,0.00237,0.295,0.00356,0.295,0.00220,0.301,0.00237,0.295,2052,15528,1879,10210
2025-09-26 02:26:00,,,,,132,,,100067,,,100057,,,,,,,5,,,,,,,84.7,,,,,,,,,97413,,,,,,,20.9,,,,,,,132,,,0.00492,0.320,0.00475,0.313,0.00441,0.326,0.00271,0.314,0.00492,0.316,0.00136,0.338,0.00339,0.326,0.00153,0.315,8208,15027,7514,9880
2025-09-26 02:28:00,,,,,144,,,100427,,,100417,,,,,,,7,,,,,,,76.2,,,,,,,,,97771,,,,,,,22.0,,,,,,,144,,,0.00288,0.439,0.00390,0.435,0.00525,0.431,0.00407,0.434,0.00390,0.447,0.00254,0.422,0.00441,0.453,0.00220,0.419,6156,14025,5636,9221
2025-09-26 02:30:00,,,,,167,,,100787,,,100777,,,,,,,7,,,,,,,73.8,,,,,,,,,98131,,,,,,,18.9,,,,,,,167,,,0.00407,0.422,0.00203,0.447,0.00525,0.436,0.00288,0.446,0.00339,0.445,0.00356,0.418,0.00576,0.480,0.00119,0.385,5131,17020,4697,11187
2025-09-26 02:32:00,,,,,132,,,101147,,,101137,,,,,,,7,,,,,,,83.0,,,,,,,,,98491,,,,,,,21.3,,,,,,,132,,,0.00492,0.417,0.00305,0.454,0.00390,0.472,0.00203,0.385,0.00356,0.424,0.00220,0.442,0.00508,0.471,0.00254,0.392,4618,16027,4227,10537
2025-09-26 02:34:00,,,,,220,,,101507,,,101497,,,,,,,9,,,,,,,61.1,,,,,,,,,98851,,,,,,,17.9,,,,,,,220,,,0.00508,0.404,0.00373,0.474,0.00305,0.460,0.00186,0.381,0.00373,0.453,0.00271,0.415,0.00559,0.448,0.00356,0.427,5131,15025,4697,9877
2025-09-26 02:36:00,,,,,69.0,,,101867,,,101857,,,,,,,3,,,,,,,88.0,,,,,,,,,99210,,,,,,,26.3,,,,,,,69.0,,,0.00390,0.324,0.00271,0.328,0.00271,0.321,0.00288,0.323,0.00288,0.340,0.00441,0.311,0.00271,0.325,0.00407,0.307,5643,14527,4696,9551
2025-09-26 02:38:00,,,,,31.4,,,102227,,,102217,,,,,,,1,,,,,,,82.7,,,,,,,,,99528,,,,,,,25.9,,,,,,,31.4,,,0.00441,0.253,0.00203,0.256,0.00542,0.253,0.00237,0.263,0.00339,0.264,0.00237,0.258,0.00373,0.263,0.00356,0.249,7696,15529,7515,10210
2025-09-26 02:40:00,,,,,252,,,102587,,,102577,,,,,,,9,,,,,,,64.0,,,,,,,,,99869,,,,,,,18.1,,,,,,,252,,,0.00373,0.398,0.00237,0.409,0.00390,0.400,0.00339,0.405,0.00475,0.398,0.00220,0.411,0.00407,0.380,0.00305,0.409,3078,17031,2818,11197
2025-09-26 02:42:00,,,,,66.9,,,102947,,,102937,,,,,,,3,,,,,,,84.9,,,,,,,,,100222,,,,,,,18.6,,,,,,,66.9,,,0.00390,0.308,0.00271,0.278,0.00407,0.298,0.00203,0.290,0.00373,0.302,0.00203,0.302,0.00339,0.299,0.00220,0.306,4618,16028,4227,10510
2025-09-26 02:44:00,,,,,21.6,,,103307,,,103297,,,,,,,1,,,,,,,84.3,,,,,,,,,100552,,,,,,,17.0,,,,,,,21.6,,,0.00407,0.310,0.00339,0.293,0.00525,0.302,0.00237,0.271,0.00458,0.279,0.00203,0.297,0.00356,0.276,0.00271,0.295,4104,16028,3757,10510
2025-09-26 02:46:00,,,,,31.1,,,103667,,,103657,,,,,,,1,,,,,,,84.4,,,,,,,,,100860,,,,,,,25.9,,,,,,,31.1,,,0.00356,0.265,0.00288,0.292,0.00373,0.280,0.00169,0.282,0.00407,0.280,0.00237,0.295,0.00508,0.289,0.00169,0.279,2052,15026,1879,9852
2025-09-26 02:48:00,,,,,40.9,,,104027,,,104017,,,,,,,2,,,,,,,80.8,,,,,,,,,101185,,,,,,,18.3,,,,,,,40.9,,,0.00186,0.256,0.00356,0.290,0.00441,0.266,0.00271,0.269,0.00390,0.277,0.00220,0.280,0.00542,0.263,0.00119,0.273,2566,16026,2348,10507
2025-09-26 02:50:00,,,,,24.7,,,104387,,,104377,,,,,,,0,,,,,,,79.9,,,,,,,,,101526,,,,,,,17.8,,,,,,,24.7,,,0.00237,0.298,0.00373,0.284,0.00390,0.297,0.00339,0.292,0.00508,0.299,0.00356,0.283,0.00186,0.301,0.00271,0.293,5132,16027,4698,10509
2025-09-26 02:52:00,,,,,120,,,104747,,,104737,,,,,,,6,,,,,,,82.3,,,,,,,,,101883,,,,,,,18.3,,,,,,,120,,,0.00237,0.396,0.00237,0.377,0.00475,0.409,0.00373,0.377,0.00356,0.379,0.00254,0.403,0.00322,0.391,0.00271,0.387,2053,17023,1879,11160
2025-09-26 02:54:00,,,,,48.6,,,105107,,,105097,,,,,,,2,,,,,,,81.0,,,,,,,,,102241,,,,,,,20.8,,,,,,,48.6,,,0.00525,0.354,0.00237,0.393,0.00305,0.388,0.00254,0.354,0.00373,0.398,0.00237,0.338,0.00271,0.390,0.00220,0.366,3592,16523,3288,10831
2025-09-26 02:56:00,,,,,51.8,,,105467,,,105457,,,,,,,2,,,,,,,79.1,,,,,,,,,102594,,,,,,,19.1,,,,,,,51.8,,,0.00305,0.343,0.00153,0.343,0.00271,0.345,0.00441,0.350,0.00593,0.369,0.00203,0.325,0.00288,0.352,0.00237,0.347,5132,14522,4698,9520
2025-09-26 02:58:00,,,,,184,,,105827,,,105817,,,,,,,8,,,,,,,71.2,,,,,,,,,102953,,,,,,,21.5,,,,,,,184,,,0.00424,0.429,0.00322,0.459,0.00305,0.451,0.00136,0.409,0.00390,0.459,0.00407,0.423,0.00407,0.486,0.00322,0.387,2566,15017,2349,9843
2025-09-26 03:00:00,,,,,176,,,106187,,,106177,,,,,,,7,,,,,,,64.9,,,,,,,,,103313,,,,,,,18.0,,,,,,,176,,,0.00322,0.383,0.00475,0.448,0.00153,0.426,0.00254,0.396,0.00220,0.406,0.00254,0.421,0.00305,0.425,0.00322,0.411,1026,13517,940,8860
2025-09-26 03:02:00,,,,,206,,,106547,,,106537,,,,,,,8,,,,,,,62.9,,,,,,,,,103669,,,,,,,18.7,,,,,,,206,,,0.00237,0.359,0.00305,0.361,0.00305,0.355,0.00203,0.388,0.00339,0.355,0.00339,0.377,0.00407,0.377,0.000847,0.363,1540,14019,1409,9189
2025-09-26 03:04:00,,,,,71.9,,,106907,,,106897,,,,,,,3,,,,,,,84.4,,,,,,,,,104029,,,,,,,19.8,,,,,,,71.9,,,0.00322,0.357,0.00271,0.426,0.00237,0.383,0.00254,0.380,0.00508,0.412,0.00254,0.357,0.00339,0.402,0.00254,0.360,3079,15024,2819,9850
2025-09-26 03:06:00,,,,,67.8,,,107267,,,107257,,,,,,,3,,,,,,,81.0,,,,,,,,,104377,,,,,,,18.4,,,,,,,67.8,,,0.00305,0.292,0.00339,0.297,0.00153,0.294,0.00237,0.301,0.00271,0.275,0.00271,0.311,0.00475,0.291,0.00136,0.295,3079,16028,2819,10508
2025-09-26 03:08:00,,,,,32.2,,,107627,,,107617,,,,,,,1,,,,,,,80.1,,,,,,,,,104680,,,,,,,25.8,,,,,,,32.2,,,0.00339,0.272,0.00254,0.271,0.00254,0.251,0.00254,0.267,0.00356,0.271,0.00305,0.268,0.00424,0.271,0.00254,0.260,1026,16029,940,10509
2025-09-26 03:10:00,,,,,179,,,107987,,,107977,,,,,,,7,,,,,,,78.1,,,,,,,,,105006,,,,,,,17.5,,,,,,,179,,,0.00271,0.370,0.00169,0.325,0.00390,0.358,0.00237,0.330,0.00424,0.342,0.00237,0.358,0.00220,0.360,0.00373,0.320,513,14525,470,9522
2025-09-26 03:12:00,,,,,132,,,108347,,,108337,,,,,,,7,,,,,,,86.0,,,,,,,,,105365,,,,,,,19.1,,,,,,,132,,,0.00186,0.373,0.00271,0.336,0.00407,0.358,0.00169,0.355,0.00508,0.323,0.00305,0.404,0.00237,0.356,0.00305,0.346,1027,13525,940,8867
2025-09-26 03:14:00,,,,,42.6,,,108707,,,108697,,,,,,,2,,,,,,,83.6,,,,,,,,,105697,,,,,,,18.8,,,,,,,42.6,,,0.00390,0.293,0.00288,0.319,0.00339,0.296,0.00271,0.299,0.00271,0.303,0.00203,0.288,0.00390,0.292,0.00186,0.271,2566,17031,2349,11165
2025-09-26 03:16:00,,,,,79.6,,,109067,,,109057,,,,,,,3,,,,,,,80.8,,,,,,,,,106023,,,,,,,24.1,,,,,,,79.6,,,0.00237,0.360,0.00203,0.316,0.00424,0.334,0.00203,0.366,0.00390,0.342,0.00203,0.338,0.00407,0.349,0.00220,0.334,2053,14525,1879,9521
2025-09-26 03:18:00,,,,,161,,,109427,,,109417,,,,,,,7,,,,,,,79.4,,,,,,,,,106382,,,,,,,18.4,,,,,,,161,,,0.00322,0.431,0.00169,0.457,0.00288,0.418,0.00169,0.473,0.00288,0.434,0.00220,0.471,0.00271,0.477,0.00322,0.399,2053,15025,1879,9854
2025-09-26 03:20:00,,,,,155,,,109787,,,109777,,,,,,,6,,,,,,,80.4,,,,,,,,,106737,,,,,,,18.0,,,,,,,155,,,0.00322,0.404,0.00136,0.369,0.00288,0.382,0.00271,0.404,0.00390,0.407,0.00356,0.383,0.00102,0.385,0.00305,0.391,1540,14524,1409,9525
2025-09-26 03:22:00,,,,,54.4,,,110147,,,110137,,,,,,,2,,,,,,,75.4,,,,,,,,,107070,,,,,,,21.9,,,,,,,54.4,,,0.00220,0.277,0.00322,0.297,0.00322,0.299,0.00203,0.288,0.00322,0.286,0.00441,0.291,0.00153,0.295,0.00169,0.284,513,14526,470,9527
2025-09-26 03:24:00,,,,,110,,,110507,,,110497,,,,,,,4,,,,,,,87.1,,,,,,,,,107429,,,,,,,21.6,,,,,,,110,,,0.00339,0.371,0.00254,0.403,0.00356,0.382,0.00186,0.406,0.00424,0.391,0.00220,0.382,0.00339,0.402,0.00254,0.388,2053,15527,1879,10183
2025-09-26 03:26:00,,,,,145,,,110867,,,110857,,,,,,,7,,,,,,,66.5,,,,,,,,,107767,,,,,,,18.5,,,,,,,145,,,0.00373,0.327,0.00169,0.344,0.00220,0.340,0.00271,0.325,0.00339,0.344,0.00356,0.335,0.00356,0.348,0.00220,0.313,1026,14526,940,9527
2025-09-26 03:28:00,,,,,27.7,,,111227,,,111217,,,,,,,0,,,,,,,81.0,,,,,,,,,108126,,,,,,,21.4,,,,,,,27.7,,,0.00458,0.338,0.00169,0.344,0.00220,0.361,0.00220,0.326,0.00220,0.375,0.00373,0.318,0.00305,0.331,0.00237,0.344,1026,16527,940,10838
2025-09-26 03:30:00,,,,,198,,,111587,,,111577,,,,,,,7,,,,,,,65.0,,,,,,,,,108479,,,,,,,18.7,,,,,,,198,,,0.00424,0.425,0.00254,0.438,0.00237,0.464,0.00322,0.375,0.00492,0.421,0.00424,0.419,0.00237,0.435,0.00305,0.416,3079,12521,2819,8211
2025-09-26 03:32:00,,,,,32.9,,,111947,,,111937,,,,,,,1,,,,,,,82.6,,,,,,,,,108840,,,,,,,28.3,,,,,,,32.9,,,0.00407,0.308,0.00305,0.370,0.00407,0.344,0.00169,0.337,0.00339,0.325,0.00119,0.351,0.00288,0.346,0.00169,0.327,0.00146,14526,0.000927,9526
2025-09-26 03:34:00,,,,,121,,,112307,,,112297,,,,,,,6,,,,,,,84.1,,,,,,,,,109169,,,,,,,18.3,,,,,,,121,,,0.00288,0.373,0.00136,0.394,0.00254,0.393,0.00136,0.368,0.00407,0.415,0.00322,0.340,0.00390,0.405,0.00186,0.361,1026,15027,939,9854
2025-09-26 03:36:00,,,,,174,,,112667,,,112657,,,,,,,7,,,,,,,77.7,,,,,,,,,109518,,,,,,,19.3,,,,,,,174,,,0.00339,0.376,0.00237,0.355,0.00288,0.365,0.00305,0.365,0.00373,0.363,0.00339,0.377,0.00271,0.369,0.00119,0.371,513,14525,470,9524
2025-09-26 03:38:00,,,,,65.1,,,113027,,,113017,,,,,,,2,,,,,,,84.6,,,,,,,,,109876,,,,,,,26.0,,,,,,,65.1,,,0.00237,0.370,0.00305,0.374,0.00288,0.372,0.00271,0.381,0.00339,0.366,0.00356,0.394,0.00407,0.381,0.00237,0.364,1540,15025,1409,9852
2025-09-26 03:40:00,,,,,46.7,,,113387,,,113377,,,,,,,2,,,,,,,80.2,,,,,,,,,110199,,,,,,,22.3,,,,,,,46.7,,,0.00305,0.245,0.00119,0.275,0.00305,0.270,0.00390,0.274,0.00441,0.274,0.00220,0.271,0.00322,0.266,0.00203,0.256,2566,14527,2349,9526
2025-09-26 03:42:00,,,,,87.8,,,113747,,,113737,,,,,,,4,,,,,,,86.1,,,,,,,,,110527,,,,,,,18.2,,,,,,,87.8,,,0.00525,0.395,0.00305,0.434,0.00220,0.399,0.00237,0.419,0.00237,0.427,0.00271,0.389,0.00237,0.422,0.00339,0.398,513,13523,470,8867
2025-09-26 03:44:00,,,,,21.5,,,114107,,,114097,,,,,,,1,,,,,,,84.9,,,,,,,,,110876,,,,,,,17.0,,,,,,,21.5,,,0.00356,0.312,0.00136,0.356,0.00254,0.331,0.00254,0.345,0.00441,0.344,0.00153,0.338,0.00424,0.345,0.00271,0.321,2053,13524,1409,8868
2025-09-26 03:46:00,,,,,156,,,114467,,,114457,,,,,,,6,,,,,,,69.0,,,,,,,,,111230,,,,,,,26.4,,,,,,,156,,,0.00407,0.381,0.00237,0.414,0.00356,0.401,0.00322,0.395,0.00237,0.384,0.00322,0.396,0.00424,0.410,0.00220,0.366,1540,16029,1409,10510
2025-09-26 03:48:00,,,,,75.1,,,114827,,,114817,,,,,,,4,,,,,,,76.3,,,,,,,,,111588,,,,,,,18.8,,,,,,,75.1,,,0.00373,0.356,0.00153,0.385,0.00373,0.361,0.00339,0.388,0.00390,0.388,0.00153,0.366,0.00475,0.385,0.00220,0.360,3592,15527,3288,10180
2025-09-26 03:50:00,,,,,161,,,115187,,,115177,,,,,,,8,,,,,,,75.9,,,,,,,,,111946,,,,,,,18.3,,,,,,,161,,,0.00203,0.417,0.00186,0.448,0.00390,0.440,0.000847,0.442,0.00271,0.423,0.00407,0.446,0.00508,0.440,0.00356,0.415,1539,13021,1409,8537
2025-09-26 03:52:00,,,,,124,,,115547,,,115537,,,,,,,8,,,,,,,81.6,,,,,,,,,112306,,,,,,,20.9,,,,,,,124,,,0.00237,0.411,0.00356,0.395,0.00288,0.403,0.00271,0.406,0.00220,0.404,0.00322,0.391,0.00305,0.426,0.00186,0.383,2053,17027,1879,11163
2025-09-26 03:54:00,,,,,58.7,,,115907,,,115897,,,,,,,2,,,,,,,81.3,,,,,,,,,112667,,,,,,,23.9,,,,,,,58.7,,,0.00322,0.421,0.00169,0.412,0.00390,0.404,0.00322,0.438,0.00254,0.429,0.00288,0.408,0.00322,0.424,0.00169,0.407,513,15526,470,10179
2025-09-26 03:56:00,,,,,214,,,116267,,,116257,,,,,,,10,,,,,,,59.5,,,,,,,,,113013,,,,,,,18.6,,,,,,,214,,,0.00373,0.359,0.00102,0.407,0.00339,0.390,0.00373,0.386,0.00339,0.371,0.00237,0.397,0.00373,0.406,0.00305,0.367,4105,16527,3758,10835
2025-09-26 03:58:00,,,,,126,,,116627,,,116617,,,,,,,8,,,,,,,79.5,,,,,,,,,113373,,,,,,,25.4,,,,,,,126,,,0.00373,0.443,0.00220,0.431,0.00492,0.424,0.00322,0.446,0.00339,0.456,0.00237,0.409,0.00441,0.451,0.00186,0.423,2566,15525,2348,10178
2025-09-26 04:00:00,,,,,172,,,116987,,,116977,,,,,,,6,,,,,,,67.1,,,,,,,,,113733,,,,,,,19.1,,,,,,,172,,,0.00407,0.396,0.00153,0.471,0.00390,0.444,0.00220,0.411,0.00220,0.425,0.00339,0.439,0.00475,0.475,0.00119,0.402,4619,15023,4227,9849
2025-09-26 04:02:00,,,,,267,,,117347,,,117337,,,,,,,11,,,,,,,56.6,,,,,,,,,114093,,,,,,,18.2,,,,,,,267,,,0.00373,0.428,0.00153,0.450,0.00322,0.457,0.00220,0.410,0.00508,0.446,0.00305,0.433,0.00492,0.458,0.00136,0.426,3592,15024,3287,9849
2025-09-26 04:04:00,,,,,112,,,117707,,,117697,,,,,,,5,,,,,,,66.0,,,,,,,,,114454,,,,,,,18.8,,,,,,,112,,,0.00373,0.452,0.00186,0.392,0.00356,0.428,0.00186,0.413,0.00644,0.442,0.00153,0.405,0.00373,0.439,0.00203,0.406,2052,16025,1879,10505
2025-09-26 04:06:00,,,,,110,,,118067,,,118057,,,,,,,9,,,,,,,82.6,,,,,,,,,114813,,,,,,,28.4,,,,,,,110,,,0.00508,0.387,0.00136,0.512,0.00322,0.443,0.00271,0.453,0.00271,0.455,0.00186,0.437,0.00390,0.494,0.00237,0.395,2053,15023,1879,9848
2025-09-26 04:08:00,,,,,164,,,118427,,,118417,,,,,,,7,,,,,,,72.6,,,,,,,,,115173,,,,,,,17.8,,,,,,,164,,,0.00339,0.422,0.00271,0.443,0.00339,0.428,0.00288,0.446,0.00424,0.423,0.00254,0.445,0.00424,0.464,0.00203,0.387,2053,14525,1879,9522
2025-09-26 04:10:00,,,,,110,,,118787,,,118777,,,,,,,4,,,,,,,76.1,,,,,,,,,115529,,,,,,,17.7,,,,,,,110,,,0.00441,0.364,0.00254,0.372,0.00390,0.354,0.00305,0.383,0.00390,0.383,0.00220,0.363,0.00424,0.386,0.00203,0.341,2566,14023,2349,9192
2025-09-26 04:12:00,,,,,80.2,,,119147,,,119137,,,,,,,3,,,,,,,75.8,,,,,,,,,115877,,,,,,,19.3,,,,,,,80.2,,,0.00305,0.295,0.00203,0.301,0.00492,0.313,0.00271,0.302,0.00305,0.310,0.00186,0.295,0.00288,0.307,0.00288,0.303,3079,16027,1879,10506
2025-09-26 04:14:00,,,,,76.7,,,119507,,,119497,,,,,,,3,,,,,,,86.8,,,,,,,,,116230,,,,,,,19.1,,,,,,,76.7,,,0.00339,0.280,0.00424,0.295,0.00492,0.288,0.00136,0.282,0.00339,0.282,0.00339,0.294,0.00390,0.294,0.00203,0.278,1540,15028,1409,9851
2025-09-26 04:16:00,,,,,171,,,119867,,,119857,,,,,,,8,,,,,,,70.3,,,,,,,,,116582,,,,,,,19.1,,,,,,,171,,,0.00322,0.387,0.00254,0.465,0.00390,0.449,0.00322,0.387,0.00424,0.422,0.00271,0.442,0.00288,0.453,0.00220,0.387,3592,16028,3287,10507
2025-09-26 04:18:00,,,,,55.8,,,120227,,,120217,,,,,,,2,,,,,,,79.2,,,,,,,,,116941,,,,,,,25.9,,,,,,,55.8,,,0.00458,0.329,0.00254,0.317,0.00305,0.333,0.00271,0.310,0.00339,0.325,0.00136,0.328,0.00407,0.330,0.00271,0.319,1539,15529,1878,10180
2025-09-26 04:20:00,,,,,72.0,,,120587,,,120577,,,,,,,3,,,,,,,79.4,,,,,,,,,117282,,,,,,,19.2,,,,,,,72.0,,,0.00492,0.295,0.00220,0.305,0.00373,0.295,0.00373,0.300,0.00339,0.289,0.00220,0.297,0.00203,0.300,0.00119,0.290,4618,13023,4227,8537
2025-09-26 04:22:00,,,,,143,,,120947,,,120937,,,,,,,6,,,,,,,70.3,,,,,,,,,117632,,,,,,,18.9,,,,,,,143,,,0.00508,0.362,0.00339,0.363,0.00424,0.361,0.00169,0.351,0.00373,0.367,0.00169,0.360,0.00424,0.387,0.00186,0.336,2566,17029,2348,11162
2025-09-26 04:24:00,,,,,77.9,,,121307,,,121297,,,,,,,4,,,,,,,82.4,,,,,,,,,117983,,,,,,,20.5,,,,,,,77.9,,,0.00424,0.317,0.00237,0.340,0.00508,0.320,0.00169,0.327,0.00339,0.341,0.00271,0.332,0.00220,0.344,0.00288,0.304,513,15528,470,10178
2025-09-26 04:26:00,,,,,32.1,,,121667,,,121657,,,,,,,0,,,,,,,75.7,,,,,,,,,118307,,,,,,,25.6,,,,,,,32.1,,,0.00339,0.248,0.00305,0.293,0.00356,0.264,0.00186,0.277,0.00525,0.263,0.00119,0.283,0.00288,0.284,0.00322,0.266,2566,14023,2349,9192
2025-09-26 04:28:00,,,,,30.0,,,122027,,,122017,,,,,,,1,,,,,,,83.4,,,,,,,,,118647,,,,,,,25.1,,,,,,,30.0,,,0.00424,0.263,0.00237,0.288,0.00373,0.282,0.00305,0.294,0.00424,0.275,0.00186,0.296,0.00373,0.288,0.00220,0.272,1540,16028,1409,10505
2025-09-26 04:30:00,,,,,26.6,,,122387,,,122377,,,,,,,1,,,,,,,76.5,,,,,,,,,118979,,,,,,,22.4,,,,,,,26.6,,,0.00593,0.322,0.00220,0.317,0.00322,0.325,0.00254,0.311,0.00458,0.311,0.00186,0.324,0.00407,0.329,0.00169,0.312,4618,16528,4226,10833
2025-09-26 04:32:00,,,,,128,,,122747,,,122737,,,,,,,6,,,,,,,78.4,,,,,,,,,119328,,,,,,,19.0,,,,,,,128,,,0.00576,0.432,0.00237,0.451,0.00390,0.417,0.00186,0.473,0.00458,0.444,0.00288,0.431,0.00237,0.493,0.00254,0.375,1539,14523,1409,9518
2025-09-26 04:34:00,,,,,74.3,,,123107,,,123097,,,,,,,3,,,,,,,76.8,,,,,,,,,119683,,,,,,,18.7,,,,,,,74.3,,,0.00305,0.321,0.00136,0.372,0.00339,0.363,0.00356,0.333,0.00475,0.347,0.00203,0.365,0.00407,0.360,0.00220,0.337,3078,16528,2817,10833
2025-09-26 04:36:00,,,,,41.9,,,123467,,,123457,,,,,,,2,,,,,,,78.1,,,,,,,,,119989,,,,,,,17.1,,,,,,,41.9,,,0.00288,0.249,0.00220,0.285,0.00339,0.273,0.00373,0.268,0.00424,0.267,0.00237,0.272,0.00508,0.262,0.00288,0.262,4105,14526,3757,9521
2025-09-26 04:38:00,,,,,73.6,,,123827,,,123817,,,,,,,3,,,,,,,75.7,,,,,,,,,120334,,,,,,,19.3,,,,,,,73.6,,,0.00407,0.325,0.00186,0.317,0.00525,0.328,0.00322,0.317,0.00441,0.317,0.000678,0.331,0.00373,0.336,0.00220,0.292,3079,13522,2817,8862
2025-09-26 04:40:00,,,,,83.6,,,124187,,,124177,,,,,,,4,,,,,,,80.0,,,,,,,,,120663,,,,,,,19.8,,,,,,,83.6,,,0.00322,0.321,0.00305,0.305,0.00373,0.294,0.00305,0.350,0.00559,0.332,0.00186,0.307,0.00373,0.334,0.00237,0.294,3079,14526,2817,9849
2025-09-26 04:42:00,,,,,56.3,,,124547,,,124537,,,,,,,2,,,,,,,81.8,,,,,,,,,121016,,,,,,,25.9,,,,,,,56.3,,,0.00407,0.342,0.00169,0.360,0.00576,0.324,0.00271,0.376,0.00424,0.348,0.00186,0.353,0.00322,0.379,0.00254,0.317,2565,15028,2348,9849
2025-09-26 04:44:00,,,,,32.1,,,124907,,,124897,,,,,,,1,,,,,,,78.8,,,,,,,,,121368,,,,,,,25.4,,,,,,,32.1,,,0.00508,0.295,0.00220,0.329,0.00288,0.313,0.00305,0.302,0.00339,0.317,0.00271,0.297,0.00288,0.317,0.00203,0.298,1026,14024,939,9191
2025-09-26 04:46:00,,,,,54.0,,,125267,,,125257,,,,,,,2,,,,,,,75.2,,,,,,,,,121714,,,,,,,23.2,,,,,,,54.0,,,0.00458,0.304,0.00305,0.293,0.00373,0.294,0.00169,0.316,0.00339,0.304,0.00271,0.303,0.00254,0.298,0.00153,0.301,2565,17032,2348,11162
2025-09-26 04:48:00,,,,,47.5,,,125627,,,125617,,,,,,,2,,,,,,,75.3,,,,,,,,,122050,,,,,,,20.9,,,,,,,47.5,,,0.00271,0.256,0.00288,0.302,0.00356,0.285,0.00153,0.294,0.00424,0.301,0.00186,0.303,0.00441,0.291,0.00288,0.263,2053,16028,1878,10504
2025-09-26 04:50:00,,,,,77.5,,,125987,,,125977,,,,,,,3,,,,,,,74.2,,,,,,,,,122378,,,,,,,20.0,,,,,,,77.5,,,0.00339,0.298,0.00441,0.315,0.00322,0.290,0.00288,0.311,0.00424,0.291,0.00288,0.304,0.00390,0.304,0.00220,0.290,2565,15027,2348,9848
2025-09-26 04:52:00,,,,,21.5,,,126347,,,126337,,,,,,,1,,,,,,,81.8,,,,,,,,,122708,,,,,,,16.9,,,,,,,21.5,,,0.00441,0.291,0.00254,0.301,0.00237,0.295,0.00186,0.290,0.00322,0.291,0.00475,0.319,0.00441,0.306,0.00169,0.279,3592,16027,3287,10503
2025-09-26 04:54:00,,,,,62.9,,,126707,,,126697,,,,,,,3,,,,,,,83.6,,,,,,,,,123052,,,,,,,18.8,,,,,,,62.9,,,0.00288,0.264,0.00186,0.288,0.00339,0.284,0.00186,0.288,0.00322,0.273,0.00339,0.287,0.00356,0.293,0.00373,0.282,1539,16029,1409,10504
2025-09-26 04:56:00,,,,,127,,,127067,,,127057,,,,,,,6,,,,,,,80.4,,,,,,,,,123403,,,,,,,22.3,,,,,,,127,,,0.00475,0.402,0.00220,0.436,0.00373,0.391,0.00288,0.420,0.00390,0.398,0.00203,0.412,0.00508,0.439,0.00254,0.383,4618,17027,4226,11157
2025-09-26 04:58:00,,,,,186,,,127427,,,127417,,,,,,,9,,,,,,,65.9,,,,,,,,,123763,,,,,,,20.9,,,,,,,186,,,0.00424,0.437,0.00220,0.432,0.00339,0.432,0.00203,0.419,0.00508,0.441,0.00119,0.421,0.00339,0.431,0.00254,0.430,4617,16528,4225,10830
2025-09-26 05:00:00,,,,,72.2,,,127787,,,127777,,,,,,,3,,,,,,,83.3,,,,,,,,,124117,,,,,,,19.0,,,,,,,72.2,,,0.00492,0.300,0.00237,0.313,0.00305,0.300,0.00305,0.312,0.00458,0.295,0.00186,0.313,0.00339,0.311,0.00136,0.305,1539,14525,1408,9518
2025-09-26 05:02:00,,,,,69.4,,,128147,,,128137,,,,,,,3,,,,,,,74.8,,,,,,,,,124475,,,,,,,18.0,,,,,,,69.4,,,0.00492,0.329,0.00271,0.309,0.00220,0.306,0.00356,0.327,0.00390,0.318,0.00119,0.313,0.00407,0.333,0.00119,0.307,1026,12523,939,8207
2025-09-26 05:04:00,,,,,28.8,,,128507,,,128497,,,,,,,1,,,,,,,78.3,,,,,,,,,124831,,,,,,,22.4,,,,,,,28.8,,,0.00424,0.412,0.00237,0.414,0.00288,0.417,0.00254,0.404,0.00254,0.404,0.00254,0.413,0.00492,0.417,0.00169,0.402,3078,13524,2817,8861
2025-09-26 05:06:00,,,,,157,,,128867,,,128857,,,,,,,8,,,,,,,73.4,,,,,,,,,125188,,,,,,,18.3,,,,,,,157,,,0.00271,0.416,0.00220,0.400,0.00407,0.403,0.00305,0.403,0.00305,0.419,0.00288,0.388,0.00458,0.401,0.00373,0.402,3591,14024,3286,9189
2025-09-26 05:08:00,,,,,73.2,,,129227,,,129217,,,,,,,3,,,,,,,77.8,,,,,,,,,125511,,,,,,,19.3,,,,,,,73.2,,,0.00407,0.303,0.00373,0.273,0.00288,0.294,0.00136,0.282,0.00339,0.289,0.00220,0.270,0.00339,0.287,0.00288,0.302,3591,14525,2816,9517
2025-09-26 05:10:00,,,,,156,,,129587,,,129577,,,,,,,10,,,,,,,75.7,,,,,,,,,125868,,,,,,,18.9,,,,,,,156,,,0.00424,0.424,0.00322,0.439,0.00390,0.428,0.00220,0.455,0.00322,0.438,0.00169,0.445,0.00458,0.443,0.00288,0.424,3078,13022,2817,8532
2025-09-26 05:12:00,,,,,187,,,129947,,,129937,,,,,,,6,,,,,,,59.0,,,,,,,,,126228,,,,,,,19.1,,,,,,,187,,,0.00678,0.424,0.00203,0.442,0.00508,0.432,0.00288,0.428,0.00254,0.434,0.00203,0.432,0.00424,0.440,0.00119,0.424,3078,15026,2816,9845
2025-09-26 05:14:00,,,,,169,,,130307,,,130297,,,,,,,7,,,,,,,75.0,,,,,,,,,126586,,,,,,,18.8,,,,,,,169,,,0.00407,0.361,0.00203,0.450,0.00339,0.408,0.00271,0.388,0.00373,0.430,0.00136,0.373,0.00458,0.395,0.00136,0.401,3078,16527,2816,10828
2025-09-26 05:16:00,,,,,96.2,,,130667,,,130657,,,,,,,4,,,,,,,78.9,,,,,,,,,126935,,,,,,,17.9,,,,,,,96.2,,,0.00525,0.285,0.00203,0.285,0.00322,0.301,0.00254,0.293,0.00390,0.288,0.00254,0.294,0.00305,0.291,0.00339,0.288,2565,17532,1877,11487
2025-09-26 05:18:00,,,,,83.7,,,131027,,,131017,,,,,,,3,,,,,,,75.2,,,,,,,,,127285,,,,,,,23.4,,,,,,,83.7,,,0.00441,0.291,0.00237,0.298,0.00525,0.290,0.00237,0.321,0.00390,0.317,0.00169,0.299,0.00305,0.298,0.00322,0.297,5130,12021,4694,7876
2025-09-26 05:20:00,,,,,98.9,,,131387,,,131377,,,,,,,5,,,,,,,77.1,,,,,,,,,127634,,,,,,,17.5,,,,,,,98.9,,,0.00407,0.325,0.00373,0.324,0.00407,0.333,0.00102,0.316,0.00475,0.308,0.00288,0.317,0.00390,0.306,0.00305,0.316,2052,16029,1877,10501
2025-09-26 05:22:00,,,,,77.6,,,131747,,,131737,,,,,,,3,,,,,,,77.1,,,,,,,,,127991,,,,,,,25.8,,,,,,,77.6,,,0.00407,0.370,0.00339,0.375,0.00305,0.375,0.00322,0.378,0.00339,0.409,0.00458,0.345,0.00305,0.384,0.00220,0.370,3591,17028,3285,10827
2025-09-26 05:24:00,,,,,108,,,132107,,,132097,,,,,,,5,,,,,,,83.1,,,,,,,,,128338,,,,,,,19.0,,,,,,,108,,,0.00508,0.335,0.00220,0.331,0.00407,0.356,0.00153,0.319,0.00390,0.325,0.00424,0.353,0.00288,0.359,0.00186,0.322,5643,15529,5163,10179
2025-09-26 05:26:00,,,,,116,,,132467,,,132457,,,,,,,6,,,,,,,79.9,,,,,,,,,128696,,,,,,,19.2,,,,,,,116,,,0.00424,0.386,0.00237,0.360,0.00559,0.345,0.00153,0.409,0.00390,0.391,0.00492,0.367,0.00322,0.363,0.00288,0.381,2565,14024,2347,9192
2025-09-26 05:28:00,,,,,50.9,,,132827,,,132817,,,,,,,3,,,,,,,80.7,,,,,,,,,129020,,,,,,,19.1,,,,,,,50.9,,,0.00356,0.282,0.00237,0.293,0.00593,0.277,0.00186,0.314,0.00186,0.297,0.00441,0.287,0.00390,0.293,0.00356,0.280,5130,15026,4694,9849
2025-09-26 05:30:00,,,,,52.7,,,133187,,,133177,,,,,,,2,,,,,,,78.9,,,,,,,,,129365,,,,,,,24.1,,,,,,,52.7,,,0.00424,0.277,0.00271,0.300,0.00339,0.297,0.00271,0.281,0.00305,0.293,0.00220,0.285,0.00322,0.297,0.00305,0.282,2566,14026,2347,9194
2025-09-26 05:32:00,,,,,29.7,,,133547,,,133537,,,,,,,0,,,,,,,80.2,,,,,,,,,129704,,,,,,,23.3,,,,,,,29.7,,,0.00407,0.284,0.00254,0.293,0.00475,0.280,0.00237,0.291,0.00356,0.292,0.00305,0.301,0.00407,0.295,0.00288,0.260,3592,13023,3286,8536
2025-09-26 05:34:00,,,,,70.4,,,133907,,,133897,,,,,,,3,,,,,,,80.7,,,,,,,,,130033,,,,,,,18.1,,,,,,,70.4,,,0.00441,0.281,0.00153,0.292,0.00339,0.275,0.00305,0.299,0.00271,0.295,0.00424,0.265,0.00441,0.286,0.00271,0.286,3078,15027,2816,9849
2025-09-26 05:36:00,,,,,48.5,,,134267,,,134257,,,,,,,2,,,,,,,85.2,,,,,,,,,130391,,,,,,,21.2,,,,,,,48.5,,,0.00288,0.365,0.00237,0.371,0.00339,0.355,0.00373,0.371,0.00390,0.372,0.00220,0.359,0.00356,0.364,0.00186,0.355,3592,15525,3286,10175
2025-09-26 05:38:00,,,,,32.1,,,134627,,,134617,,,,,,,1,,,,,,,77.3,,,,,,,,,130737,,,,,,,25.4,,,,,,,32.1,,,0.00220,0.358,0.00153,0.352,0.00237,0.360,0.00271,0.355,0.00254,0.351,0.00203,0.337,0.00305,0.337,0.00339,0.374,3079,15527,2816,10176
2025-09-26 05:40:00,,,,,131,,,134987,,,134977,,,,,,,6,,,,,,,81.8,,,,,,,,,131096,,,,,,,21.8,,,,,,,131,,,0.00288,0.375,0.00186,0.453,0.00254,0.438,0.00407,0.357,0.00322,0.412,0.00169,0.404,0.00356,0.449,0.00305,0.358,1540,15025,1408,9847
2025-09-26 05:42:00,,,,,109,,,135347,,,135337,,,,,,,4,,,,,,,79.0,,,,,,,,,131450,,,,,,,21.7,,,,,,,109,,,0.00271,0.319,0.00271,0.310,0.00339,0.310,0.00305,0.334,0.00373,0.318,0.00373,0.315,0.00220,0.325,0.00169,0.311,513,15525,469,10174
2025-09-26 05:44:00,,,,,25.1,,,135707,,,135697,,,,,,,0,,,,,,,77.8,,,,,,,,,131758,,,,,,,21.0,,,,,,,25.1,,,0.00169,0.291,0.00153,0.299,0.00322,0.280,0.00136,0.297,0.00492,0.287,0.00186,0.303,0.00305,0.315,0.00373,0.278,1026,15026,939,9847
2025-09-26 05:46:00,,,,,81.5,,,136067,,,136057,,,,,,,3,,,,,,,81.8,,,,,,,,,132097,,,,,,,18.6,,,,,,,81.5,,,0.00322,0.280,0.00186,0.307,0.00237,0.298,0.00254,0.293,0.00390,0.295,0.00254,0.286,0.00390,0.296,0.00322,0.292,1026,15529,939,10178
2025-09-26 05:48:00,,,,,198,,,136427,,,136417,,,,,,,7,,,,,,,56.0,,,,,,,,,132440,,,,,,,18.3,,,,,,,198,,,0.00322,0.402,0.00203,0.450,0.00458,0.456,0.00288,0.396,0.00288,0.413,0.00237,0.451,0.00356,0.457,0.00220,0.396,513,14523,469,9517
2025-09-26 05:50:00,,,,,114,,,136787,,,136777,,,,,,,5,,,,,,,67.1,,,,,,,,,132779,,,,,,,19.1,,,,,,,114,,,0.00220,0.297,0.00220,0.321,0.00305,0.317,0.00305,0.310,0.00305,0.332,0.00254,0.302,0.00441,0.327,0.00254,0.295,1539,15526,1408,10175
2025-09-26 05:52:00,,,,,257,,,137147,,,137137,,,,,,,10,,,,,,,53.2,,,,,,,,,133138,,,,,,,19.0,,,,,,,257,,,0.00407,0.411,0.00254,0.463,0.00254,0.432,0.00271,0.438,0.00356,0.434,0.00254,0.444,0.00237,0.485,0.00203,0.393,2566,17527,2347,11485
2025-09-26 05:54:00,,,,,55.3,,,137507,,,137497,,,,,,,2,,,,,,,82.3,,,,,,,,,133499,,,,,,,24.0,,,,,,,55.3,,,0.00356,0.323,0.00119,0.338,0.00305,0.317,0.00458,0.342,0.00458,0.334,0.00254,0.332,0.00254,0.328,0.00169,0.324,1026,15524,939,10172
2025-09-26 05:56:00,,,,,22.9,,,137867,,,137857,,,,,,,1,,,,,,,83.2,,,,,,,,,133849,,,,,,,18.6,,,,,,,22.9,,,0.00271,0.299,0.00305,0.303,0.00356,0.303,0.00305,0.288,0.00424,0.291,0.00220,0.305,0.00322,0.295,0.00153,0.289,2052,14526,1408,9520
2025-09-26 05:58:00,,,,,173,,,138227,,,138217,,,,,,,7,,,,,,,70.0,,,,,,,,,134204,,,,,,,20.7,,,,,,,173,,,0.00356,0.366,0.00220,0.335,0.00288,0.350,0.00288,0.359,0.00271,0.346,0.00237,0.366,0.00339,0.372,0.00237,0.327,1539,13524,1408,8862
2025-09-26 06:00:00,,,,,63.1,,,138587,,,138577,,,,,,,3,,,,,,,82.1,,,,,,,,,134563,,,,,,,18.8,,,,,,,63.1,,,0.00390,0.365,0.00186,0.350,0.00356,0.357,0.00390,0.369,0.00390,0.365,0.00237,0.353,0.00322,0.377,0.00119,0.352,2052,14024,1878,9190
2025-09-26 06:02:00,,,,,26.7,,,138947,,,138937,,,,,,,1,,,,,,,77.4,,,,,,,,,134895,,,,,,,20.4,,,,,,,26.7,,,0.00356,0.266,0.00169,0.285,0.00390,0.262,0.00322,0.282,0.00271,0.276,0.00136,0.287,0.00339,0.291,0.00271,0.273,3079,14524,2816,9517
2025-09-26 06:04:00,,,,,153,,,139307,,,139297,,,,,,,6,,,,,,,77.3,,,,,,,,,135199,,,,,,,21.1,,,,,,,153,,,0.00305,0.288,0.00288,0.265,0.00271,0.283,0.00237,0.294,0.00458,0.267,0.00119,0.303,0.00254,0.297,0.00153,0.286,1539,15027,1408,9847
2025-09-26 06:06:00,,,,,193,,,139667,,,139657,,,,,,,8,,,,,,,67.4,,,,,,,,,135556,,,,,,,22.7,,,,,,,193,,,0.00305,0.382,0.00169,0.389,0.00356,0.407,0.00237,0.375,0.00407,0.412,0.00186,0.366,0.00492,0.410,0.00169,0.358,1539,16525,1408,10827
2025-09-26 06:08:00,,,,,74.2,,,140027,,,140017,,,,,,,3,,,,,,,77.7,,,,,,,,,135883,,,,,,,19.4,,,,,,,74.2,,,0.00424,0.285,0.00271,0.267,0.00339,0.262,0.00254,0.294,0.00288,0.274,0.00153,0.268,0.00288,0.290,0.000847,0.271,513,15526,469,10173
2025-09-26 06:10:00,,,,,32.2,,,140387,,,140377,,,,,,,1,,,,,,,81.7,,,,,,,,,136183,,,,,,,27.0,,,,,,,32.2,,,0.00492,0.245,0.00220,0.262,0.00237,0.262,0.00373,0.266,0.00322,0.270,0.00305,0.269,0.00271,0.269,0.00237,0.262,1539,16528,1408,10829
2025-09-26 06:12:00,,,,,47.9,,,140747,,,140737,,,,,,,2,,,,,,,82.9,,,,,,,,,136522,,,,,,,18.8,,,,,,,47.9,,,0.00237,0.316,0.00203,0.295,0.00424,0.302,0.00288,0.330,0.00373,0.295,0.00271,0.305,0.00271,0.306,0.00339,0.298,513,12522,469,8205
2025-09-26 06:14:00,,,,,133,,,141107,,,141097,,,,,,,6,,,,,,,75.3,,,,,,,,,136851,,,,,,,20.3,,,,,,,133,,,0.00288,0.379,0.00220,0.367,0.00288,0.396,0.00254,0.340,0.00475,0.357,0.00203,0.407,0.00339,0.372,0.00220,0.370,1026,14524,939,9515
2025-09-26 06:16:00,,,,,112,,,141467,,,141457,,,,,,,4,,,,,,,77.8,,,,,,,,,137210,,,,,,,24.2,,,,,,,112,,,0.00390,0.392,0.00254,0.378,0.00373,0.425,0.00203,0.369,0.00305,0.392,0.00305,0.397,0.00373,0.377,0.00169,0.408,3078,16027,2347,10500
2025-09-26 06:18:00,,,,,169,,,141827,,,141817,,,,,,,7,,,,,,,68.1,,,,,,,,,137570,,,,,,,18.9,,,,,,,169,,,0.00288,0.456,0.00220,0.413,0.00254,0.390,0.00203,0.474,0.00203,0.425,0.00237,0.450,0.00373,0.443,0.00407,0.406,1026,17025,939,11152
2025-09-26 06:20:00,,,,,152,,,142187,,,142177,,,,,,,8,,,,,,,68.0,,,,,,,,,137929,,,,,,,18.9,,,,,,,152,,,0.00305,0.395,0.00153,0.465,0.00390,0.445,0.00153,0.406,0.00237,0.457,0.00356,0.403,0.00254,0.456,0.00322,0.395,513,15526,469,10171
2025-09-26 06:22:00,,,,,108,,,142547,,,142537,,,,,,,5,,,,,,,74.9,,,,,,,,,138289,,,,,,,30.1,,,,,,,108,,,0.00305,0.407,0.00203,0.334,0.00339,0.369,0.00203,0.411,0.00237,0.390,0.00237,0.364,0.00407,0.400,0.00407,0.356,3591,13023,3285,8531
2025-09-26 06:24:00,,,,,47.6,,,142907,,,142897,,,,,,,2,,,,,,,79.3,,,,,,,,,138635,,,,,,,22.2,,,,,,,47.6,,,0.00339,0.295,0.00203,0.312,0.00339,0.309,0.00339,0.296,0.00136,0.302,0.00186,0.282,0.00339,0.299,0.00271,0.300,1026,15525,939,10170
2025-09-26 06:26:00,,,,,198,,,143267,,,143257,,,,,,,8,,,,,,,70.9,,,,,,,,,138984,,,,,,,20.7,,,,,,,198,,,0.00271,0.377,0.00288,0.375,0.00288,0.393,0.00169,0.370,0.00356,0.390,0.00407,0.380,0.00288,0.399,0.00237,0.363,1026,15525,939,10170
2025-09-26 06:28:00,,,,,46.0,,,143627,,,143617,,,,,,,2,,,,,,,77.5,,,,,,,,,139341,,,,,,,19.1,,,,,,,46.0,,,0.00339,0.373,0.00220,0.367,0.00271,0.386,0.00339,0.359,0.00339,0.384,0.00373,0.366,0.00203,0.406,0.000847,0.333,1539,15524,1408,10169
2025-09-26 06:30:00,,,,,39.7,,,143987,,,143977,,,,,,,2,,,,,,,83.0,,,,,,,,,139662,,,,,,,16.6,,,,,,,39.7,,,0.00373,0.293,0.00203,0.294,0.00356,0.289,0.00305,0.295,0.00305,0.297,0.00203,0.280,0.00390,0.288,0.00203,0.297,1539,14024,1408,9187
2025-09-26 06:32:00,,,,,66.5,,,144347,,,144337,,,,,,,3,,,,,,,77.6,,,,,,,,,140000,,,,,,,20.8,,,,,,,66.5,,,0.00237,0.297,0.00237,0.289,0.00356,0.277,0.00322,0.306,0.00407,0.289,0.00186,0.301,0.00475,0.296,0.00186,0.277,1539,15527,1408,10171
2025-09-26 06:34:00,,,,,62.5,,,144707,,,144697,,,,,,,3,,,,,,,83.2,,,,,,,,,140328,,,,,,,17.9,,,,,,,62.5,,,0.00322,0.273,0.00237,0.288,0.00186,0.278,0.00305,0.277,0.00390,0.297,0.00203,0.275,0.00339,0.283,0.00119,0.263,1539,16029,1408,10501
2025-09-26 06:36:00,,,,,27.6,,,145067,,,145057,,,,,,,1,,,,,,,75.4,,,,,,,,,140674,,,,,,,21.4,,,,,,,27.6,,,0.00492,0.372,0.00305,0.379,0.00390,0.363,0.00169,0.389,0.00305,0.359,0.00203,0.396,0.00288,0.397,0.00220,0.351,513,15023,469,9839
2025-09-26 06:38:00,,,,,81.7,,,145427,,,145417,,,,,,,3,,,,,,,81.7,,,,,,,,,141020,,,,,,,26.1,,,,,,,81.7,,,0.00407,0.305,0.00254,0.294,0.00407,0.294,0.00237,0.303,0.00186,0.305,0.00271,0.305,0.00339,0.306,0.00153,0.299,1026,14525,939,9514
2025-09-26 06:40:00,,,,,30.7,,,145787,,,145777,,,,,,,1,,,,,,,76.4,,,,,,,,,141374,,,,,,,23.8,,,,,,,30.7,,,0.0117,0.321,0.00542,0.299,0.00576,0.295,0.00542,0.321,0.0437,0.313,0.0403,0.305,0.00814,0.320,0.00559,0.280,6157,15527,6099,10170
2025-09-26 06:42:00,,,,,218,,,146147,,,146137,,,,,,,10,,,,,,,64.7,,,,,,,,,141727,,,,,,,18.7,,,,,,,218,,,0.00373,0.365,0.00203,0.407,0.00305,0.383,0.00254,0.382,0.00305,0.372,0.00136,0.413,0.00339,0.386,0.00407,0.372,1027,15527,937,10170
2025-09-26 06:44:00,,,,,169,,,146507,,,146497,,,,,,,8,,,,,,,73.2,,,,,,,,,142087,,,,,,,20.0,,,,,,,169,,,0.00424,0.409,0.00220,0.467,0.00373,0.451,0.00186,0.407,0.00356,0.424,0.00271,0.456,0.00254,0.452,0.00356,0.401,2567,14523,2344,9512
2025-09-26 06:46:00,,,,,140,,,146867,,,146857,,,,,,,7,,,,,,,84.6,,,,,,,,,142447,,,,,,,18.9,,,,,,,140,,,0.00339,0.437,0.00203,0.436,0.00390,0.465,0.00220,0.433,0.00458,0.458,0.00169,0.424,0.00339,0.466,0.000847,0.411,513,16024,469,10494
2025-09-26 06:48:00,,,,,52.5,,,147227,,,147217,,,,,,,2,,,,,,,76.8,,,,,,,,,142808,,,,,,,21.9,,,,,,,52.5,,,0.00322,0.314,0.00305,0.346,0.00424,0.334,0.00136,0.336,0.00424,0.310,0.00136,0.339,0.00356,0.349,0.00136,0.302,2053,13523,1875,8857
2025-09-26 06:50:00,,,,,126,,,147587,,,147577,,,,,,,5,,,,,,,73.2,,,,,,,,,143139,,,,,,,18.6,,,,,,,126,,,0.00407,0.291,0.00237,0.314,0.00288,0.296,0.00288,0.288,0.00458,0.287,0.00237,0.310,0.00237,0.283,0.00271,0.303,5132,15026,4686,9841
2025-09-26 06:52:00,,,,,88.1,,,147947,,,147937,,,,,,,5,,,,,,,77.1,,,,,,,,,143498,,,,,,,26.4,,,,,,,88.1,,,0.00373,0.349,0.00153,0.397,0.00254,0.377,0.00254,0.383,0.00407,0.361,0.00203,0.387,0.00373,0.405,0.00237,0.351,4618,14525,4217,9513
2025-09-26 06:54:00,,,,,66.6,,,148307,,,148297,,,,,,,3,,,,,,,76.7,,,,,,,,,143859,,,,,,,18.6,,,,,,,66.6,,,0.00407,0.364,0.00136,0.385,0.00593,0.359,0.00169,0.366,0.00424,0.363,0.00288,0.393,0.00186,0.389,0.00220,0.372,3592,15025,3279,9840
2025-09-26 06:56:00,,,,,33.2,,,148667,,,148657,,,,,,,3,,,,,,,80.1,,,,,,,,,144217,,,,,,,25.8,,,,,,,33.2,,,0.00441,0.362,0.00203,0.391,0.00458,0.377,0.00254,0.395,0.00271,0.385,0.00203,0.360,0.00390,0.389,0.00220,0.361,2052,14524,1874,9512
2025-09-26 06:58:00,,,,,151,,,149027,,,149017,,,,,,,7,,,,,,,77.8,,,,,,,,,144577,,,,,,,18.6,,,,,,,151,,,0.00542,0.426,0.00136,0.436,0.00407,0.392,0.00186,0.469,0.00390,0.428,0.00169,0.423,0.00542,0.484,0.00254,0.375,2565,13521,2342,8855
2025-09-26 07:00:00,,,,,94.9,,,149387,,,149377,,,,,,,4,,,,,,,72.7,,,,,,,,,144937,,,,,,,20.3,,,,,,,94.9,,,0.00593,0.376,0.00237,0.353,0.00373,0.370,0.00373,0.375,0.00220,0.372,0.00356,0.364,0.00254,0.384,0.00288,0.348,2565,15525,2342,10167
2025-09-26 07:02:00,,,,,131,,,149747,,,149737,,,,,,,6,,,,,,,61.0,,,,,,,,,145280,,,,,,,19.9,,,,,,,131,,,0.00390,0.334,0.00254,0.321,0.00542,0.307,0.00305,0.335,0.00237,0.330,0.00271,0.319,0.00203,0.350,0.00237,0.299,3591,16027,3279,10496
2025-09-26 07:04:00,,,,,179,,,150107,,,150097,,,,,,,5,,,,,,,78.1,,,,,,,,,145637,,,,,,,17.8,,,,,,,179,,,0.00322,0.437,0.00136,0.430,0.00373,0.466,0.00305,0.410,0.00508,0.446,0.00373,0.446,0.00458,0.436,0.00153,0.440,3592,14523,3279,9510
2025-09-26 07:06:00,,,,,170,,,150467,,,150457,,,,,,,8,,,,,,,66.9,,,,,,,,,145995,,,,,,,19.0,,,,,,,170,,,0.00424,0.443,0.00237,0.346,0.00593,0.391,0.00203,0.414,0.00339,0.399,0.00237,0.402,0.00390,0.407,0.00169,0.393,3592,14524,3279,9511
2025-09-26 07:08:00,,,,,74.3,,,150827,,,150817,,,,,,,3,,,,,,,88.4,,,,,,,,,146350,,,,,,,21.3,,,,,,,74.3,,,0.00322,0.294,0.00288,0.294,0.00356,0.286,0.00254,0.325,0.00322,0.302,0.00339,0.292,0.00441,0.291,0.00169,0.301,3079,14525,2811,9512
2025-09-26 07:10:00,,,,,27.7,,,151187,,,151177,,,,,,,1,,,,,,,79.1,,,,,,,,,146684,,,,,,,21.5,,,,,,,27.7,,,0.00288,0.282,0.00576,0.300,0.00441,0.286,0.00203,0.295,0.00305,0.298,0.00407,0.291,0.00356,0.290,0.00153,0.280,4105,16528,3748,10823
2025-09-26 07:12:00,,,,,171,,,151547,,,151537,,,,,,,6,,,,,,,63.2,,,,,,,,,147031,,,,,,,21.8,,,,,,,171,,,0.00288,0.481,0.00203,0.399,0.00525,0.465,0.00288,0.415,0.00492,0.509,0.00390,0.356,0.00390,0.434,0.00203,0.438,6671,16024,6090,10492
2025-09-26 07:14:00,,,,,137,,,151907,,,151897,,,,,,,7,,,,,,,78.4,,,,,,,,,147379,,,,,,,19.1,,,,,,,137,,,0.00305,0.340,0.00203,0.367,0.00373,0.357,0.00153,0.357,0.00339,0.368,0.00271,0.335,0.00458,0.363,0.00271,0.339,4105,14022,3748,9182
2025-09-26 07:16:00,,,,,79.1,,,152267,,,152257,,,,,,,3,,,,,,,75.2,,,,,,,,,147740,,,,,,,19.1,,,,,,,79.1,,,0.00458,0.412,0.00203,0.422,0.00339,0.442,0.00203,0.387,0.00339,0.410,0.00136,0.416,0.00407,0.406,0.00254,0.409,513,18027,468,11803
2025-09-26 07:18:00,,,,,56.2,,,152627,,,152617,,,,,,,0,,,,,,,82.3,,,,,,,,,148090,,,,,,,23.7,,,,,,,56.2,,,0.00407,0.348,0.00254,0.345,0.00356,0.322,0.00203,0.359,0.00390,0.336,0.00356,0.346,0.00458,0.343,0.00203,0.334,3591,15023,3279,9836
2025-09-26 07:20:00,,,,,176,,,152987,,,152977,,,,,,,10,,,,,,,64.6,,,,,,,,,148447,,,,,,,19.5,,,,,,,176,,,0.00424,0.408,0.00271,0.422,0.00288,0.404,0.00220,0.414,0.00322,0.416,0.00254,0.406,0.00475,0.414,0.00237,0.393,4104,15524,3747,10164
2025-09-26 07:22:00,,,,,110,,,153347,,,153337,,,,,,,5,,,,,,,76.6,,,,,,,,,148805,,,,,,,17.9,,,,,,,110,,,0.00424,0.403,0.00288,0.440,0.00373,0.444,0.00373,0.385,0.00271,0.425,0.00153,0.423,0.00305,0.436,0.00153,0.388,2052,15525,1405,10165
2025-09-26 07:24:00,,,,,77.0,,,153707,,,153697,,,,,,,3,,,,,,,79.1,,,,,,,,,149160,,,,,,,18.5,,,,,,,77.0,,,0.00373,0.292,0.00322,0.304,0.00339,0.301,0.00339,0.286,0.00407,0.288,0.00220,0.309,0.00407,0.311,0.00186,0.283,2565,14025,2342,9183
2025-09-26 07:26:00,,,,,31.2,,,154067,,,154057,,,,,,,1,,,,,,,83.5,,,,,,,,,149485,,,,,,,25.6,,,,,,,31.2,,,0.00339,0.272,0.00153,0.278,0.00254,0.270,0.00356,0.292,0.00492,0.299,0.00220,0.261,0.00373,0.284,0.00288,0.272,2565,15527,1873,10167
2025-09-26 07:28:00,,,,,66.8,,,154427,,,154417,,,,,,,3,,,,,,,78.2,,,,,,,,,149822,,,,,,,18.9,,,,,,,66.8,,,0.00237,0.353,0.00203,0.371,0.00458,0.331,0.00441,0.362,0.00373,0.368,0.00186,0.354,0.00305,0.363,0.00186,0.327,3078,15024,2810,9836
2025-09-26 07:30:00,,,,,115,,,154787,,,154777,,,,,,,9,,,,,,,77.9,,,,,,,,,150167,,,,,,,19.0,,,,,,,115,,,0.00390,0.348,0.00356,0.401,0.00492,0.388,0.00203,0.353,0.00475,0.369,0.00237,0.386,0.00390,0.389,0.00203,0.355,2052,13521,1873,8857
2025-09-26 07:32:00,,,,,211,,,155147,,,155137,,,,,,,10,,,,,,,72.8,,,,,,,,,150521,,,,,,,18.5,,,,,,,211,,,0.00322,0.354,0.00169,0.344,0.00407,0.342,0.00288,0.364,0.00492,0.343,0.00220,0.355,0.00508,0.369,0.00186,0.325,2565,17027,2342,11153
2025-09-26 07:34:00,,,,,125,,,155507,,,155497,,,,,,,4,,,,,,,72.1,,,,,,,,,150881,,,,,,,18.6,,,,,,,125,,,0.00322,0.417,0.00153,0.414,0.00271,0.423,0.00288,0.405,0.00390,0.409,0.00339,0.435,0.00322,0.438,0.00254,0.386,3078,14524,2810,9514
2025-09-26 07:36:00,,,,,57.0,,,155867,,,155857,,,,,,,2,,,,,,,75.9,,,,,,,,,151210,,,,,,,21.4,,,,,,,57.0,,,0.00339,0.282,0.00305,0.268,0.00458,0.284,0.00237,0.278,0.00475,0.279,0.00288,0.289,0.00169,0.265,0.00169,0.292,2566,17028,2342,11153
2025-09-26 07:38:00,,,,,162,,,156227,,,156217,,,,,,,7,,,,,,,70.5,,,,,,,,,151564,,,,,,,18.9,,,,,,,162,,,0.00441,0.428,0.00186,0.428,0.00407,0.418,0.00237,0.451,0.00271,0.441,0.00169,0.430,0.00441,0.461,0.00373,0.411,2565,15523,2342,10167
2025-09-26 07:40:00,,,,,171,,,156587,,,156577,,,,,,,6,,,,,,,65.7,,,,,,,,,151924,,,,,,,18.1,,,,,,,171,,,0.00390,0.442,0.00169,0.437,0.00390,0.466,0.00136,0.409,0.00339,0.419,0.00271,0.457,0.00475,0.416,0.00271,0.449,4105,15523,3279,10167
2025-09-26 07:42:00,,,,,125,,,156947,,,156937,,,,,,,5,,,,,,,74.4,,,,,,,,,152284,,,,,,,22.3,,,,,,,125,,,0.00305,0.395,0.00237,0.489,0.00492,0.472,0.00220,0.393,0.00373,0.434,0.00220,0.421,0.00305,0.456,0.00237,0.396,2052,12519,1873,8199
2025-09-26 07:44:00,,,,,127,,,157307,,,157297,,,,,,,6,,,,,,,73.0,,,,,,,,,152637,,,,,,,17.9,,,,,,,127,,,0.00271,0.315,0.00136,0.323,0.00525,0.338,0.00356,0.314,0.00390,0.317,0.00220,0.332,0.00220,0.325,0.00288,0.321,3592,14524,3278,9513
2025-09-26 07:46:00,,,,,89.7,,,157667,,,157657,,,,,,,4,,,,,,,72.0,,,,,,,,,152994,,,,,,,22.0,,,,,,,89.7,,,0.00356,0.348,0.00169,0.440,0.00407,0.405,0.00136,0.372,0.00305,0.392,0.00305,0.388,0.00407,0.400,0.00288,0.365,3079,13522,2810,8857
2025-09-26 07:48:00,,,,,194,,,158027,,,158017,,,,,,,10,,,,,,,58.7,,,,,,,,,153347,,,,,,,19.4,,,,,,,194,,,0.00441,0.312,0.00305,0.344,0.00305,0.347,0.00356,0.316,0.00203,0.338,0.00220,0.326,0.00288,0.322,0.00237,0.335,2565,14522,2342,9510
2025-09-26 07:50:00,,,,,54.9,,,158387,,,158377,,,,,,,6,,,,,,,78.2,,,,,,,,,153698,,,,,,,23.1,,,,,,,54.9,,,0.00305,0.331,0.00356,0.364,0.00305,0.349,0.00356,0.335,0.00186,0.327,0.00254,0.356,0.00288,0.370,0.00288,0.307,2052,17527,1873,11479
2025-09-26 07:52:00,,,,,157,,,158747,,,158737,,,,,,,7,,,,,,,69.0,,,,,,,,,154047,,,,,,,19.2,,,,,,,157,,,0.00271,0.367,0.00339,0.343,0.00373,0.358,0.00271,0.362,0.00288,0.352,0.00169,0.377,0.00220,0.373,0.00288,0.323,4105,12521,3747,8200
2025-09-26 07:54:00,,,,,164,,,159107,,,159097,,,,,,,7,,,,,,,68.7,,,,,,,,,154401,,,,,,,20.1,,,,,,,164,,,0.00441,0.336,0.00373,0.384,0.00407,0.376,0.00220,0.357,0.00271,0.390,0.00288,0.342,0.00203,0.342,0.00339,0.385,1539,13522,1405,8856
2025-09-26 07:56:00,,,,,51.8,,,159467,,,159457,,,,,,,2,,,,,,,79.8,,,,,,,,,154762,,,,,,,20.5,,,,,,,51.8,,,0.00458,0.358,0.00237,0.339,0.00271,0.363,0.00271,0.326,0.00271,0.336,0.00356,0.343,0.00186,0.350,0.00254,0.353,1539,15526,1405,10168
2025-09-26 07:58:00,,,,,36.0,,,159827,,,159817,,,,,,,1,,,,,,,75.7,,,,,,,,,155089,,,,,,,25.9,,,,,,,36.0,,,0.00356,0.321,0.00254,0.324,0.00339,0.336,0.00220,0.319,0.00322,0.326,0.00237,0.341,0.00458,0.335,0.00220,0.321,1026,16028,468,10497
2025-09-26 08:00:00,,,,,41.8,,,160187,,,160177,,,,,,,2,,,,,,,78.6,,,,,,,,,155423,,,,,,,21.5,,,,,,,41.8,,,0.00390,0.279,0.00322,0.273,0.00237,0.282,0.00254,0.287,0.00441,0.284,0.00203,0.301,0.00424,0.295,0.00186,0.276,1026,12520,937,8199
2025-09-26 08:02:00,,,,,113,,,160547,,,160537,,,,,,,4,,,,,,,76.6,,,,,,,,,155774,,,,,,,26.6,,,,,,,113,,,0.00339,0.311,0.00153,0.356,0.00559,0.345,0.00169,0.317,0.00373,0.347,0.00237,0.335,0.00305,0.349,0.00169,0.321,3079,16528,2810,10825
2025-09-26 08:04:00,,,,,112,,,160907,,,160897,,,,,,,5,,,,,,,68.6,,,,,,,,,156126,,,,,,,18.8,,,,,,,112,,,0.00322,0.326,0.00288,0.348,0.00254,0.338,0.00271,0.339,0.00254,0.325,0.00254,0.325,0.00542,0.341,0.00153,0.337,2566,16026,2342,10494
2025-09-26 08:06:00,,,,,92.6,,,161267,,,161257,,,,,,,4,,,,,,,75.6,,,,,,,,,156477,,,,,,,19.0,,,,,,,92.6,,,0.00458,0.317,0.00220,0.337,0.00305,0.321,0.00254,0.341,0.00339,0.338,0.00322,0.315,0.00339,0.336,0.00102,0.307,2566,15025,2342,9840
2025-09-26 08:08:00,,,,,48.1,,,161627,,,161617,,,,,,,2,,,,,,,76.9,,,,,,,,,156822,,,,,,,18.6,,,,,,,48.1,,,0.00356,0.306,0.00441,0.298,0.00356,0.288,0.00203,0.295,0.00220,0.293,0.00153,0.291,0.00254,0.303,0.00322,0.286,3592,15025,2810,9840
2025-09-26 08:10:00,,,,,36.6,,,161987,,,161977,,,,,,,1,,,,,,,86.5,,,,,,,,,157149,,,,,,,31.7,,,,,,,36.6,,,0.00288,0.278,0.00373,0.282,0.00441,0.267,0.00356,0.291,0.00339,0.277,0.00237,0.275,0.00322,0.286,0.00254,0.273,1539,14524,1405,9511
2025-09-26 08:12:00,,,,,120,,,162347,,,162337,,,,,,,6,,,,,,,77.1,,,,,,,,,157499,,,,,,,21.1,,,,,,,120,,,0.00407,0.335,0.00288,0.368,0.00407,0.343,0.00322,0.346,0.00390,0.371,0.00271,0.340,0.00407,0.354,0.00220,0.356,4618,15525,4215,10166
2025-09-26 08:14:00,,,,,115,,,162707,,,162697,,,,,,,4,,,,,,,84.8,,,,,,,,,157858,,,,,,,22.5,,,,,,,115,,,0.00475,0.429,0.00373,0.437,0.00339,0.457,0.00220,0.384,0.00305,0.452,0.00169,0.418,0.00305,0.428,0.00153,0.423,2565,15525,2341,10166
2025-09-26 08:16:00,,,,,34.9,,,163067,,,163057,,,,,,,1,,,,,,,72.6,,,,,,,,,158211,,,,,,,25.7,,,,,,,34.9,,,0.00339,0.332,0.00153,0.330,0.00373,0.359,0.00305,0.313,0.00492,0.325,0.00254,0.333,0.00339,0.340,0.00186,0.323,2052,13021,1873,8526
2025-09-26 08:18:00,,,,,157,,,163427,,,163417,,,,,,,7,,,,,,,78.4,,,,,,,,,158548,,,,,,,20.0,,,,,,,157,,,0.00508,0.364,0.00186,0.411,0.00373,0.388,0.00339,0.382,0.00271,0.389,0.00186,0.350,0.00322,0.364,0.00254,0.383,1539,16008,1405,9491
2025-09-26 08:20:00,,,,,211,,,163787,,,163777,,,,,,,6,,,,,,,55.2,,,,,,,,,158908,,,,,,,22.5,,,,,,,211,,,0.00373,0.414,0.00288,0.462,0.00339,0.454,0.00220,0.407,0.00441,0.428,0.00119,0.462,0.00169,0.438,0.00203,0.429,2053,15022,1873,9848
2025-09-26 08:22:00,,,,,63.4,,,164147,,,164137,,,,,,,5,,,,,,,83.2,,,,,,,,,159257,,,,,,,23.1,,,,,,,63.4,,,0.00356,0.347,0.00220,0.355,0.00542,0.346,0.00169,0.350,0.00373,0.356,0.00203,0.327,0.00339,0.354,0.00102,0.352,1026,16524,937,10833
2025-09-26 08:24:00,,,,,166,,,164507,,,164497,,,,,,,9,,,,,,,69.3,,,,,,,,,159616,,,,,,,18.2,,,,,,,166,,,0.00373,0.350,0.00136,0.344,0.00407,0.342,0.00373,0.343,0.00407,0.350,0.00119,0.331,0.00339,0.345,0.00203,0.358,1026,16525,937,10833
2025-09-26 08:26:00,,,,,82.1,,,164867,,,164857,,,,,,,3,,,,,,,78.2,,,,,,,,,159942,,,,,,,22.4,,,,,,,82.1,,,0.00356,0.291,0.00220,0.299,0.00322,0.295,0.00390,0.282,0.00305,0.298,0.00136,0.298,0.00492,0.305,0.00339,0.294,1540,16525,1405,10833
2025-09-26 08:28:00,,,,,44.4,,,165227,,,165217,,,,,,,2,,,,,,,64.4,,,,,,,,,160297,,,,,,,19.3,,,,,,,44.4,,,0.00322,0.390,0.00153,0.389,0.00169,0.389,0.00186,0.377,0.00441,0.393,0.00288,0.371,0.00339,0.385,0.00186,0.388,2053,13522,1874,8864
2025-09-26 08:30:00,,,,,44.5,,,165587,,,165577,,,,,,,7,,,,,,,79.6,,,,,,,,,160652,,,,,,,28.4,,,,,,,44.5,,,0.00305,0.339,0.00220,0.385,0.00339,0.354,0.00237,0.352,0.00407,0.382,0.00339,0.348,0.00339,0.352,0.00186,0.363,1539,13522,1405,8864
2025-09-26 08:32:00,,,,,52.7,,,165947,,,165937,,,,,,,2,,,,,,,78.6,,,,,,,,,161003,,,,,,,19.8,,,,,,,52.7,,,0.00356,0.266,0.00271,0.287,0.00373,0.263,0.00305,0.262,0.00288,0.277,0.00169,0.266,0.00169,0.257,0.00254,0.282,2053,16025,1873,10505
2025-09-26 08:34:00,,,,,185,,,166307,,,166297,,,,,,,8,,,,,,,74.9,,,,,,,,,161336,,,,,,,18.3,,,,,,,185,,,0.00271,0.394,0.00237,0.399,0.00237,0.412,0.00153,0.408,0.00169,0.404,0.00407,0.407,0.00407,0.407,0.00322,0.399,1026,15523,937,10175
2025-09-26 08:36:00,,,,,168,,,166667,,,166657,,,,,,,7,,,,,,,75.1,,,,,,,,,161696,,,,,,,18.6,,,,,,,168,,,0.00441,0.414,0.00169,0.453,0.00339,0.443,0.00169,0.396,0.00322,0.439,0.00356,0.419,0.00407,0.439,0.00305,0.429,2566,14523,2342,9520
2025-09-26 08:38:00,,,,,181,,,167027,,,167017,,,,,,,5,,,,,,,73.7,,,,,,,,,162056,,,,,,,18.7,,,,,,,181,,,0.00373,0.437,0.00136,0.408,0.00390,0.407,0.00203,0.439,0.00186,0.426,0.00237,0.425,0.00424,0.454,0.00322,0.377,1026,16522,937,10829
2025-09-26 08:40:00,,,,,97.8,,,167387,,,167377,,,,,,,4,,,,,,,78.5,,,,,,,,,162417,,,,,,,18.3,,,,,,,97.8,,,0.00390,0.364,0.00102,0.366,0.00356,0.385,0.000847,0.343,0.00339,0.369,0.00220,0.365,0.00373,0.354,0.00373,0.375,2566,12020,2342,7879
2025-09-26 08:42:00,,,,,27.5,,,167747,,,167737,,,,,,,1,,,,,,,83.2,,,,,,,,,162758,,,,,,,22.4,,,,,,,27.5,,,0.00305,0.311,0.00203,0.328,0.00441,0.301,0.00203,0.324,0.00339,0.311,0.00169,0.327,0.00407,0.317,0.00373,0.306,3079,15025,2810,9849
2025-09-26 08:44:00,,,,,213,,,168107,,,168097,,,,,,,7,,,,,,,58.7,,,,,,,,,163115,,,,,,,19.9,,,,,,,213,,,0.00373,0.445,0.00305,0.433,0.00356,0.397,0.00186,0.475,0.00271,0.480,0.00339,0.393,0.00254,0.475,0.00237,0.409,3592,13522,3278,8863
2025-09-26 08:46:00,,,,,140,,,168467,,,168457,,,,,,,8,,,,,,,82.4,,,,,,,,,163475,,,,,,,18.0,,,,,,,140,,,0.00220,0.420,0.00220,0.441,0.00390,0.437,0.00339,0.434,0.00322,0.449,0.00254,0.417,0.00339,0.441,0.00237,0.419,4105,15024,3747,9847
2025-09-26 08:48:00,,,,,166,,,168827,,,168817,,,,,,,8,,,,,,,75.7,,,,,,,,,163835,,,,,,,20.6,,,,,,,166,,,0.0436,0.446,0.0203,0.440,0.0339,0.416,0.0122,0.466,0.0292,0.484,0.0456,0.437,0.0390,0.465,0.0290,0.429,11779,14522,13946,9517
2025-09-26 08:50:00,,,,,138,,,169187,,,169177,,,,,,,9,,,,,,,76.6,,,,,,,,,164195,,,,,,,22.1,,,,,,,138,,,0.00593,0.418,0.00136,0.466,0.00373,0.451,0.00305,0.420,0.00271,0.436,0.00271,0.469,0.00288,0.447,0.00237,0.439,4105,14523,3738,9518
2025-09-26 08:52:00,,,,,115,,,169547,,,169537,,,,,,,5,,,,,,,76.9,,,,,,,,,164555,,,,,,,25.3,,,,,,,115,,,0.00441,0.344,0.00356,0.422,0.00220,0.373,0.00153,0.366,0.00254,0.395,0.00356,0.357,0.00390,0.413,0.00305,0.344,2566,15525,2336,10174
2025-09-26 08:54:00,,,,,29.3,,,169907,,,169897,,,,,,,4,,,,,,,87.6,,,,,,,,,164888,,,,,,,22.6,,,,,,,29.3,,,0.00424,0.291,0.00203,0.288,0.00288,0.310,0.00203,0.263,0.00322,0.285,0.00119,0.300,0.00559,0.287,0.00356,0.296,1026,15526,935,10176
2025-09-26 08:56:00,,,,,43.1,,,170267,,,170257,,,,,,,2,,,,,,,75.7,,,,,,,,,165243,,,,,,,18.5,,,,,,,43.1,,,0.00458,0.347,0.00186,0.360,0.00475,0.353,0.00203,0.336,0.00356,0.353,0.00186,0.344,0.00339,0.367,0.00288,0.328,5645,14523,5140,9518
2025-09-26 08:58:00,,,,,110,,,170627,,,170617,,,,,,,5,,,,,,,76.1,,,,,,,,,165592,,,,,,,18.3,,,,,,,110,,,0.00288,0.285,0.00203,0.316,0.00407,0.290,0.00339,0.311,0.00373,0.298,0.00119,0.292,0.00407,0.279,0.00424,0.325,3592,14024,3271,9519
2025-09-26 09:00:00,,,,,83.9,,,170987,,,170977,,,,,,,4,,,,,,,88.0,,,,,,,,,165932,,,,,,,18.3,,,,,,,83.9,,,0.00407,0.365,0.00186,0.351,0.00322,0.351,0.00271,0.373,0.00390,0.362,0.00254,0.361,0.00525,0.378,0.00186,0.326,3079,16526,2804,10829
2025-09-26 09:02:00,,,,,156,,,171347,,,171337,,,,,,,7,,,,,,,66.9,,,,,,,,,166291,,,,,,,18.5,,,,,,,156,,,0.00576,0.444,0.00203,0.443,0.00169,0.437,0.00305,0.446,0.00373,0.434,0.00271,0.454,0.00322,0.475,0.00271,0.399,3592,16520,3271,10824
2025-09-26 09:04:00,,,,,170,,,171707,,,171697,,,,,,,8,,,,,,,74.6,,,,,,,,,166651,,,,,,,27.6,,,,,,,170,,,0.00305,0.417,0.00288,0.456,0.00356,0.469,0.00102,0.406,0.00271,0.428,0.00339,0.461,0.00475,0.442,0.00220,0.429,3592,15021,3270,9842
2025-09-26 09:06:00,,,,,178,,,172067,,,172057,,,,,,,8,,,,,,,60.6,,,,,,,,,167009,,,,,,,23.0,,,,,,,178,,,0.00339,0.383,0.00254,0.411,0.00322,0.404,0.00169,0.373,0.00220,0.372,0.00254,0.415,0.00407,0.420,0.00356,0.363,1026,15522,934,10169
2025-09-26 09:08:00,,,,,146,,,172427,,,172417,,,,,,,6,,,,,,,59.2,,,,,,,,,167369,,,,,,,19.8,,,,,,,146,,,0.00322,0.395,0.00254,0.465,0.00424,0.432,0.00186,0.458,0.00271,0.480,0.00288,0.384,0.00390,0.443,0.00322,0.427,4105,15022,3738,9842
2025-09-26 09:10:00,,,,,23.8,,,172787,,,172777,,,,,,,0,,,,,,,81.2,,,,,,,,,167714,,,,,,,19.7,,,,,,,23.8,,,0.00390,0.346,0.00356,0.339,0.00390,0.337,0.00186,0.344,0.00271,0.357,0.00169,0.339,0.00525,0.346,0.00305,0.335,5131,13521,4672,8859
2025-09-26 09:12:00,,,,,100,,,173147,,,173137,,,,,,,3,,,,,,,72.4,,,,,,,,,168058,,,,,,,22.6,,,,,,,100,,,0.00441,0.387,0.00288,0.370,0.00407,0.391,0.00220,0.362,0.00271,0.379,0.00169,0.377,0.00305,0.394,0.00220,0.358,2052,15524,1869,10172
2025-09-26 09:14:00,,,,,120,,,173507,,,173497,,,,,,,5,,,,,,,76.3,,,,,,,,,168419,,,,,,,18.6,,,,,,,120,,,0.00373,0.405,0.00271,0.426,0.00305,0.411,0.00169,0.426,0.00220,0.408,0.00220,0.415,0.00373,0.433,0.00288,0.381,0.00225,15022,0,9841
2025-09-26 09:16:00,,,,,70.2,,,173867,,,173857,,,,,,,3,,,,,,,72.3,,,,,,,,,168776,,,,,,,19.6,,,,,,,70.2,,,0.00339,0.373,0.00356,0.405,0.00458,0.395,0.00186,0.387,0.00390,0.378,0.00237,0.397,0.00288,0.425,0.00305,0.360,3078,13522,2803,8860
2025-09-26 09:18:00,,,,,45.4,,,174227,,,174217,,,,,,,2,,,,,,,75.0,,,,,,,,,169125,,,,,,,19.6,,,,,,,45.4,,,0.00322,0.296,0.00271,0.296,0.00356,0.310,0.00407,0.293,0.00237,0.305,0.00169,0.290,0.00288,0.299,0.00203,0.304,2052,15525,1868,10172
2025-09-26 09:20:00,,,,,71.4,,,174587,,,174577,,,,,,,3,,,,,,,78.7,,,,,,,,,169450,,,,,,,18.5,,,,,,,71.4,,,0.00237,0.254,0.00271,0.289,0.00390,0.291,0.00203,0.274,0.00356,0.287,0.00186,0.292,0.00288,0.285,0.00237,0.284,1026,13523,934,8859
2025-09-26 09:22:00,,,,,48.6,,,174947,,,174937,,,,,,,2,,,,,,,79.9,,,,,,,,,169798,,,,,,,19.7,,,,,,,48.6,,,0.00271,0.319,0.00288,0.322,0.00356,0.304,0.00220,0.330,0.00322,0.320,0.00136,0.303,0.00339,0.318,0.00186,0.306,1026,16526,934,10826
2025-09-26 09:24:00,,,,,217,,,175307,,,175297,,,,,,,10,,,,,,,62.2,,,,,,,,,170134,,,,,,,19.1,,,,,,,217,,,0.00356,0.352,0.00237,0.367,0.00254,0.383,0.00237,0.330,0.00508,0.359,0.00153,0.359,0.00339,0.382,0.00220,0.337,1026,14022,467,9186
2025-09-26 09:26:00,,,,,209,,,175667,,,175657,,,,,,,7,,,,,,,61.7,,,,,,,,,170491,,,,,,,19.2,,,,,,,209,,,0.00220,0.394,0.00119,0.415,0.00373,0.425,0.00305,0.378,0.00390,0.412,0.00169,0.384,0.00441,0.436,0.00203,0.365,1026,15022,467,9840
2025-09-26 09:28:00,,,,,69.4,,,176027,,,176017,,,,,,,3,,,,,,,78.8,,,,,,,,,170823,,,,,,,23.0,,,,,,,69.4,,,0.00373,0.296,0.00169,0.309,0.00220,0.306,0.00254,0.303,0.00458,0.312,0.00254,0.293,0.00339,0.325,0.00203,0.260,2052,16027,1868,10500
2025-09-26 09:30:00,,,,,113,,,176387,,,176377,,,,,,,5,,,,,,,76.2,,,,,,,,,171172,,,,,,,19.6,,,,,,,113,,,0.00390,0.358,0.00305,0.389,0.00373,0.403,0.00322,0.357,0.00373,0.399,0.00322,0.381,0.00356,0.396,0.00136,0.367,1539,14519,1401,9510
2025-09-26 09:32:00,,,,,153,,,176747,,,176737,,,,,,,8,,,,,,,72.6,,,,,,,,,171530,,,,,,,22.7,,,,,,,153,,,0.00339,0.434,0.00237,0.412,0.00475,0.422,0.00220,0.429,0.00322,0.431,0.00153,0.413,0.00424,0.434,0.00186,0.404,2052,14520,1869,9510
2025-09-26 09:34:00,,,,,41.8,,,177107,,,177097,,,,,,,2,,,,,,,82.7,,,,,,,,,171887,,,,,,,17.9,,,,,,,41.8,,,0.00356,0.333,0.00186,0.303,0.00305,0.307,0.00186,0.323,0.00390,0.318,0.00169,0.321,0.00356,0.324,0.00203,0.297,1026,12521,934,8206
2025-09-26 09:36:00,,,,,31.9,,,177467,,,177457,,,,,,,1,,,,,,,78.5,,,,,,,,,172227,,,,,,,25.7,,,,,,,31.9,,,0.00356,0.287,0.00153,0.297,0.00441,0.313,0.00203,0.278,0.00322,0.298,0.00271,0.314,0.00237,0.293,0.00339,0.287,1026,12520,934,8206
2025-09-26 09:38:00,,,,,28.9,,,177827,,,177817,,,,,,,1,,,,,,,83.1,,,,,,,,,172566,,,,,,,22.7,,,,,,,28.9,,,0.00339,0.307,0.00237,0.300,0.00322,0.288,0.00305,0.298,0.00356,0.301,0.00288,0.310,0.00373,0.294,0.00356,0.302,3078,11520,2335,7550
2025-09-26 09:40:00,,,,,169,,,178187,,,178177,,,,,,,8,,,,,,,79.8,,,,,,,,,172924,,,,,,,23.1,,,,,,,169,,,0.00508,0.370,0.00220,0.467,0.00458,0.452,0.00220,0.362,0.00305,0.406,0.00203,0.433,0.00322,0.434,0.00254,0.409,513,16024,467,10501
2025-09-26 09:42:00,,,,,130,,,178547,,,178537,,,,,,,7,,,,,,,70.1,,,,,,,,,173284,,,,,,,18.2,,,,,,,130,,,0.00305,0.402,0.00237,0.428,0.00373,0.434,0.00271,0.395,0.00305,0.405,0.00169,0.434,0.00356,0.442,0.00356,0.400,4104,14022,3736,9189
2025-09-26 09:44:00,,,,,156,,,178907,,,178897,,,,,,,7,,,,,,,82.5,,,,,,,,,173636,,,,,,,19.1,,,,,,,156,,,0.00424,0.337,0.00322,0.369,0.00322,0.366,0.00220,0.334,0.00322,0.359,0.00203,0.360,0.00305,0.373,0.00288,0.342,2052,17527,1868,11485
2025-09-26 09:46:00,,,,,147,,,179267,,,179257,,,,,,,6,,,,,,,75.2,,,,,,,,,173987,,,,,,,18.9,,,,,,,147,,,0.00356,0.327,0.00254,0.304,0.00559,0.311,0.00136,0.322,0.00237,0.315,0.00305,0.312,0.00237,0.308,0.00203,0.302,1539,16027,1401,10503
2025-09-26 09:48:00,,,,,165,,,179627,,,179617,,,,,,,6,,,,,,,72.8,,,,,,,,,174334,,,,,,,18.5,,,,,,,165,,,0.00305,0.384,0.00322,0.375,0.00475,0.348,0.00136,0.405,0.00356,0.380,0.00288,0.378,0.00288,0.412,0.00186,0.353,1539,16024,1401,10500
2025-09-26 09:50:00,,,,,155,,,179987,,,179977,,,,,,,8,,,,,,,81.9,,,,,,,,,174694,,,,,,,21.8,,,,,,,155,,,0.00407,0.363,0.00203,0.365,0.00407,0.356,0.00288,0.353,0.00322,0.370,0.00153,0.362,0.00458,0.338,0.00339,0.390,2053,14524,1869,9517
2025-09-26 09:52:00,,,,,22.3,,,180347,,,180337,,,,,,,1,,,,,,,85.3,,,,,,,,,175034,,,,,,,17.5,,,,,,,22.3,,,0.00288,0.303,0.00169,0.300,0.00441,0.287,0.00119,0.310,0.00458,0.297,0.00203,0.302,0.00254,0.303,0.00305,0.294,2053,14526,1401,9847
2025-09-26 09:54:00,,,,,106,,,180707,,,180697,,,,,,,4,,,,,,,80.4,,,,,,,,,175385,,,,,,,20.7,,,,,,,106,,,0.00203,0.328,0.00203,0.330,0.00508,0.310,0.00136,0.337,0.00458,0.335,0.00203,0.320,0.00237,0.333,0.00237,0.329,513,13022,467,8532
2025-09-26 09:56:00,,,,,164,,,181067,,,181057,,,,,,,6,,,,,,,65.2,,,,,,,,,175738,,,,,,,17.5,,,,,,,164,,,0.00407,0.382,0.00237,0.402,0.00237,0.392,0.00373,0.383,0.00356,0.340,0.00305,0.434,0.00203,0.392,0.00254,0.395,1539,15521,1401,10167
2025-09-26 09:58:00,,,,,168,,,181427,,,181417,,,,,,,8,,,,,,,70.0,,,,,,,,,176098,,,,,,,18.0,,,,,,,168,,,0.00424,0.483,0.00186,0.398,0.00339,0.425,0.00339,0.457,0.00305,0.494,0.00119,0.385,0.00254,0.438,0.00186,0.439,2052,17027,1868,11154
2025-09-26 10:00:00,,,,,184,,,181787,,,181777,,,,,,,8,,,,,,,55.7,,,,,,,,,176457,,,,,,,17.9,,,,,,,184,,,0.00373,0.415,0.00203,0.420,0.00339,0.388,0.00373,0.462,0.00559,0.441,0.00153,0.398,0.00237,0.431,0.00254,0.397,1539,14020,1401,9183
2025-09-26 10:02:00,,,,,31.6,,,182147,,,182137,,,,,,,1,,,,,,,76.5,,,,,,,,,176805,,,,,,,24.7,,,,,,,31.6,,,0.00508,0.288,0.00271,0.285,0.00271,0.275,0.00254,0.301,0.00356,0.277,0.00186,0.311,0.00288,0.293,0.00288,0.291,1026,16025,934,10497
2025-09-26 10:04:00,,,,,131,,,182507,,,182497,,,,,,,6,,,,,,,63.1,,,,,,,,,177139,,,,,,,18.2,,,,,,,131,,,0.00559,0.314,0.00220,0.318,0.00305,0.326,0.00356,0.298,0.00136,0.304,0.00169,0.304,0.00203,0.321,0.00220,0.313,1026,14019,934,9182
2025-09-26 10:06:00,,,,,62.4,,,182867,,,182857,,,,,,,3,,,,,,,82.1,,,,,,,,,177428,,,,,,,18.3,,,,,,,62.4,,,0.00576,0.279,0.00305,0.293,0.00373,0.276,0.00339,0.290,0.00339,0.292,0.00153,0.305,0.00153,0.309,0.00203,0.274,1539,13523,934,8858
2025-09-26 10:08:00,,,,,30.6,,,183227,,,183217,,,,,,,1,,,,,,,80.9,,,,,,,,,177764,,,,,,,23.6,,,,,,,30.6,,,0.00356,0.273,0.00203,0.281,0.00356,0.279,0.00271,0.279,0.00356,0.282,0.00136,0.249,0.00339,0.274,0.00186,0.277,1539,16528,1401,10826
2025-09-26 10:10:00,,,,,137,,,183587,,,183577,,,,,,,6,,,,,,,76.5,,,,,,,,,178118,,,,,,,18.6,,,,,,,137,,,0.00356,0.355,0.00169,0.369,0.00305,0.347,0.00407,0.376,0.00390,0.373,0.00254,0.356,0.00339,0.385,0.00169,0.320,2566,14023,2335,9184
2025-09-26 10:12:00,,,,,106,,,183947,,,183937,,,,,,,6,,,,,,,73.7,,,,,,,,,178469,,,,,,,19.4,,,,,,,106,,,0.00339,0.304,0.00237,0.328,0.00424,0.295,0.00407,0.330,0.00254,0.327,0.00288,0.325,0.00288,0.325,0.00237,0.290,513,17027,467,11152
2025-09-26 10:14:00,,,,,54.1,,,184307,,,184297,,,,,,,2,,,,,,,78.4,,,,,,,,,178830,,,,,,,24.2,,,,,,,54.1,,,0.00458,0.414,0.00186,0.395,0.00305,0.444,0.00288,0.379,0.00237,0.408,0.00169,0.414,0.00288,0.434,0.00237,0.397,1539,13021,1401,8527
2025-09-26 10:16:00,,,,,32.3,,,184667,,,184657,,,,,,,1,,,,,,,80.7,,,,,,,,,179190,,,,,,,25.5,,,,,,,32.3,,,0.00424,0.414,0.00153,0.459,0.00305,0.474,0.00186,0.381,0.00254,0.393,0.00153,0.454,0.00237,0.470,0.00153,0.386,1026,15021,934,9837
2025-09-26 10:18:00,,,,,32.1,,,185027,,,185017,,,,,,,1,,,,,,,81.0,,,,,,,,,179546,,,,,,,25.1,,,,,,,32.1,,,0.00424,0.351,0.00305,0.353,0.00305,0.338,0.00288,0.376,0.00356,0.351,0.00153,0.356,0.00373,0.343,0.00119,0.361,1026,14522,934,9510
2025-09-26 10:20:00,,,,,155,,,185387,,,185377,,,,,,,10,,,,,,,76.2,,,,,,,,,179897,,,,,,,17.8,,,,,,,155,,,0.00407,0.392,0.00203,0.412,0.00508,0.410,0.00254,0.385,0.00407,0.382,0.00153,0.414,0.00220,0.428,0.00203,0.345,2565,16025,2335,10494
2025-09-26 10:22:00,,,,,31.4,,,185747,,,185737,,,,,,,1,,,,,,,75.3,,,,,,,,,180243,,,,,,,25.1,,,,,,,31.4,,,0.00254,0.299,0.00203,0.300,0.00373,0.309,0.00220,0.297,0.00441,0.303,0.00119,0.298,0.00254,0.302,0.00254,0.297,2052,15525,1868,10167
2025-09-26 10:24:00,,,,,63.8,,,186107,,,186097,,,,,,,3,,,,,,,86.8,,,,,,,,,180595,,,,,,,18.7,,,,,,,63.8,,,0.00508,0.338,0.00203,0.338,0.00390,0.317,0.00153,0.342,0.00322,0.344,0.00169,0.323,0.00339,0.340,0.00254,0.320,2052,15524,1401,10166
2025-09-26 10:26:00,,,,,74.1,,,186467,,,186457,,,,,,,3,,,,,,,79.5,,,,,,,,,180953,,,,,,,19.5,,,,,,,74.1,,,0.00542,0.321,0.00186,0.351,0.00322,0.330,0.00254,0.314,0.00254,0.334,0.00119,0.324,0.00339,0.335,0.00237,0.306,1539,15524,1401,10166
2025-09-26 10:28:00,,,,,32.1,,,186827,,,186817,,,,,,,1,,,,,,,79.1,,,,,,,,,181299,,,,,,,25.4,,,,,,,32.1,,,0.00305,0.301,0.00169,0.294,0.00407,0.297,0.00153,0.307,0.00424,0.293,0.00254,0.322,0.00339,0.319,0.00186,0.284,1026,15525,934,10166
2025-09-26 10:30:00,,,,,67.4,,,187187,,,187177,,,,,,,3,,,,,,,73.3,,,,,,,,,181646,,,,,,,18.7,,,,,,,67.4,,,0.00339,0.319,0.00220,0.327,0.00237,0.316,0.00237,0.325,0.00458,0.343,0.00169,0.315,0.00322,0.327,0.00254,0.312,1026,14522,934,9508
2025-09-26 10:32:00,,,,,63.6,,,187547,,,187537,,,,,,,4,,,,,,,79.8,,,,,,,,,181936,,,,,,,20.2,,,,,,,63.6,,,0.00390,0.266,0.00203,0.269,0.00254,0.262,0.00237,0.279,0.00492,0.266,0.00186,0.266,0.00203,0.276,0.00153,0.258,513,16528,467,10823
2025-09-26 10:34:00,,,,,150,,,187907,,,187897,,,,,,,8,,,,,,,72.8,,,,,,,,,182283,,,,,,,17.8,,,,,,,150,,,0.00271,0.338,0.00169,0.363,0.00322,0.339,0.00441,0.356,0.00508,0.350,0.00102,0.349,0.00271,0.361,0.00186,0.320,2052,13521,1401,8853
2025-09-26 10:36:00,,,,,175,,,188267,,,188257,,,,,,,9,,,,,,,72.8,,,,,,,,,182643,,,,,,,19.4,,,,,,,175,,,0.00186,0.436,0.00136,0.451,0.00356,0.404,0.00339,0.490,0.00373,0.469,0.00254,0.409,0.00390,0.488,0.00153,0.392,1026,16023,934,10491
2025-09-26 10:38:00,,,,,30.7,,,188627,,,188617,,,,,,,1,,,,,,,82.8,,,,,,,,,182980,,,,,,,25.5,,,,,,,30.7,,,0.00407,0.284,0.00203,0.278,0.00305,0.290,0.00339,0.288,0.00356,0.296,0.00220,0.277,0.00407,0.295,0.00169,0.284,1026,13522,934,8854
2025-09-26 10:40:00,,,,,74.0,,,188987,,,188977,,,,,,,3,,,,,,,81.5,,,,,,,,,183321,,,,,,,18.1,,,,,,,74.0,,,0.00356,0.325,0.00339,0.329,0.00288,0.317,0.00305,0.333,0.00305,0.338,0.00186,0.301,0.00271,0.340,0.00373,0.310,1539,12520,1401,8197
2025-09-26 10:42:00,,,,,25.8,,,189347,,,189337,,,,,,,1,,,,,,,82.4,,,,,,,,,183664,,,,,,,22.3,,,,,,,25.8,,,0.00356,0.289,0.00220,0.307,0.00322,0.283,0.00186,0.302,0.00424,0.285,0.00169,0.295,0.00390,0.281,0.00254,0.295,1539,16024,1401,10491
2025-09-26 10:44:00,,,,,44.1,,,189707,,,189697,,,,,,,2,,,,,,,81.1,,,,,,,,,183990,,,,,,,18.7,,,,,,,44.1,,,0.00339,0.310,0.00203,0.337,0.00339,0.327,0.00203,0.311,0.00559,0.321,0.00203,0.315,0.00475,0.318,0.00288,0.321,1026,16023,934,10161
2025-09-26 10:46:00,,,,,69.9,,,190067,,,190057,,,,,,,3,,,,,,,79.2,,,,,,,,,184349,,,,,,,23.2,,,,,,,69.9,,,0.00458,0.314,0.00220,0.379,0.00390,0.354,0.00153,0.343,0.00339,0.347,0.00203,0.353,0.00424,0.363,0.00220,0.339,4105,14522,3736,9507
2025-09-26 10:48:00,,,,,31.9,,,190427,,,190417,,,,,,,1,,,,,,,82.6,,,,,,,,,184693,,,,,,,27.2,,,,,,,31.9,,,0.00373,0.267,0.00203,0.266,0.00356,0.259,0.00220,0.266,0.00288,0.268,0.00186,0.274,0.00441,0.259,0.00271,0.272,2565,15027,1868,9839
2025-09-26 10:50:00,,,,,21.8,,,190787,,,190777,,,,,,,1,,,,,,,81.0,,,,,,,,,185018,,,,,,,17.6,,,,,,,21.8,,,0.00305,0.306,0.00288,0.310,0.00356,0.312,0.00373,0.287,0.00288,0.300,0.00271,0.311,0.00424,0.287,0.00102,0.290,1026,14525,934,9509
2025-09-26 10:52:00,,,,,74.6,,,191147,,,191137,,,,,,,6,,,,,,,77.9,,,,,,,,,185375,,,,,,,18.9,,,,,,,74.6,,,0.00441,0.395,0.00305,0.386,0.00203,0.394,0.00220,0.380,0.00441,0.397,0.00186,0.400,0.00169,0.413,0.00153,0.357,1026,14022,467,9180
2025-09-26 10:54:00,,,,,137,,,191507,,,191497,,,,,,,7,,,,,,,77.6,,,,,,,,,185735,,,,,,,19.3,,,,,,,137,,,0.00237,0.427,0.00220,0.455,0.00186,0.470,0.00237,0.390,0.00424,0.436,0.00305,0.447,0.00356,0.422,0.00102,0.437,1539,13020,1401,8522
2025-09-26 10:56:00,,,,,190,,,191867,,,191857,,,,,,,7,,,,,,,63.6,,,,,,,,,186095,,,,,,,18.4,,,,,,,190,,,0.00356,0.400,0.00271,0.475,0.00339,0.482,0.00203,0.399,0.00305,0.449,0.00136,0.427,0.00475,0.434,0.00237,0.424,1026,14521,934,9505
2025-09-26 10:58:00,,,,,184,,,192227,,,192217,,,,,,,7,,,,,,,75.3,,,,,,,,,186455,,,,,,,19.8,,,,,,,184,,,0.00237,0.425,0.00254,0.457,0.00390,0.435,0.00136,0.435,0.00322,0.435,0.00220,0.451,0.00390,0.500,0.00254,0.361,2053,13019,1868,8522
2025-09-26 11:00:00,,,,,152,,,192587,,,192577,,,,,,,8,,,,,,,68.3,,,,,,,,,186815,,,,,,,18.4,,,,,,,152,,,0.00288,0.430,0.00322,0.431,0.00203,0.426,0.00288,0.447,0.00542,0.433,0.00203,0.434,0.00390,0.448,0.00271,0.402,2053,13520,1868,8850
2025-09-26 11:02:00,,,,,52.1,,,192947,,,192937,,,,,,,0,,,,,,,81.4,,,,,,,,,187164,,,,,,,20.4,,,,,,,52.1,,,0.00441,0.280,0.00271,0.313,0.00322,0.308,0.00237,0.286,0.00441,0.307,0.00153,0.292,0.00424,0.291,0.00203,0.303,2053,13523,1868,8524
2025-09-26 11:04:00,,,,,83.7,,,193307,,,193297,,,,,,,4,,,,,,,79.2,,,,,,,,,187508,,,,,,,19.4,,,,,,,83.7,,,0.00339,0.293,0.00169,0.311,0.00356,0.302,0.00237,0.297,0.00288,0.308,0.00305,0.307,0.00390,0.302,0.00237,0.295,1026,15024,934,9834
2025-09-26 11:06:00,,,,,154,,,193667,,,193657,,,,,,,5,,,,,,,71.9,,,,,,,,,187866,,,,,,,18.8,,,,,,,154,,,0.00373,0.418,0.00237,0.435,0.00305,0.439,0.00254,0.405,0.00288,0.436,0.00441,0.408,0.00373,0.415,0.00119,0.433,1539,14521,1401,9504
2025-09-26 11:08:00,,,,,30.4,,,194027,,,194017,,,,,,,1,,,,,,,80.9,,,,,,,,,188211,,,,,,,25.5,,,,,,,30.4,,,0.00373,0.295,0.00305,0.305,0.00254,0.299,0.00271,0.289,0.00322,0.312,0.00169,0.294,0.00305,0.312,0.00237,0.310,3078,14523,2801,9506
2025-09-26 11:10:00,,,,,137,,,194387,,,194377,,,,,,,6,,,,,,,76.7,,,,,,,,,188570,,,,,,,21.9,,,,,,,137,,,0.00407,0.432,0.00203,0.411,0.00339,0.440,0.00237,0.396,0.00458,0.411,0.00153,0.433,0.00407,0.470,0.000847,0.375,513,14020,467,9175
2025-09-26 11:12:00,,,,,20.8,,,194747,,,194737,,,,,,,1,,,,,,,84.0,,,,,,,,,188914,,,,,,,19.4,,,,,,,20.8,,,0.00525,0.266,0.00186,0.274,0.00220,0.267,0.00373,0.271,0.00356,0.278,0.00220,0.275,0.00339,0.268,0.00153,0.288,1026,15023,934,9832
2025-09-26 11:14:00,,,,,256,,,195107,,,195097,,,,,,,10,,,,,,,64.4,,,,,,,,,189272,,,,,,,19.4,,,,,,,256,,,0.00441,0.429,0.00203,0.443,0.00458,0.468,0.00237,0.417,0.00237,0.407,0.00203,0.461,0.00356,0.429,0.00186,0.440,1539,14020,1401,9175
2025-09-26 11:16:00,,,,,89.2,,,195467,,,195457,,,,,,,4,,,,,,,79.0,,,,,,,,,189630,,,,,,,18.9,,,,,,,89.2,,,0.00322,0.301,0.00322,0.304,0.00254,0.299,0.00203,0.296,0.00508,0.305,0.00153,0.316,0.00237,0.317,0.00169,0.273,1539,15026,934,9839
2025-09-26 11:18:00,,,,,91.1,,,195827,,,195817,,,,,,,4,,,,,,,83.1,,,,,,,,,189962,,,,,,,22.3,,,,,,,91.1,,,0.00390,0.295,0.00186,0.325,0.00390,0.293,0.00203,0.322,0.00237,0.328,0.00271,0.308,0.00390,0.329,0.00288,0.293,1026,14023,934,9182
2025-09-26 11:20:00,,,,,111,,,196187,,,196177,,,,,,,5,,,,,,,72.8,,,,,,,,,190309,,,,,,,26.6,,,,,,,111,,,0.00475,0.362,0.00237,0.368,0.00254,0.363,0.00322,0.373,0.00288,0.362,0.00136,0.370,0.00288,0.377,0.00288,0.362,1026,15020,934,9833
2025-09-26 11:22:00,,,,,31.9,,,196547,,,196537,,,,,,,1,,,,,,,79.0,,,,,,,,,190669,,,,,,,25.6,,,,,,,31.9,,,0.00373,0.365,0.00339,0.373,0.00322,0.361,0.00136,0.384,0.00322,0.402,0.00119,0.357,0.00271,0.396,0.00237,0.380,513,16022,467,10489
2025-09-26 11:24:00,,,,,95.0,,,196907,,,196897,,,,,,,5,,,,,,,79.5,,,,,,,,,191000,,,,,,,19.0,,,,,,,95.0,,,0.00373,0.304,0.00169,0.305,0.00254,0.309,0.00203,0.309,0.00203,0.307,0.00271,0.292,0.00220,0.317,0.00271,0.304,1026,13522,934,9181
2025-09-26 11:26:00,,,,,59.9,,,197267,,,197257,,,,,,,3,,,,,,,82.5,,,,,,,,,191343,,,,,,,18.8,,,,,,,59.9,,,0.00559,0.298,0.00220,0.306,0.00322,0.307,0.00136,0.290,0.00305,0.309,0.00203,0.304,0.00458,0.304,0.00186,0.303,513,15025,467,9837
2025-09-26 11:28:00,,,,,93.9,,,197627,,,197617,,,,,,,4,,,,,,,82.2,,,,,,,,,191700,,,,,,,18.8,,,,,,,93.9,,,0.00322,0.331,0.00271,0.345,0.00339,0.353,0.00186,0.330,0.00254,0.328,0.00254,0.352,0.00322,0.330,0.00237,0.346,513,14022,467,9180
2025-09-26 11:30:00,,,,,190,,,197987,,,197977,,,,,,,8,,,,,,,68.8,,,,,,,,,192057,,,,,,,18.1,,,,,,,190,,,0.00339,0.446,0.00271,0.431,0.00458,0.417,0.00153,0.464,0.00356,0.414,0.00169,0.443,0.00339,0.459,0.00169,0.420,2052,14520,1401,9505
2025-09-26 11:32:00,,,,,138,,,198347,,,198337,,,,,,,6,,,,,,,78.9,,,,,,,,,192416,,,,,,,19.0,,,,,,,138,,,0.00559,0.364,0.00169,0.382,0.00390,0.380,0.00254,0.359,0.00271,0.397,0.00186,0.352,0.00339,0.364,0.00305,0.391,0.00583,17026,0.00424,11146
2025-09-26 11:34:00,,,,,50.4,,,198707,,,198697,,,,,,,2,,,,,,,82.7,,,,,,,,,192747,,,,,,,20.1,,,,,,,50.4,,,0.00458,0.338,0.00305,0.328,0.00220,0.316,0.00153,0.333,0.00254,0.336,0.00186,0.301,0.00339,0.321,0.00373,0.322,513,15023,467,9835
2025-09-26 11:36:00,,,,,171,,,199067,,,199057,,,,,,,8,,,,,,,65.4,,,,,,,,,193105,,,,,,,23.4,,,,,,,171,,,0.00305,0.445,0.00153,0.425,0.00339,0.401,0.00339,0.464,0.00254,0.441,0.00186,0.430,0.00322,0.459,0.00441,0.411,2052,17024,1867,11144
2025-09-26 11:38:00,,,,,192,,,199427,,,199417,,,,,,,9,,,,,,,62.8,,,,,,,,,193465,,,,,,,18.4,,,,,,,192,,,0.00458,0.441,0.00203,0.397,0.00390,0.403,0.00271,0.453,0.00305,0.455,0.00220,0.388,0.00305,0.421,0.00271,0.413,513,15521,467,10159
2025-09-26 11:40:00,,,,,144,,,199787,,,199777,,,,,,,9,,,,,,,74.1,,,,,,,,,193825,,,,,,,19.5,,,,,,,144,,,0.00339,0.423,0.00237,0.479,0.00305,0.459,0.00356,0.429,0.00271,0.456,0.00153,0.440,0.00305,0.464,0.00458,0.424,2565,14020,1867,9182
2025-09-26 11:42:00,,,,,100,,,200147,,,200137,,,,,,,4,,,,,,,73.1,,,,,,,,,194185,,,,,,,19.7,,,,,,,100,,,0.00288,0.414,0.00254,0.444,0.00356,0.437,0.00220,0.415,0.00288,0.472,0.00356,0.384,0.00288,0.452,0.00288,0.403,1026,14522,934,9510
2025-09-26 11:44:00,,,,,57.0,,,200507,,,200497,,,,,,,2,,,,,,,82.2,,,,,,,,,194516,,,,,,,24.9,,,,,,,57.0,,,0.00373,0.266,0.00119,0.276,0.00390,0.261,0.00339,0.265,0.00271,0.258,0.00254,0.259,0.00271,0.263,0.00254,0.264,1539,13522,934,8856
2025-09-26 11:46:00,,,,,93.9,,,200867,,,200857,,,,,,,5,,,,,,,80.1,,,,,,,,,194846,,,,,,,19.2,,,,,,,93.9,,,0.00237,0.322,0.00220,0.349,0.00356,0.342,0.00441,0.317,0.00288,0.331,0.00373,0.327,0.00237,0.327,0.00203,0.330,1026,15025,467,9841
2025-09-26 11:48:00,,,,,63.4,,,201227,,,201217,,,,,,,3,,,,,,,80.7,,,,,,,,,195201,,,,,,,19.2,,,,,,,63.4,,,0.00373,0.344,0.00288,0.341,0.00305,0.350,0.00305,0.342,0.00288,0.338,0.00203,0.339,0.00271,0.343,0.00254,0.336,1026,17526,934,11477
2025-09-26 11:50:00,,,,,88.9,,,201587,,,201577,,,,,,,4,,,,,,,80.0,,,,,,,,,195539,,,,,,,18.5,,,,,,,88.9,,,0.00525,0.300,0.00407,0.333,0.00356,0.297,0.00153,0.315,0.00356,0.318,0.00237,0.300,0.00203,0.306,0.00288,0.314,513,17528,467,11479
2025-09-26 11:52:00,,,,,171,,,201947,,,201937,,,,,,,9,,,,,,,75.8,,,,,,,,,195891,,,,,,,18.3,,,,,,,171,,,0.00322,0.398,0.00407,0.403,0.00271,0.407,0.00305,0.381,0.00237,0.417,0.00271,0.383,0.00390,0.407,0.00237,0.382,513,15024,467,9839
2025-09-26 11:54:00,,,,,26.6,,,202307,,,202297,,,,,,,1,,,,,,,86.3,,,,,,,,,196224,,,,,,,22.9,,,,,,,26.6,,,0.00373,0.289,0.00390,0.311,0.00322,0.301,0.00186,0.312,0.00237,0.295,0.00153,0.301,0.00407,0.319,0.00271,0.281,2052,15523,1867,10165
2025-09-26 11:56:00,,,,,193,,,202667,,,202657,,,,,,,8,,,,,,,55.8,,,,,,,,,196570,,,,,,,19.2,,,,,,,193,,,0.00322,0.434,0.00254,0.407,0.00322,0.445,0.00186,0.399,0.00305,0.407,0.00305,0.438,0.00458,0.442,0.00271,0.382,513,17022,467,11145
2025-09-26 11:58:00,,,,,72.4,,,203027,,,203017,,,,,,,3,,,,,,,79.3,,,,,,,,,196931,,,,,,,19.9,,,,,,,72.4,,,0.00593,0.424,0.00305,0.416,0.00322,0.464,0.00169,0.367,0.00288,0.434,0.00186,0.402,0.00390,0.445,0.00237,0.379,1539,16023,934,10491
2025-09-26 12:00:00,,,,,80.7,,,203387,,,203377,,,,,,,5,,,,,,,76.9,,,,,,,,,197286,,,,,,,21.6,,,,,,,80.7,,,0.00458,0.385,0.00373,0.363,0.00356,0.377,0.00322,0.385,0.00220,0.399,0.00237,0.348,0.00339,0.394,0.00254,0.364,3078,14522,2800,9509
2025-09-26 12:02:00,,,,,31.0,,,203747,,,203737,,,,,,,1,,,,,,,82.3,,,,,,,,,197587,,,,,,,25.8,,,,,,,31.0,,,0.00525,0.274,0.00305,0.274,0.00441,0.279,0.00254,0.290,0.00169,0.289,0.00153,0.248,0.00271,0.283,0.00254,0.266,1539,14022,1400,9182
2025-09-26 12:04:00,,,,,,,,,,,,,,,,,,,,,,,,,,,,,,,,,,,,,,,,,,,,,,,,,,,0.00186,0.235,0.00287,0.261,0.00389,0.259,0.00304,0.243,0.00220,0.248,0.00237,0.241,0.00152,0.248,0.00304,0.255,2558,12501,2327,8185
2025-09-26 12:06:00,,,,,,,,,,,,,,,,,,,,,,,,,,,,,,,,,,,,,,,,,,,,,,,,,,,0.00360,,0.00395,,0.00463,,0.00275,,0.00223,,0.00275,,0.00206,,0.00292,,4673,,4252,
2025-09-26 12:08:00,,,,,,,,,,,,,,,,,,,,,,,,,,,,,,,,,,,,,,,,,,,,,,,,,,,0.00439,0.0630,0.00321,0.0865,0.00524,0.0690,0.00186,0.0775,0.00372,0.0767,0.00287,0.0820,0.00270,0.0895,0.00186,0.0638,3577,738,3254,483
2025-09-26 12:10:00,,,,,,,,,,,,,,,,,,,,,,,,,,,,,,,,,,,,,,,,,,,,,,,,,,,0.00492,,0.00305,,0.00441,,0.00153,,0.00458,,0.00169,,0.00373,,0.00356,,3588,,3264,
2025-09-26 12:12:00,,,,,99.3,,,205547,,,205537,,,,,,,4,,,,,,,83.0,,,,,,,,,199346,,,,,,,23.1,,,,,,,99.3,,,0.00589,0.216,0.00387,0.213,0.00354,0.219,0.00269,0.217,0.00539,0.211,0.00556,0.223,0.00303,0.225,0.00606,0.191,7633,9681,6943,6337
2025-09-26 12:14:00,,,,,55.5,,,205907,,,205897,,,,,,,2,,,,,,,82.3,,,,,,,,,199693,,,,,,,23.8,,,,,,,55.5,,,0.00390,0.372,0.00322,0.329,0.00390,0.341,0.00203,0.358,0.00288,0.334,0.00237,0.376,0.00373,0.347,0.00373,0.356,4104,15023,3734,9834
2025-09-26 12:16:00,,,,,170,,,206267,,,206257,,,,,,,5,,,,,,,71.2,,,,,,,,,200044,,,,,,,19.8,,,,,,,170,,,0.00407,0.397,0.00220,0.423,0.00424,0.417,0.00271,0.402,0.00237,0.418,0.00339,0.395,0.00288,0.422,0.00271,0.400,2565,16524,2334,10816
2025-09-26 12:18:00,,,,,32.3,,,206627,,,206617,,,,,,,2,,,,,,,78.2,,,,,,,,,200401,,,,,,,25.8,,,,,,,32.3,,,0.00492,0.322,0.00237,0.372,0.00424,0.374,0.00153,0.326,0.00322,0.359,0.00203,0.358,0.00356,0.359,0.00322,0.349,2052,15521,1867,10159
2025-09-26 12:20:00,,,,,50.6,,,206987,,,206977,,,,,,,3,,,,,,,76.3,,,,,,,,,200731,,,,,,,25.8,,,,,,,50.6,,,0.00407,0.315,0.00203,0.334,0.00475,0.327,0.00237,0.332,0.00339,0.320,0.00237,0.331,0.00373,0.319,0.00237,0.324,4105,14520,3735,9503
2025-09-26 12:22:00,,,,,130,,,207347,,,207337,,,,,,,7,,,,,,,78.7,,,,,,,,,201091,,,,,,,19.5,,,,,,,130,,,0.00339,0.392,0.00271,0.437,0.00339,0.428,0.00373,0.400,0.00407,0.439,0.00203,0.390,0.00339,0.406,0.00203,0.410,4619,16023,4202,10487
2025-09-26 12:24:00,,,,,205,,,207707,,,207697,,,,,,,9,,,,,,,58.8,,,,,,,,,201451,,,,,,,20.5,,,,,,,205,,,0.00458,0.425,0.00390,0.436,0.00203,0.423,0.00288,0.413,0.00288,0.435,0.00220,0.418,0.00322,0.414,0.00271,0.439,1540,13521,1401,8850
2025-09-26 12:26:00,,,,,31.9,,,208067,,,208057,,,,,,,1,,,,,,,83.7,,,,,,,,,201802,,,,,,,27.0,,,,,,,31.9,,,0.00339,0.281,0.00237,0.308,0.00441,0.299,0.00271,0.307,0.00288,0.297,0.00237,0.325,0.00508,0.311,0.00186,0.299,2053,15024,1868,9834
2025-09-26 12:28:00,,,,,167,,,208427,,,208417,,,,,,,8,,,,,,,67.3,,,,,,,,,202148,,,,,,,22.9,,,,,,,167,,,0.00254,0.394,0.00288,0.467,0.00475,0.444,0.00237,0.414,0.00288,0.456,0.00169,0.412,0.00475,0.431,0.00220,0.434,2566,14020,2334,9176
2025-09-26 12:30:00,,,,,153,,,208787,,,208777,,,,,,,7,,,,,,,71.7,,,,,,,,,202508,,,,,,,18.6,,,,,,,153,,,0.00475,0.412,0.00305,0.417,0.00424,0.445,0.00203,0.401,0.00220,0.407,0.00237,0.434,0.00508,0.434,0.00203,0.394,2566,14019,2334,9175
2025-09-26 12:32:00,,,,,,,,,,,,,,,,,,,,,,,,,,,,,,,,,,,,,,,,,,,,,,,,,,,0.00517,,0.00362,,0.00586,,0.00276,,0.00448,,0.00397,,0.00569,,0.00276,,3663,,3335,
2025-09-26 12:34:00,,,55.5,,,,,183,,,,,,,,,,,,,,,,,,,,,,,,167,,,,,,,23.5,,,,,,,55.5,,,,,0.00472,0.129,0.00354,0.130,0.00371,0.135,0.00354,0.121,0.00573,0.132,0.00253,0.122,0.00641,0.126,0.00421,0.132,9190,8225,8364,5406
2025-09-26 12:36:00,,,72.5,,,,,543,,,,,533,,,,,,,3,,,,,,,81.3,,,,,527,,,,,,,20.2,,,,,,,72.5,,,,,0.00373,0.406,0.00271,0.407,0.00339,0.423,0.00475,0.394,0.00288,0.388,0.00271,0.410,0.00356,0.407,0.00356,0.414,2566,16540,2336,10858
2025-09-26 12:38:00,,,164,,,,,903,,,,,893,,,,,,,8,,,,,,,59.9,,,,,879,,,,,,,18.7,,,,,,,164,,,,,0.00407,0.367,0.00237,0.366,0.00356,0.374,0.00271,0.377,0.00305,0.386,0.00237,0.351,0.00475,0.385,0.00237,0.361,2053,14032,1401,9210
2025-09-26 12:40:00,,,33.2,,,,,1263,,,,,1253,,,,,,,1,,,,,,,79.8,,,,,1219,,,,,,,26.3,,,,,,,33.2,,,,,0.00458,0.289,0.00254,0.303,0.00390,0.297,0.00356,0.292,0.00322,0.286,0.00186,0.299,0.00441,0.303,0.00271,0.294,4619,14032,4204,9211
2025-09-26 12:42:00,,,54.0,,,,,1623,,,,,1613,,,,,,,2,,,,,,,76.8,,,,,1565,,,,,,,21.0,,,,,,,54.0,,,,,0.00458,0.288,0.00305,0.322,0.00322,0.309,0.00339,0.301,0.00356,0.318,0.00220,0.298,0.00271,0.300,0.00356,0.309,2566,18038,2335,11839
2025-09-26 12:44:00,,,95.4,,,,,1983,,,,,1973,,,,,,,4,,,,,,,81.3,,,,,1880,,,,,,,18.6,,,,,,,95.4,,,,,0.00373,0.268,0.00288,0.280,0.00373,0.271,0.00339,0.272,0.00339,0.274,0.00203,0.277,0.00373,0.284,0.00271,0.267,8181,15032,5123,10195
2025-09-26 12:46:00,,,133,,,,,2343,,,,,2333,,,,,,,5,,,,,,,78.1,,,,,2236,,,,,,,18.9,,,,,,,133,,,,,0.00305,0.407,0.00339,0.439,0.00322,0.416,0.00339,0.422,0.00407,0.419,0.00288,0.414,0.00441,0.462,0.00356,0.373,4090,14530,2135,9536
2025-09-26 12:48:00,,,52.6,,,,,2703,,,,,2693,,,,,,,2,,,,,,,77.1,,,,,2561,,,,,,,21.2,,,,,,,52.6,,,,,0.00492,0.312,0.00203,0.306,0.00356,0.300,0.00458,0.314,0.00424,0.316,0.00271,0.321,0.00356,0.304,0.00237,0.285,4602,14029,3415,9207
2025-09-26 12:50:00,,,32.8,,,,,3063,,,,,3053,,,,,,,0,,,,,,,79.2,,,,,2908,,,,,,,26.1,,,,,,,32.8,,,,,0.00373,0.334,0.00339,0.335,0.00441,0.341,0.00390,0.332,0.00288,0.341,0.00153,0.323,0.00458,0.315,0.00339,0.331,1022,13528,854,8878
2025-09-26 12:52:00,,,146,,,,,3423,,,,,3413,,,,,,,7,,,,,,,75.5,,,,,3256,,,,,,,18.5,,,,,,,146,,,,,0.00390,0.363,0.00373,0.342,0.00305,0.361,0.00356,0.358,0.00322,0.361,0.00322,0.357,0.00373,0.349,0.00254,0.358,2045,15030,1707,9863
2025-09-26 12:54:00,,,23.4,,,,,3783,,,,,3773,,,,,,,1,,,,,,,77.5,,,,,3579,,,,,,,16.7,,,,,,,23.4,,,,,0.00508,0.274,0.00237,0.285,0.00441,0.269,0.00475,0.274,0.00593,0.267,0.00119,0.272,0.00339,0.277,0.00339,0.243,1534,15031,854,9864
2025-09-26 12:56:00,,,32.2,,,,,4143,,,,,4133,,,,,,,1,,,,,,,75.0,,,,,3938,,,,,,,25.4,,,,,,,32.2,,,,,0.00407,0.427,0.00288,0.431,0.00407,0.470,0.00373,0.386,0.00441,0.447,0.00102,0.396,0.00424,0.437,0.00305,0.405,3578,13025,2988,8547
2025-09-26 12:58:00,,,32.0,,,,,4503,,,,,4493,,,,,,,1,,,,,,,78.7,,,,,4277,,,,,,,25.3,,,,,,,32.0,,,,,0.00407,0.306,0.00339,0.304,0.00424,0.311,0.00186,0.295,0.00441,0.307,0.00373,0.310,0.00373,0.314,0.00271,0.294,2556,15531,2134,10191
2025-09-26 13:00:00,,,106,,,,,4863,,,,,4853,,,,,,,4,,,,,,,78.7,,,,,4635,,,,,,,19.1,,,,,,,106,,,,,0.00407,0.433,0.00119,0.420,0.00424,0.444,0.00356,0.422,0.00373,0.484,0.00390,0.372,0.00458,0.450,0.00288,0.414,1534,15530,1281,10190
2025-09-26 13:02:00,,,48.5,,,,,5223,,,,,5213,,,,,,,2,,,,,,,75.3,,,,,4984,,,,,,,18.4,,,,,,,48.5,,,,,0.00458,0.309,0.00220,0.308,0.00339,0.312,0.00220,0.310,0.00305,0.307,0.00271,0.299,0.00508,0.317,0.00237,0.299,1022,14028,854,9204
2025-09-26 13:04:00,,,115,,,,,5583,,,,,5573,,,,,,,8,,,,,,,78.4,,,,,5327,,,,,,,18.0,,,,,,,115,,,,,0.00475,0.352,0.00169,0.345,0.00492,0.364,0.00305,0.340,0.00441,0.342,0.00186,0.368,0.00254,0.378,0.00322,0.339,2045,15533,1707,10193
2025-09-26 13:06:00,,,161,,,,,5943,,,,,5933,,,,,,,10,,,,,,,71.7,,,,,5685,,,,,,,18.1,,,,,,,161,,,,,0.00559,0.414,0.00237,0.408,0.00356,0.407,0.00254,0.408,0.00542,0.429,0.00322,0.383,0.00441,0.441,0.00203,0.389,2556,16534,2134,10849
2025-09-26 13:08:00,,,81.7,,,,,6303,,,,,6293,,,,,,,3,,,,,,,78.8,,,,,6046,,,,,,,22.6,,,,,,,81.7,,,,,0.00441,0.351,0.00271,0.362,0.00220,0.364,0.00237,0.343,0.00492,0.361,0.00271,0.336,0.00475,0.366,0.00288,0.348,2557,15032,2134,9863
2025-09-26 13:10:00,,,77.8,,,,,6663,,,,,6653,,,,,,,3,,,,,,,79.5,,,,,6383,,,,,,,23.0,,,,,,,77.8,,,,,0.00424,0.318,0.00322,0.323,0.00525,0.314,0.00237,0.324,0.00373,0.313,0.00186,0.299,0.00492,0.306,0.00424,0.316,3579,14028,2988,9204
2025-09-26 13:12:00,,,47.1,,,,,7023,,,,,7013,,,,,,,2,,,,,,,69.8,,,,,6731,,,,,,,22.2,,,,,,,47.1,,,,,0.00559,0.295,0.00271,0.320,0.00271,0.305,0.00220,0.308,0.00492,0.297,0.00220,0.300,0.00305,0.310,0.00322,0.312,1023,15531,854,10190
2025-09-26 13:14:00,,,174,,,,,7383,,,,,7373,,,,,,,9,,,,,,,57.8,,,,,7078,,,,,,,17.1,,,,,,,174,,,,,0.00475,0.438,0.00288,0.418,0.00492,0.440,0.00203,0.418,0.00390,0.448,0.00322,0.402,0.00390,0.446,0.00271,0.423,3068,15030,2562,9861
2025-09-26 13:16:00,,,178,,,,,7743,,,,,7733,,,,,,,8,,,,,,,64.2,,,,,7437,,,,,,,19.3,,,,,,,178,,,,,0.00424,0.427,0.00153,0.446,0.00373,0.461,0.00153,0.385,0.00373,0.411,0.00339,0.451,0.00644,0.461,0.00169,0.413,3068,14026,2562,9202
2025-09-26 13:18:00,,,128,,,,,,,,,,8093,,,,,,,6,,,,,,,76.1,,,,,7798,,,,,,,17.9,,,,,,,128,,,,,0.00593,0.442,0.00559,0.412,0.00644,0.409,0.00373,0.435,0.00542,0.435,0.00475,0.415,0.00542,0.422,0.00271,0.423,1530,14527,1276,9530
2025-09-26 13:20:00,,,57.1,,,,,8463,,,,,8453,,,,,,,2,,,,,,,78.8,,,,,8130,,,,,,,22.0,,,,,,,57.1,,,,,0.00424,0.308,0.00441,0.299,0.00492,0.300,0.00220,0.317,0.00390,0.316,0.00203,0.307,0.00627,0.303,0.00254,0.312,2040,14026,1702,9201
2025-09-26 13:22:00,,,31.6,,,,,8823,,,,,8813,,,,,,,1,,,,,,,66.0,,,,,8478,,,,,,,24.8,,,,,,,31.6,,,,,0.00356,0.305,0.00424,0.303,0.00356,0.315,0.00220,0.304,0.00475,0.315,0.00407,0.298,0.00373,0.303,0.00271,0.312,510,15529,425,10187
2025-09-26 13:24:00,,,28.9,,,,,9183,,,,,9173,,,,,,,1,,,,,,,77.3,,,,,8801,,,,,,,22.7,,,,,,,28.9,,,,,0.00390,0.257,0.00356,0.279,0.00339,0.266,0.00169,0.255,0.00508,0.275,0.00390,0.268,0.00458,0.276,0.00220,0.286,1020,14527,425,9530
2025-09-26 13:26:00,,,59.9,,,,,9543,,,,,9533,,,,,,,2,,,,,,,77.3,,,,,9115,,,,,,,25.3,,,,,,,59.9,,,,,0.00390,0.304,0.00373,0.302,0.00559,0.289,0.00153,0.321,0.00475,0.276,0.00356,0.306,0.00441,0.309,0.00203,0.301,1020,15029,851,9859
2025-09-26 13:28:00,,,225,,,,,9903,,,,,9893,,,,,,,10,,,,,,,64.4,,,,,9433,,,,,,,18.7,,,,,,,225,,,,,0.00288,0.303,0.00254,0.335,0.00356,0.338,0.00271,0.295,0.00542,0.319,0.00339,0.298,0.00390,0.324,0.00271,0.301,0.00794,12525,0,8216
2025-09-26 13:30:00,,,240,,,,,10263,,,,,10253,,,,,,,11,,,,,,,64.6,,,,,9774,,,,,,,18.4,,,,,,,240,,,,,0.00356,0.379,0.00339,0.419,0.00441,0.401,0.00237,0.390,0.00508,0.414,0.00373,0.386,0.00542,0.409,0.00203,0.381,4078,14027,3402,9201
2025-09-26 13:32:00,,,172,,,,,10623,,,,,10613,,,,,,,8,,,,,,,71.8,,,,,10134,,,,,,,18.3,,,,,,,172,,,,,0.00475,0.426,0.00492,0.449,0.00305,0.445,0.00390,0.432,0.00525,0.428,0.00203,0.465,0.00475,0.460,0.00169,0.422,2039,14528,1275,9530
2025-09-26 13:34:00,,,173,,,,,10983,,,,,10973,,,,,,,8,,,,,,,76.4,,,,,10495,,,,,,,18.5,,,,,,,173,,,,,0.00373,0.416,0.00322,0.435,0.00508,0.447,0.00407,0.418,0.00576,0.440,0.00271,0.423,0.00322,0.455,0.00254,0.393,2039,17032,1700,11172
2025-09-26 13:36:00,,,124,,,,,11343,,,,,11333,,,,,,,6,,,,,,,82.0,,,,,10855,,,,,,,20.2,,,,,,,124,,,,,0.00475,0.444,0.00339,0.418,0.00356,0.483,0.00339,0.402,0.00322,0.438,0.00305,0.435,0.00508,0.471,0.00356,0.410,1529,14527,1275,9529
2025-09-26 13:38:00,,,159,,,,,11703,,,,,11693,,,,,,,8,,,,,,,69.4,,,,,11215,,,,,,,17.5,,,,,,,159,,,,,0.00780,0.432,0.00441,0.457,0.00407,0.477,0.00288,0.403,0.00407,0.445,0.00339,0.432,0.00695,0.485,0.00339,0.382,2051,13024,858,8542
2025-09-26 13:40:00,,,164,,,,,12063,,,,,12053,,,,,,,8,,,,,,,76.1,,,,,11575,,,,,,,18.5,,,,,,,164,,,,,0.00322,0.429,0.00373,0.431,0.00441,0.418,0.00322,0.459,0.00254,0.437,0.00271,0.436,0.00441,0.502,0.00271,0.381,2051,15028,1713,9856
2025-09-26 13:42:00,,,24.1,,,,,12423,,,,,12413,,,,,,,1,,,,,,,80.3,,,,,11934,,,,,,,22.5,,,,,,,24.1,,,,,0.00220,0.312,0.00373,0.336,0.00424,0.320,0.00254,0.343,0.00373,0.345,0.00102,0.333,0.00458,0.343,0.00203,0.318,1538,17034,1285,11172
2025-09-26 13:44:00,,,,,,,,,,,,,,,,,,,,,,,,,,,,,,,,,,,,,,,,,,,,,,,,,,,0.00390,0.213,0.00424,0.224,0.00271,0.217,0.00288,0.226,0.00305,0.234,0.00237,0.217,0.00458,0.222,0.00254,0.221,2564,11572,2141,7270
2025-09-26 13:46:00,,,,,,,,,,,,,,,,,,,,,,,,,,,,,,,,,,,,,,,,,,,,,,,,,,,0.00220,0.00203,0.00424,0.00390,0.00339,0.00508,0.00288,0.00322,0.00424,0.00288,0.00153,0.00169,0.00356,0.00424,0.00237,0.00373,2051,3071,1713,1701
2025-09-26 13:48:00,,,,,,,,,,,,,,,,,,,,,,,,,,,,,,,,,,,,,,,,,,,,,,,,,,,0.00237,0.00339,0.00288,0.00254,0.00305,0.00424,0.00525,0.00339,0.00203,0.00424,0.00136,0.00153,0.00475,0.00237,0.00153,0.00237,1538,512,1285,340
2025-09-26 13:50:00,83.9,,,,,,,208,,,,,,198,,,,,,,3,,,,,,,74.3,,186,,,,,,,28.2,,,,,,,83.9,,,,,,,0.00322,0.492,0.00407,0.501,0.00390,0.481,0.00356,0.512,0.00373,0.497,0.00203,0.487,0.00542,0.536,0.00322,0.474,3077,16053,2570,10540
2025-09-26 13:52:00,193,,,,,,,568,,,,,,558,,,,,,,8,,,,,,,57.0,,546,,,,,,,19.0,,,,,,,193,,,,,,,0.00237,0.428,0.00288,0.458,0.00203,0.447,0.00305,0.437,0.00424,0.450,0.00254,0.421,0.00525,0.446,0.00153,0.432,513,16048,428,10534
2025-09-26 13:54:00,30.0,,,,,,,928,,,,,,918,,,,,,,1,,,,,,,79.4,,902,,,,,,,23.5,,,,,,,30.0,,,,,,,0.00237,0.282,0.00339,0.296,0.00441,0.288,0.00305,0.290,0.00373,0.285,0.00254,0.277,0.00254,0.282,0.00203,0.287,1538,14041,1285,9217
2025-09-26 13:56:00,,,,,,,,78,,,,,,,,,,,,,,,,,,,,,,,,,,,,,,,,,,,,,,,,,,,0.0147,0.241,0.0131,0.229,0.00627,0.216,0.00407,0.218,0.00542,0.228,0.00373,0.207,0.00593,0.232,0.00559,0.210,8750,13662,6023,8709
2025-09-26 13:58:00,,33.3,,,,,,438,,,,,,,425,,,,,,,1,,,,,,,78.2,,425,,,,,,,26.0,,,,,,,33.3,,,,,,0.00220,0.642,0.00271,0.651,0.00237,0.644,0.00102,0.637,0.00508,0.638,0.00237,0.651,0.00492,0.642,0.00322,0.634,7703,13530,6436,8878
2025-09-26 14:00:00,,84.1,,,,,,798,,,,,,,785,,,,,,,2,,,,,,,80.2,,757,,,,,,,26.6,,,,,,,84.1,,,,,,0.00407,0.325,0.00542,0.341,0.00322,0.326,0.00220,0.340,0.00237,0.344,0.00288,0.325,0.00288,0.331,0.00305,0.332,4107,13534,3431,8882
2025-09-26 14:02:00,,198,,,,,,1158,,,,,,,1137,,,,,,,6,,,,,,,254,,1106,,,,,,,31.9,,,,,,,198,,,,,,0.00373,0.854,0.00237,0.873,0.00373,0.851,0.00220,0.888,0.00508,0.892,0.00220,0.864,0.00322,0.882,0.00288,0.861,1540,13025,858,8545
2025-09-26 14:04:00,,349,,,,,,1518,,,,,,,1482,,,,,,,5,,,,,,,391,,1451,,,,,,,27.4,,,,,,,349,,,,,,0.00441,0.933,0.00475,0.931,0.00407,0.929,0.00136,0.930,0.00356,0.928,0.00153,0.927,0.00322,0.931,0.00237,0.919,513,14523,429,9527
2025-09-26 14:06:00,,368,,,,,,1878,,,,,,,1857,,,,,,,7,,,,,,,417,,1826,,,,,,,86.1,,,,,,,368,,,,,,0.00237,0.926,0.00322,0.922,0.00339,0.920,0.00203,0.927,0.00271,0.928,0.00203,0.923,0.00424,0.930,0.00271,0.916,1026,14020,857,9195
2025-09-26 14:08:00,,135,,,,,,2238,,,,,,,2225,,,,,,,8,,,,,,,80.0,,2188,,,,,,,29.4,,,,,,,135,,,,,,0.00390,0.356,0.00339,0.379,0.00407,0.342,0.00153,0.386,0.00254,0.385,0.00186,0.348,0.00407,0.366,0.00271,0.348,1026,15028,857,10187
2025-09-26 14:10:00,,144,,,,,,2598,,,,,,,2585,,,,,,,9,,,,,,,79.2,,2548,,,,,,,22.2,,,,,,,144,,,,,,0.00373,0.426,0.00322,0.453,0.00390,0.433,0.00203,0.454,0.00390,0.462,0.00237,0.415,0.00390,0.477,0.00237,0.400,2053,13523,1286,8870
2025-09-26 14:12:00,,221,,,,,,2958,,,,,,,2945,,,,,,,10,,,,,,,61.6,,2908,,,,,,,21.3,,,,,,,221,,,,,,0.00458,0.462,0.00542,0.424,0.00271,0.468,0.00203,0.435,0.00254,0.457,0.00271,0.463,0.00220,0.483,0.00153,0.423,513,15526,429,10183
2025-09-26 14:14:00,,39.7,,,,,,3318,,,,,,,3305,,,,,,,2,,,,,,,83.3,,3267,,,,,,,27.3,,,,,,,39.7,,,,,,0.00373,0.397,0.00288,0.394,0.00390,0.394,0.00254,0.390,0.00271,0.401,0.00186,0.389,0.00237,0.394,0.00356,0.395,1026,15527,857,10185
2025-09-26 14:16:00,,126,,,,,,3678,,,,,,,3665,,,,,,,5,,,,,,,79.6,,3617,,,,,,,23.0,,,,,,,126,,,,,,0.00373,0.319,0.00203,0.303,0.00373,0.312,0.00254,0.311,0.00356,0.321,0.00203,0.312,0.00271,0.317,0.00220,0.300,1539,14024,1286,9198
2025-09-26 14:18:00,,77.5,,,,,,4038,,,,,,,4025,,,,,,,3,,,,,,,81.6,,3955,,,,,,,23.4,,,,,,,77.5,,,,,,0.00305,0.299,0.00288,0.322,0.00322,0.321,0.00102,0.307,0.00475,0.334,0.00186,0.306,0.00220,0.305,0.00203,0.314,1026,14526,429,9528
2025-09-26 14:20:00,,70.5,,,,,,4398,,,,,,,4384,,,,,,,2,,,,,,,90.4,,4302,,,,,,,30.7,,,,,,,70.5,,,,,,0.00441,0.320,0.00153,0.328,0.00373,0.322,0.00305,0.354,0.00458,0.326,0.00220,0.338,0.00288,0.334,0.00322,0.339,2052,14527,1714,9529
2025-09-26 14:22:00,,117,,,,,,4758,,,,,,,4745,,,,,,,4,,,,,,,78.4,,4631,,,,,,,22.8,,,,,,,117,,,,,,0.00339,0.331,0.00237,0.322,0.00186,0.339,0.00390,0.299,0.00153,0.330,0.00220,0.300,0.00186,0.330,0.00288,0.316,513,14025,429,9199
2025-09-26 14:24:00,,121,,,,,,5118,,,,,,,5105,,,,,,,4,,,,,,,81.1,,4983,,,,,,,28.8,,,,,,,121,,,,,,0.00424,0.339,0.00169,0.377,0.00288,0.378,0.00373,0.349,0.00305,0.384,0.00237,0.329,0.00288,0.377,0.00169,0.334,0.000927,16031,0,10515
2025-09-26 14:26:00,,129,,,,,,5478,,,,,,,5465,,,,,,,5,,,,,,,77.6,,5304,,,,,,,22.9,,,,,,,129,,,,,,0.00271,0.317,0.00119,0.304,0.00458,0.302,0.00271,0.332,0.00305,0.301,0.00186,0.309,0.00339,0.306,0.00254,0.305,513,14529,428,9530
2025-09-26 14:28:00,,182,,,,,,5838,,,,,,,5825,,,,,,,5,,,,,,,65.0,,5660,,,,,,,24.5,,,,,,,182,,,,,,0.00407,0.391,0.00339,0.405,0.00356,0.389,0.00254,0.429,0.00203,0.414,0.00186,0.389,0.00356,0.416,0.00169,0.370,1026,15527,857,10184
2025-09-26 14:30:00,,143,,,,,,6198,,,,,,,6185,,,,,,,3,,,,,,,77.9,,6020,,,,,,,23.4,,,,,,,143,,,,,,0.00356,0.448,0.00169,0.393,0.00373,0.424,0.00356,0.436,0.00339,0.466,0.00288,0.391,0.00356,0.429,0.00136,0.419,2565,16028,2142,10512
2025-09-26 14:32:00,,181,,,,,,6558,,,,,,,6545,,,,,,,7,,,,,,,59.2,,6375,,,,,,,23.2,,,,,,,181,,,,,,0.00322,0.373,0.00271,0.349,0.00373,0.381,0.00339,0.360,0.00305,0.370,0.00153,0.362,0.00288,0.368,0.00153,0.356,1026,15027,857,9856
2025-09-26 14:34:00,,166,,,,,,6918,,,,,,,6905,,,,,,,8,,,,,,,69.6,,6735,,,,,,,24.3,,,,,,,166,,,,,,0.00356,0.401,0.00271,0.405,0.00407,0.401,0.00254,0.375,0.00390,0.403,0.00271,0.393,0.00271,0.442,0.00271,0.376,3590,16531,2999,10842
2025-09-26 14:36:00,,162,,,,,,7278,,,,,,,7265,,,,,,,8,,,,,,,74.0,,7095,,,,,,,23.5,,,,,,,162,,,,,,0.00305,0.458,0.00169,0.399,0.00407,0.419,0.00237,0.452,0.00322,0.449,0.00305,0.425,0.00356,0.458,0.00237,0.405,513,15528,428,9856
2025-09-26 14:38:00,,147,,,,,,7638,,,,,,,7625,,,,,,,4,,,,,,,76.1,,7454,,,,,,,22.7,,,,,,,147,,,,,,0.00169,0.372,0.00322,0.373,0.00288,0.378,0.00407,0.373,0.00322,0.391,0.00356,0.359,0.00441,0.419,0.00186,0.335,1539,15027,1285,9856
2025-09-26 14:40:00,,126,,,,,,7998,,,,,,,7985,,,,,,,6,,,,,,,75.7,,7807,,,,,,,22.8,,,,,,,126,,,,,,0.00475,0.416,0.00169,0.412,0.00407,0.429,0.00424,0.418,0.00288,0.382,0.00305,0.453,0.00356,0.419,0.00254,0.406,2565,14528,2142,9528
2025-09-26 14:42:00,,36.1,,,,,,8358,,,,,,,8345,,,,,,,1,,,,,,,72.1,,8168,,,,,,,29.0,,,,,,,36.1,,,,,,0.00424,0.506,0.00237,0.515,0.00356,0.495,0.00220,0.534,0.00390,0.510,0.00254,0.540,0.00424,0.543,0.00220,0.503,3077,12522,2570,8212
2025-09-26 14:44:00,,99.2,,,,,,8718,,,,,,,8705,,,,,,,2,,,,,,,81.5,,8526,,,,,,,30.1,,,,,,,99.2,,,,,,0.00356,0.393,0.00237,0.344,0.00339,0.382,0.00153,0.377,0.00339,0.384,0.00237,0.370,0.00525,0.382,0.00322,0.372,5642,15027,4712,9855
2025-09-26 14:46:00,,224,,,,,,9078,,,,,,,9065,,,,,,,11,,,,,,,60.6,,8884,,,,,,,22.7,,,,,,,224,,,,,,0.00356,0.402,0.00288,0.452,0.00458,0.445,0.00186,0.425,0.00339,0.495,0.00220,0.375,0.00390,0.465,0.00356,0.412,2051,15028,1713,9856
2025-09-26 14:48:00,,379,,,,,,9438,,,,,,,9391,,,,,,,6,,,,,,,112,,9209,,,,,,,27.3,,,,,,,379,,,,,,0.00271,0.929,0.00203,0.925,0.00475,0.931,0.00271,0.934,0.00356,0.932,0.00254,0.926,0.00407,0.922,0.00136,0.913,2564,15021,1713,9849
2025-09-26 14:50:00,,135,,,,,,9798,,,,,,,9763,,,,,,,4,,,,,,,372,,9583,,,,,,,28.4,,,,,,,135,,,,,,0.00305,0.916,0.00373,0.926,0.00305,0.919,0.00339,0.927,0.00339,0.925,0.00169,0.928,0.00508,0.926,0.00203,0.913,4616,13514,3855,8859
2025-09-26 14:52:00,,28.1,,,,,,10158,,,,,,,10145,,,,,,,1,,,,,,,75.0,,9938,,,,,,,26.3,,,,,,,28.1,,,,,,0.00271,0.316,0.00305,0.304,0.00407,0.306,0.00339,0.311,0.00475,0.306,0.00136,0.317,0.00424,0.322,0.00203,0.298,3077,16526,2570,10836
2025-09-26 14:54:00,,90.8,,,,,,10518,,,,,,,10504,,,,,,,3,,,,,,,81.7,,10294,,,,,,,30.7,,,,,,,90.8,,,,,,0.00339,0.360,0.00136,0.420,0.00424,0.395,0.00458,0.414,0.00288,0.427,0.00237,0.384,0.00390,0.406,0.00458,0.386,2565,15523,2570,10178
2025-09-26 14:56:00,,128,,,,,,10878,,,,,,,10865,,,,,,,4,,,,,,,83.6,,10646,,,,,,,22.7,,,,,,,128,,,,,,0.00271,0.313,0.00305,0.299,0.00458,0.302,0.00237,0.298,0.00288,0.297,0.00305,0.309,0.00475,0.296,0.00288,0.291,2564,14024,2141,9196
2025-09-26 14:58:00,,63.0,,,,,,11238,,,,,,,11225,,,,,,,3,,,,,,,76.1,,10991,,,,,,,28.9,,,,,,,63.0,,,,,,0.00407,0.295,0.00390,0.295,0.00407,0.296,0.00136,0.305,0.00288,0.290,0.00322,0.310,0.00203,0.316,0.00254,0.296,1538,14523,1285,9523
2025-09-26 15:00:00,,178,,,,,,11598,,,,,,,11585,,,,,,,6,,,,,,,73.6,,11330,,,,,,,24.3,,,,,,,178,,,,,,0.00339,0.335,0.00237,0.356,0.00678,0.359,0.00237,0.318,0.00373,0.351,0.00254,0.338,0.00254,0.344,0.00305,0.348,4103,16025,3426,10507
2025-09-26 15:02:00,,108,,,,,,11958,,,,,,,11945,,,,,,,4,,,,,,,80.9,,11690,,,,,,,23.9,,,,,,,108,,,,,,0.00390,0.385,0.00390,0.470,0.00475,0.451,0.00254,0.398,0.00271,0.419,0.00220,0.434,0.00356,0.442,0.00339,0.424,1026,14524,856,9523
2025-09-26 15:04:00,,187,,,,,,12318,,,,,,,12305,,,,,,,7,,,,,,,69.4,,12050,,,,,,,24.9,,,,,,,187,,,,,,0.00441,0.392,0.00271,0.445,0.00593,0.425,0.00288,0.421,0.00356,0.448,0.00220,0.414,0.00220,0.488,0.00220,0.351,2564,13524,2141,8868
2025-09-26 15:06:00,,366,,,,,,12678,,,,,,,12638,,,,,,,9,,,,,,,425,,12383,,,,,,,28.9,,,,,,,366,,,,,,0.00237,0.930,0.00288,0.926,0.00508,0.916,0.00373,0.927,0.00390,0.934,0.00288,0.925,0.00220,0.937,0.00254,0.914,4103,11515,3426,7549
2025-09-26 15:08:00,,69.5,,,,,,13038,,,,,,,13025,,,,,,,2,,,,,,,82.8,,12738,,,,,,,29.8,,,,,,,69.5,,,,,,0.00390,0.305,0.00237,0.284,0.00424,0.308,0.00407,0.287,0.00254,0.309,0.00220,0.284,0.00339,0.299,0.00237,0.299,1539,17530,1285,11494
2025-09-26 15:10:00,,64.1,,,,,,13398,,,,,,,13385,,,,,,,3,,,,,,,73.5,,13057,,,,,,,26.1,,,,,,,64.1,,,,,,0.00288,0.317,0.00288,0.335,0.00288,0.324,0.00271,0.347,0.00339,0.342,0.00254,0.320,0.00559,0.319,0.00288,0.333,3590,14525,2998,9523
2025-09-26 15:12:00,,56.8,,,,,,13758,,,,,,,13745,,,,,,,2,,,,,,,81.2,,13403,,,,,,,23.1,,,,,,,56.8,,,,,,0.00271,0.339,0.00305,0.322,0.00220,0.323,0.00356,0.324,0.00339,0.319,0.00203,0.320,0.00390,0.315,0.00237,0.327,3077,14022,2570,9194
2025-09-26 15:14:00,,65.3,,,,,,14118,,,,,,,14105,,,,,,,3,,,,,,,81.2,,13751,,,,,,,23.9,,,,,,,65.3,,,,,,0.00373,0.303,0.00356,0.321,0.00322,0.306,0.00305,0.317,0.00254,0.313,0.00220,0.319,0.00373,0.326,0.00203,0.288,2052,15024,1713,9851
2025-09-26 15:16:00,,82.3,,,,,,14478,,,,,,,14465,,,,,,,3,,,,,,,78.3,,14091,,,,,,,23.4,,,,,,,82.3,,,,,,0.00424,0.305,0.00305,0.314,0.00271,0.318,0.00305,0.295,0.00237,0.296,0.00305,0.321,0.00305,0.317,0.00254,0.286,2051,14524,1713,9523
2025-09-26 15:18:00,,28.0,,,,,,14838,,,,,,,14824,,,,,,,1,,,,,,,86.3,,14442,,,,,,,21.1,,,,,,,28.0,,,,,,0.00390,0.303,0.00169,0.332,0.00254,0.314,0.00254,0.327,0.00373,0.327,0.00169,0.304,0.00322,0.316,0.00373,0.308,1026,15023,856,9849
2025-09-26 15:20:00,,162,,,,,,15198,,,,,,,15185,,,,,,,6,,,,,,,69.5,,14786,,,,,,,24.1,,,,,,,162,,,,,,0.00424,0.343,0.00322,0.349,0.00441,0.341,0.00407,0.350,0.00305,0.343,0.00169,0.357,0.00356,0.372,0.00271,0.340,1539,11519,1285,7552
2025-09-26 15:22:00,,106,,,,,,15558,,,,,,,15545,,,,,,,3,,,,,,,74.0,,15145,,,,,,,23.0,,,,,,,106,,,,,,0.00441,0.396,0.00102,0.439,0.00288,0.425,0.00373,0.420,0.00322,0.436,0.00322,0.420,0.00322,0.429,0.00288,0.420,4616,15522,3854,10176
2025-09-26 15:24:00,,66.7,,,,,,15918,,,,,,,15905,,,,,,,2,,,,,,,80.3,,15502,,,,,,,28.5,,,,,,,66.7,,,,,,0.00254,0.331,0.00169,0.292,0.00322,0.292,0.00169,0.327,0.00271,0.316,0.00322,0.311,0.00441,0.312,0.00203,0.307,513,14523,428,9521
2025-09-26 15:26:00,,48.3,,,,,,16278,,,,,,,16265,,,,,,,3,,,,,,,81.7,,15854,,,,,,,19.2,,,,,,,48.3,,,,,,0.00339,0.350,0.00322,0.355,0.00373,0.342,0.00203,0.339,0.00254,0.353,0.00237,0.349,0.00136,0.376,0.00322,0.329,1539,13521,1285,8536
2025-09-26 15:28:00,,129,,,,,,16638,,,,,,,16625,,,,,,,3,,,,,,,78.9,,16206,,,,,,,21.6,,,,,,,129,,,,,,0.00356,0.369,0.00237,0.349,0.00542,0.327,0.00305,0.399,0.00356,0.378,0.00356,0.351,0.00288,0.369,0.00169,0.353,1026,16024,857,10505
2025-09-26 15:30:00,,162,,,,,,16998,,,,,,,16985,,,,,,,6,,,,,,,69.7,,16544,,,,,,,22.2,,,,,,,162,,,,,,0.00203,0.283,0.00254,0.300,0.00271,0.295,0.00373,0.299,0.00390,0.292,0.00169,0.276,0.00492,0.305,0.00119,0.269,2052,16524,1713,10832
2025-09-26 15:32:00,,234,,,,,,17358,,,,,,,17345,,,,,,,9,,,,,,,59.9,,16904,,,,,,,23.2,,,,,,,234,,,,,,0.00220,0.428,0.00373,0.457,0.00271,0.428,0.00305,0.463,0.00237,0.443,0.00220,0.443,0.00322,0.471,0.00288,0.427,1539,14021,1285,9191
2025-09-26 15:34:00,,146,,,,,,17718,,,,,,,17705,,,,,,,3,,,,,,,81.0,,17261,,,,,,,29.6,,,,,,,146,,,,,,0.00390,0.351,0.00271,0.373,0.00220,0.371,0.00424,0.369,0.00220,0.367,0.00254,0.376,0.00254,0.384,0.00220,0.347,1026,16524,857,10832
2025-09-26 15:36:00,,84.5,,,,,,18078,,,,,,,18065,,,,,,,3,,,,,,,80.5,,17614,,,,,,,23.6,,,,,,,84.5,,,,,,0.00305,0.310,0.00271,0.319,0.00390,0.301,0.00322,0.315,0.00288,0.315,0.00102,0.320,0.00322,0.314,0.00237,0.296,2565,14522,2142,9520
2025-09-26 15:38:00,,87.9,,,,,,18438,,,,,,,18425,,,,,,,4,,,,,,,80.9,,17952,,,,,,,23.7,,,,,,,87.9,,,,,,0.00390,0.292,0.00373,0.294,0.00305,0.267,0.00373,0.297,0.00271,0.301,0.00169,0.283,0.00305,0.283,0.00288,0.293,513,14521,428,9519
2025-09-26 15:40:00,,36.9,,,,,,18798,,,,,,,18785,,,,,,,1,,,,,,,81.6,,18266,,,,,,,30.9,,,,,,,36.9,,,,,,0.00322,0.319,0.00407,0.300,0.00373,0.301,0.00407,0.307,0.00288,0.323,0.00254,0.289,0.00220,0.312,0.00254,0.300,2052,14021,1713,9191
2025-09-26 15:42:00,,239,,,,,,19158,,,,,,,19145,,,,,,,8,,,,,,,59.7,,18606,,,,,,,28.3,,,,,,,239,,,,,,0.00254,0.426,0.00288,0.382,0.00508,0.412,0.00288,0.386,0.00441,0.392,0.00169,0.426,0.00254,0.414,0.00220,0.402,1026,14523,428,9849
2025-09-26 15:44:00,,117,,,,,,19518,,,,,,,19505,,,,,,,6,,,,,,,82.1,,18966,,,,,,,25.6,,,,,,,117,,,,,,0.00288,0.566,0.00356,0.585,0.00271,0.568,0.00288,0.601,0.00458,0.582,0.00220,0.590,0.00237,0.584,0.00237,0.574,2052,15522,1713,10174
2025-09-26 15:46:00,,192,,,,,,19878,,,,,,,19865,,,,,,,7,,,,,,,60.1,,19326,,,,,,,24.2,,,,,,,192,,,,,,0.00441,0.462,0.00288,0.446,0.00305,0.465,0.00186,0.425,0.00407,0.497,0.00288,0.408,0.00390,0.465,0.00237,0.439,513,16523,428,10830
2025-09-26 15:48:00,,206,,,,,,20238,,,,,,,20225,,,,,,,9,,,,,,,63.1,,19686,,,,,,,23.4,,,,,,,206,,,,,,0.00305,0.454,0.00356,0.419,0.00220,0.425,0.00339,0.448,0.00322,0.464,0.00203,0.426,0.00339,0.494,0.00153,0.387,1026,15523,857,10175
2025-09-26 15:50:00,,60.2,,,,,,20598,,,,,,,20585,,,,,,,2,,,,,,,83.5,,20045,,,,,,,23.7,,,,,,,60.2,,,,,,0.00322,0.773,0.00356,0.767,0.00288,0.763,0.00508,0.791,0.00322,0.793,0.00305,0.780,0.00322,0.779,0.00169,0.772,1539,16020,1285,10499
2025-09-26 15:52:00,,283,,,,,,20958,,,,,,,20942,,,,,,,8,,,,,,,340,,20400,,,,,,,26.8,,,,,,,283,,,,,,0.00373,0.531,0.00373,0.598,0.00305,0.553,0.00508,0.572,0.00322,0.586,0.00271,0.551,0.00508,0.552,0.00220,0.574,1539,15519,1285,10171
2025-09-26 15:54:00,,78.0,,,,,,21318,,,,,,,21305,,,,,,,4,,,,,,,84.2,,20759,,,,,,,23.1,,,,,,,78.0,,,,,,0.00441,0.318,0.00305,0.327,0.00627,0.339,0.00373,0.324,0.00271,0.312,0.00203,0.339,0.00441,0.342,0.00288,0.318,5642,12519,4711,8206
2025-09-26 15:56:00,,58.0,,,,,,21678,,,,,,,21665,,,,,,,2,,,,,,,82.6,,21077,,,,,,,22.8,,,,,,,58.0,,,,,,0.00271,0.262,0.00441,0.249,0.00441,0.269,0.00220,0.270,0.00458,0.274,0.00288,0.271,0.00305,0.264,0.00237,0.269,3077,14521,2569,9518
2025-09-26 15:58:00,,98.2,,,,,,22038,,,,,,,22025,,,,,,,3,,,,,,,86.5,,21420,,,,,,,29.6,,,,,,,98.2,,,,,,0.00254,0.369,0.00220,0.347,0.00339,0.349,0.00305,0.350,0.00271,0.359,0.00119,0.344,0.00373,0.372,0.00254,0.350,1026,15021,856,9845
2025-09-26 16:00:00,,36.6,,,,,,22398,,,,,,,22385,,,,,,,2,,,,,,,79.5,,21773,,,,,,,28.9,,,,,,,36.6,,,,,,0.00356,0.327,0.00356,0.404,0.00424,0.389,0.00254,0.343,0.00237,0.359,0.00322,0.376,0.00254,0.400,0.00203,0.337,513,13519,428,8860
2025-09-26 16:02:00,,155,,,,,,22758,,,,,,,22745,,,,,,,6,,,,,,,60.0,,22123,,,,,,,23.3,,,,,,,155,,,,,,0.00424,0.374,0.00254,0.365,0.00441,0.367,0.00475,0.374,0.00186,0.375,0.00186,0.365,0.00136,0.380,0.00169,0.352,1026,14020,856,9517
2025-09-26 16:04:00,,38.9,,,,,,23118,,,,,,,23105,,,,,,,1,,,,,,,82.6,,22462,,,,,,,31.9,,,,,,,38.9,,,,,,0.00373,0.290,0.00271,0.273,0.00339,0.286,0.00441,0.277,0.00305,0.282,0.00305,0.291,0.00203,0.285,0.00186,0.272,3077,16022,1713,10501
2025-09-26 16:06:00,,418,,,,,,23478,,,,,,,23460,,,,,,,9,,,,,,,456,,22791,,,,,,,27.1,,,,,,,418,,,,,,0.00254,0.524,0.00254,0.486,0.00492,0.497,0.00237,0.515,0.00254,0.530,0.00203,0.501,0.00254,0.514,0.00305,0.514,513,15018,428,9842
2025-09-26 16:08:00,,65.9,,,,,,23838,,,,,,,23825,,,,,,,2,,,,,,,81.5,,23154,,,,,,,26.1,,,,,,,65.9,,,,,,0.00220,0.330,0.00288,0.319,0.00407,0.322,0.00373,0.320,0.00322,0.340,0.00169,0.315,0.00237,0.312,0.00220,0.329,1026,14521,856,9517
2025-09-26 16:10:00,,232,,,,,,24198,,,,,,,24185,,,,,,,8,,,,,,,63.6,,23507,,,,,,,22.9,,,,,,,232,,,,,,0.00492,0.524,0.00441,0.507,0.00356,0.501,0.00322,0.548,0.00305,0.544,0.00237,0.515,0.00254,0.545,0.00220,0.503,2051,16522,1713,10827
2025-09-26 16:12:00,,250,,,,,,24558,,,,,,,24545,,,,,,,8,,,,,,,66.1,,23867,,,,,,,28.5,,,,,,,250,,,,,,0.00390,0.448,0.00407,0.427,0.00339,0.432,0.00305,0.448,0.00339,0.441,0.00169,0.435,0.00220,0.461,0.00186,0.417,1538,14519,856,9515
2025-09-26 16:14:00,,209,,,,,,24918,,,,,,,24905,,,,,,,6,,,,,,,61.8,,24227,,,,,,,22.6,,,,,,,209,,,,,,0.00339,0.432,0.00237,0.404,0.00305,0.387,0.00271,0.437,0.00475,0.441,0.00186,0.413,0.00441,0.434,0.00169,0.402,1538,16022,1284,10500
2025-09-26 16:16:00,,207,,,,,,25278,,,,,,,25265,,,,,,,6,,,,,,,59.6,,24587,,,,,,,23.1,,,,,,,207,,,,,,0.00339,0.437,0.00322,0.445,0.00271,0.442,0.00322,0.432,0.00339,0.461,0.00169,0.411,0.00373,0.473,0.00271,0.403,1538,16523,1284,10828
2025-09-26 16:18:00,,139,,,,,,25638,,,,,,,25625,,,,,,,5,,,,,,,80.3,,24946,,,,,,,29.4,,,,,,,139,,,,,,0.00441,0.357,0.00220,0.368,0.00508,0.357,0.00237,0.386,0.00271,0.373,0.00102,0.355,0.00441,0.377,0.00203,0.352,1026,13520,856,8861
2025-09-26 16:20:00,,32.6,,,,,,25998,,,,,,,25985,,,,,,,2,,,,,,,80.1,,25292,,,,,,,26.1,,,,,,,32.6,,,,,,0.00458,0.334,0.00153,0.324,0.00475,0.328,0.00254,0.315,0.00305,0.309,0.00220,0.343,0.00220,0.319,0.00220,0.328,1026,15523,856,10173
2025-09-26 16:22:00,,185,,,,,,26358,,,,,,,26345,,,,,,,6,,,,,,,69.0,,25648,,,,,,,30.0,,,,,,,185,,,,,,0.00424,0.393,0.00339,0.373,0.00203,0.369,0.00220,0.397,0.00373,0.378,0.00153,0.390,0.00237,0.408,0.00169,0.365,513,16523,428,10828
2025-09-26 16:24:00,,27.7,,,,,,26718,,,,,,,26705,,,,,,,6,,,,,,,82.9,,26005,,,,,,,24.4,,,,,,,27.7,,,,,,0.00390,0.354,0.00237,0.386,0.00220,0.368,0.00169,0.351,0.00407,0.358,0.00254,0.350,0.00237,0.378,0.00271,0.333,1026,16526,856,11158
2025-09-26 16:26:00,,184,,,,,,27078,,,,,,,27065,,,,,,,5,,,,,,,69.9,,26364,,,,,,,23.4,,,,,,,184,,,,,,0.00237,0.507,0.00169,0.550,0.00356,0.532,0.00169,0.548,0.00424,0.531,0.00288,0.542,0.00339,0.563,0.00322,0.514,1538,15020,1284,9842
2025-09-26 16:28:00,,156,,,,,,27438,,,,,,,27425,,,,,,,4,,,,,,,72.5,,26723,,,,,,,29.2,,,,,,,156,,,,,,0.00525,0.516,0.00220,0.529,0.00322,0.565,0.00305,0.500,0.00322,0.537,0.00288,0.514,0.00254,0.544,0.00271,0.508,1538,14522,1284,9516
2025-09-26 16:30:00,,84.9,,,,,,27798,,,,,,,27785,,,,,,,2,,,,,,,83.7,,27041,,,,,,,26.2,,,,,,,84.9,,,,,,0.00339,0.280,0.00237,0.292,0.00356,0.305,0.00237,0.282,0.00390,0.297,0.00237,0.273,0.00288,0.299,0.00288,0.269,1538,14019,1284,9186
2025-09-26 16:32:00,,50.0,,,,,,28158,,,,,,,28145,,,,,,,2,,,,,,,80.7,,27379,,,,,,,26.2,,,,,,,50.0,,,,,,0.00441,0.298,0.00220,0.291,0.00322,0.293,0.00237,0.309,0.00559,0.284,0.00203,0.314,0.00271,0.306,0.00186,0.296,2051,17025,1712,11157
2025-09-26 16:34:00,,66.2,,,,,,28518,,,,,,,28504,,,,,,,2,,,,,,,83.4,,27696,,,,,,,28.1,,,,,,,66.2,,,,,,0.00288,0.309,0.00136,0.289,0.00407,0.306,0.00271,0.313,0.00508,0.273,0.00153,0.312,0.00407,0.312,0.00288,0.294,2564,15522,2140,10171
2025-09-26 16:36:00,,36.9,,,,,,28878,,,,,,,28865,,,,,,,1,,,,,,,82.5,,28043,,,,,,,29.6,,,,,,,36.9,,,,,,0.00390,0.416,0.00186,0.371,0.00339,0.421,0.00322,0.372,0.00356,0.398,0.00102,0.395,0.00305,0.388,0.00153,0.395,513,15020,428,9842
2025-09-26 16:38:00,,228,,,,,,29238,,,,,,,29225,,,,,,,4,,,,,,,59.0,,28403,,,,,,,27.7,,,,,,,228,,,,,,0.00288,0.408,0.00305,0.412,0.00475,0.453,0.00271,0.399,0.00407,0.390,0.00119,0.474,0.00288,0.449,0.00203,0.397,1538,14020,1284,9187
2025-09-26 16:40:00,,380,,,,,,29598,,,,,,,29570,,,,,,,6,,,,,,,396,,28746,,,,,,,38.2,,,,,,,380,,,,,,0.00339,0.931,0.00254,0.925,0.00407,0.929,0.00169,0.930,0.00407,0.930,0.00305,0.923,0.00322,0.922,0.000847,0.907,4102,15517,3424,10165
2025-09-26 16:42:00,,325,,,,,,29958,,,,,,,29926,,,,,,,8,,,,,,,392,,29102,,,,,,,30.8,,,,,,,325,,,,,,0.00288,0.921,0.00305,0.920,0.00288,0.925,0.00441,0.920,0.00407,0.934,0.00271,0.928,0.00271,0.928,0.00153,0.912,1025,15515,856,10164
2025-09-26 16:44:00,,82.9,,,,,,30318,,,,,,,30304,,,,,,,3,,,,,,,83.7,,29481,,,,,,,23.8,,,,,,,82.9,,,,,,0.00322,0.417,0.00220,0.441,0.00373,0.431,0.00322,0.398,0.00237,0.484,0.00153,0.378,0.00458,0.448,0.00169,0.403,2564,14017,2140,9184
2025-09-26 16:46:00,,155,,,,,,30678,,,,,,,30665,,,,,,,7,,,,,,,72.9,,29837,,,,,,,24.5,,,,,,,155,,,,,,0.00424,0.333,0.00203,0.356,0.00339,0.350,0.00237,0.351,0.00525,0.372,0.00305,0.315,0.00305,0.384,0.00169,0.323,1025,14521,428,9515
2025-09-26 16:48:00,,111,,,,,,31038,,,,,,,31025,,,,,,,6,,,,,,,82.8,,30197,,,,,,,28.4,,,,,,,111,,,,,,0.00356,0.468,0.00136,0.405,0.00390,0.455,0.00271,0.418,0.00288,0.424,0.00169,0.441,0.00441,0.493,0.00288,0.380,513,15023,428,9844
2025-09-26 16:50:00,,283,,,,,,31398,,,,,,,31383,,,,,,,7,,,,,,,346,,30549,,,,,,,52.4,,,,,,,283,,,,,,0.00322,0.426,0.00186,0.484,0.00305,0.476,0.00203,0.436,0.00390,0.508,0.00170,0.423,0.00390,0.511,0.00237,0.415,1538,15022,856,9843
2025-09-26 16:52:00,,246,,,,,,31758,,,,,,,31745,,,,,,,9,,,,,,,82.2,,30911,,,,,,,22.7,,,,,,,246,,,,,,0.00373,0.423,0.00237,0.415,0.00254,0.411,0.00271,0.426,0.00203,0.452,0.00220,0.389,0.00271,0.426,0.00356,0.424,1025,14018,856,9185
2025-09-26 16:54:00,,85.6,,,,,,32118,,,,,,,32105,,,,,,,7,,,,,,,82.0,,31271,,,,,,,24.3,,,,,,,85.6,,,,,,0.00356,0.704,0.00220,0.695,0.00475,0.701,0.00186,0.708,0.00237,0.705,0.00169,0.693,0.00373,0.706,0.00288,0.691,513,16020,428,10496
2025-09-26 16:56:00,,133,,,,,,32478,,,,,,,32465,,,,,,,5,,,,,,,82.2,,31625,,,,,,,26.8,,,,,,,133,,,,,,0.00373,0.364,0.00169,0.389,0.00390,0.377,0.00186,0.382,0.00339,0.370,0.00203,0.397,0.00475,0.397,0.00203,0.369,513,14020,428,9187
2025-09-26 16:58:00,,185,,,,,,32838,,,,,,,32825,,,,,,,6,,,,,,,63.5,,31985,,,,,,,23.9,,,,,,,185,,,,,,0.00525,0.388,0.00237,0.462,0.00356,0.439,0.00153,0.388,0.00441,0.407,0.00271,0.446,0.00237,0.407,0.00254,0.432,513,16020,428,10495
2025-09-26 17:00:00,,117,,,,,,33198,,,,,,,33185,,,,,,,7,,,,,,,81.5,,32342,,,,,,,23.4,,,,,,,117,,,,,,0.00237,0.380,0.00203,0.385,0.00424,0.363,0.00203,0.407,0.00508,0.413,0.00169,0.355,0.00407,0.407,0.00339,0.361,1025,16022,856,10497
2025-09-26 17:02:00,,339,,,,,,33558,,,,,,,33524,,,,,,,6,,,,,,,390,,32681,,,,,,,36.5,,,,,,,339,,,,,,0.00322,0.917,0.00169,0.923,0.00339,0.929,0.00136,0.927,0.00458,0.941,0.00102,0.928,0.00390,0.925,0.00339,0.913,513,13509,428,8848
2025-09-26 17:04:00,,144,,,,,,33918,,,,,,,33889,,,,,,,5,,,,,,,206,,33046,,,,,,,38.7,,,,,,,144,,,,,,0.00373,0.932,0.00220,0.922,0.00390,0.920,0.00237,0.930,0.00390,0.929,0.00169,0.927,0.00390,0.918,0.00271,0.910,1538,15510,856,10158
2025-09-26 17:06:00,,55.9,,,,,,34278,,,,,,,34265,,,,,,,2,,,,,,,80.4,,33402,,,,,,,23.1,,,,,,,55.9,,,,,,0.00322,0.262,0.00169,0.273,0.00407,0.270,0.00203,0.277,0.00203,0.268,0.00305,0.278,0.00305,0.277,0.00220,0.252,513,15019,428,9840
2025-09-26 17:08:00,,107,,,,,,34638,,,,,,,34625,,,,,,,3,,,,,,,82.1,,33740,,,,,,,23.6,,,,,,,107,,,,,,0.00424,0.298,0.00220,0.300,0.00322,0.304,0.00153,0.313,0.00373,0.290,0.00339,0.319,0.00288,0.295,0.00203,0.300,1538,14519,1284,9512
2025-09-26 17:10:00,,194,,,,,,34998,,,,,,,34985,,,,,,,5,,,,,,,62.0,,34098,,,,,,,24.2,,,,,,,194,,,,,,0.00458,0.433,0.00203,0.427,0.00322,0.423,0.00458,0.436,0.00237,0.452,0.00288,0.413,0.00407,0.482,0.00254,0.403,1026,14517,856,9510
2025-09-26 17:12:00,,207,,,,,,35358,,,,,,,35345,,,,,,,8,,,,,,,59.2,,34450,,,,,,,22.8,,,,,,,207,,,,,,0.00424,0.508,0.00169,0.541,0.00407,0.537,0.00356,0.515,0.00153,0.493,0.00254,0.565,0.00373,0.540,0.00237,0.501,3077,14517,2568,9510
2025-09-26 17:14:00,,170,,,,,,35718,,,,,,,35680,,,,,,,7,,,,,,,236,,34785,,,,,,,73.5,,,,,,,170,,,,,,0.00356,0.932,0.00288,0.925,0.00390,0.929,0.00288,0.919,0.00237,0.926,0.00220,0.929,0.00237,0.929,0.00102,0.916,1538,15011,856,9831
2025-09-26 17:16:00,,268,,,,,,36078,,,,,,,36023,,,,,,,6,,,,,,,334,,35128,,,,,,,32.1,,,,,,,268,,,,,,0.00356,0.926,0.00288,0.923,0.00305,0.918,0.00186,0.919,0.00542,0.935,0.00288,0.926,0.00254,0.923,0.00237,0.913,1538,14510,1284,9503
2025-09-26 17:18:00,,265,,,,,,36438,,,,,,,36390,,,,,,,6,,,,,,,331,,35495,,,,,,,33.3,,,,,,,265,,,,,,0.00339,0.928,0.00220,0.921,0.00254,0.925,0.00475,0.920,0.00288,0.936,0.00288,0.930,0.00305,0.930,0.00203,0.910,2051,15009,1712,9828
2025-09-26 17:20:00,,209,,,,,,36798,,,,,,,36731,,,,,,,10,,,,,,,273,,35836,,,,,,,28.8,,,,,,,209,,,,,,0.00220,0.921,0.00322,0.922,0.00288,0.925,0.00322,0.928,0.00322,0.936,0.00322,0.927,0.00288,0.933,0.00203,0.916,513,15003,428,9823
2025-09-26 17:22:00,,63.4,,,,,,37158,,,,,,,37145,,,,,,,3,,,,,,,80.7,,36220,,,,,,,27.1,,,,,,,63.4,,,,,,0.00237,0.271,0.00288,0.309,0.00322,0.290,0.00288,0.289,0.00441,0.308,0.000678,0.283,0.00458,0.301,0.00271,0.286,1026,14515,856,9507
2025-09-26 17:24:00,,130,,,,,,37518,,,,,,,37505,,,,,,,5,,,,,,,71.7,,36580,,,,,,,22.9,,,,,,,130,,,,,,0.00186,0.421,0.00136,0.392,0.00271,0.424,0.00339,0.409,0.00424,0.435,0.00186,0.398,0.00458,0.431,0.00288,0.425,513,14515,428,9507
2025-09-26 17:26:00,,63.9,,,,,,37878,,,,,,,37865,,,,,,,2,,,,,,,81.3,,36939,,,,,,,25.1,,,,,,,63.9,,,,,,0.00339,0.423,0.00220,0.436,0.00441,0.450,0.00220,0.425,0.00288,0.449,0.00271,0.447,0.00458,0.445,0.00102,0.431,2564,14514,1713,9506
2025-09-26 17:28:00,,115,,,,,,38238,,,,,,,38225,,,,,,,3,,,,,,,81.8,,37297,,,,,,,24.4,,,,,,,115,,,,,,0.00373,0.750,0.00254,0.733,0.00339,0.753,0.00254,0.742,0.00390,0.737,0.00203,0.754,0.00305,0.750,0.00203,0.730,2052,17012,856,11140
2025-09-26 17:30:00,,278,,,,,,38598,,,,,,,38582,,,,,,,9,,,,,,,338,,37647,,,,,,,30.7,,,,,,,278,,,,,,0.00356,0.444,0.00373,0.461,0.00373,0.451,0.00220,0.449,0.00339,0.462,0.00271,0.437,0.00339,0.454,0.00169,0.456,2052,15514,1713,10161
2025-09-26 17:32:00,,300,,,,,,38958,,,,,,,38916,,,,,,,7,,,,,,,401,,37982,,,,,,,30.2,,,,,,,300,,,,,,0.00322,0.926,0.00237,0.932,0.00237,0.923,0.00169,0.923,0.00542,0.930,0.00220,0.929,0.00288,0.921,0.00254,0.910,1026,14509,856,9501
2025-09-26 17:34:00,,90.1,,,,,,39318,,,,,,,39305,,,,,,,6,,,,,,,81.9,,38368,,,,,,,23.0,,,,,,,90.1,,,,,,0.00576,0.693,0.00237,0.672,0.00339,0.679,0.00203,0.690,0.00237,0.697,0.00220,0.679,0.00424,0.684,0.00237,0.680,3077,15013,2141,9832
2025-09-26 17:36:00,,101,,,,,,39678,,,,,,,39665,,,,,,,4,,,,,,,80.3,,38724,,,,,,,22.2,,,,,,,101,,,,,,0.00373,0.331,0.00305,0.317,0.00186,0.294,0.00271,0.350,0.00254,0.323,0.00254,0.317,0.00407,0.328,0.00136,0.311,1539,14016,1284,9507
2025-09-26 17:38:00,,84.0,,,,,,40038,,,,,,,40025,,,,,,,3,,,,,,,80.2,,39074,,,,,,,22.9,,,,,,,84.0,,,,,,0.00220,0.373,0.00136,0.320,0.00356,0.358,0.00169,0.362,0.00542,0.339,0.00288,0.369,0.00322,0.384,0.00305,0.326,1538,13012,1284,8194
2025-09-26 17:40:00,,60.0,,,,,,40398,,,,,,,40385,,,,,,,3,,,,,,,82.9,,39409,,,,,,,26.6,,,,,,,60.0,,,,,,0.00542,0.295,0.00186,0.282,0.00407,0.280,0.00254,0.302,0.00373,0.289,0.00271,0.293,0.00339,0.293,0.00237,0.286,3590,14514,2997,9505
2025-09-26 17:42:00,,62.6,,,,,,40758,,,,,,,40745,,,,,,,2,,,,,,,83.5,,39735,,,,,,,27.7,,,,,,,62.6,,,,,,0.00288,0.290,0.00186,0.331,0.00322,0.293,0.00322,0.312,0.00271,0.328,0.00203,0.298,0.00373,0.325,0.00254,0.281,513,14013,428,9177
2025-09-26 17:44:00,,29.8,,,,,,41118,,,,,,,41105,,,,,,,1,,,,,,,78.7,,40066,,,,,,,22.8,,,,,,,29.8,,,,,,0.00271,0.321,0.00169,0.310,0.00237,0.316,0.00458,0.330,0.00271,0.322,0.00220,0.319,0.00390,0.325,0.00271,0.324,513,15014,428,9832
2025-09-26 17:46:00,,52.9,,,,,,41478,,,,,,,41465,,,,,,,2,,,,,,,81.6,,40395,,,,,,,22.9,,,,,,,52.9,,,,,,0.00322,0.315,0.00322,0.307,0.00339,0.298,0.00186,0.310,0.00271,0.296,0.00153,0.301,0.00254,0.309,0.00288,0.291,1026,16014,856,10487
2025-09-26 17:48:00,,79.8,,,,,,41838,,,,,,,41825,,,,,,,4,,,,,,,84.2,,40742,,,,,,,20.5,,,,,,,79.8,,,,,,0.00373,0.341,0.00288,0.306,0.00322,0.321,0.00339,0.318,0.00254,0.331,0.00153,0.322,0.00441,0.315,0.00220,0.330,1538,14513,1284,9504
2025-09-26 17:50:00,,133,,,,,,42198,,,,,,,42185,,,,,,,4,,,,,,,80.9,,41101,,,,,,,30.4,,,,,,,133,,,,,,0.00322,0.387,0.00220,0.371,0.00254,0.388,0.00305,0.381,0.00390,0.407,0.00237,0.358,0.00339,0.402,0.00373,0.352,3076,17514,2140,11469
2025-09-26 17:52:00,,161,,,,,,42558,,,,,,,42545,,,,,,,5,,,,,,,83.5,,41460,,,,,,,33.3,,,,,,,161,,,,,,0.00288,0.358,0.00203,0.393,0.00356,0.371,0.00254,0.381,0.00288,0.357,0.00288,0.382,0.00288,0.396,0.00441,0.363,1538,15513,1284,10159
2025-09-26 17:54:00,,102,,,,,,42918,,,,,,,42905,,,,,,,5,,,,,,,72.5,,41819,,,,,,,23.7,,,,,,,102,,,,,,0.00390,0.402,0.00254,0.411,0.00288,0.393,0.00237,0.420,0.00305,0.414,0.00288,0.391,0.00407,0.413,0.00322,0.409,1026,14513,856,9503
2025-09-26 17:56:00,,83.8,,,,,,43278,,,,,,,43265,,,,,,,2,,,,,,,74.1,,42179,,,,,,,25.1,,,,,,,83.8,,,,,,0.00322,0.452,0.00322,0.434,0.00424,0.400,0.00186,0.482,0.00288,0.454,0.00254,0.420,0.00220,0.498,0.00339,0.386,513,15514,428,10159
2025-09-26 17:58:00,,415,,,,,,43638,,,,,,,43600,,,,,,,9,,,,,,,316,,42511,,,,,,,31.7,,,,,,,415,,,,,,0.00237,0.923,0.00119,0.922,0.00373,0.927,0.00203,0.932,0.00390,0.933,0.00186,0.920,0.00407,0.930,0.00288,0.914,1025,14507,428,9498
2025-09-26 18:00:00,,,,,,,,,,,,,,,,,,,,,,,,,,,,,,,,,,,,,,,,,,,,,,,,,,,0.00424,0.00424,0.00186,0.00441,0.00407,0.00492,0.00288,0.00288,0.00525,0.00441,0.00237,0.00458,0.00390,0.00525,0.00322,0.00373,2051,6139,1712,3734
2025-09-26 18:02:00,,,,,,,,,,,,,,,,,,,,,,,,,,,,,,,,,,,,,,,,,,,,,,,,,,,0.00508,0.00254,0.00237,0.00390,0.00339,0.00475,0.00136,0.00136,0.00475,0.00271,0.00271,0.00305,0.00356,0.00390,0.00153,0.00136,513,512,428,340
2025-09-26 18:04:00,,,,,,156,,123,113,,,,,,,5,,,,,,,84.0,,,,,,,,,,,,112,,,,,,,23.1,,,,,,,156,,0.0808,0.138,0.240,0.138,0.219,0.132,0.0776,0.136,0.0922,0.141,0.193,0.124,0.218,0.139,0.0775,0.125,12753,15221,13286,10057
2025-09-26 18:06:00,,,,,,,,,,,,,,,,,,,,,,,,,,,,,,,,,,,,,,,,,,,,,,,,,,,0.00424,0.0239,0.0169,0.0308,0.00576,0.0214,0.0183,0.0198,0.0129,0.0190,0.00627,0.0207,0.0147,0.0197,0.00847,0.0197,6656,3590,4761,2046
2025-09-26 18:08:00,,,,,,,60.2,289,,279,,,,,,,2,,,,,,,78.0,,,,,,,,,,,,265,,,,,,,22.6,,,,,,,60.2,0.0247,0.206,0.180,0.215,0.174,0.207,0.0329,0.228,0.111,0.211,0.103,0.241,0.109,0.228,0.104,0.190,8647,15174,6684,10010
2025-09-26 18:10:00,,,,,,,86.4,649,,639,,,,,,,3,,,,,,,78.0,,,,,,,,,,,,594,,,,,,,23.2,,,,,,,86.4,0.0105,0.225,0.213,0.243,0.181,0.216,0.0280,0.188,0.0851,0.211,0.131,0.209,0.146,0.219,0.0698,0.223,6103,16692,4716,11012
2025-09-26 18:12:00,,,,,,,147,1009,,999,,,,,,,7,,,,,,,82.5,,,,,,,,,,,,925,,,,,,,21.4,,,,,,,147,0.0215,0.242,0.468,0.238,0.0947,0.208,0.383,0.229,0.274,0.228,0.187,0.173,0.186,0.208,0.300,0.211,10677,15677,8251,10341
2025-09-26 18:14:00,,,,,,,180,1369,,1359,,,,,,,8,,,,,,,76.1,,,,,,,,,,,,1285,,,,,,,19.3,,,,,,,180,0.0763,0.232,0.429,0.228,0.116,0.206,0.397,0.216,0.213,0.192,0.298,0.221,0.369,0.214,0.122,0.222,10680,16687,7467,11006
2025-09-26 18:16:00,,,,,,,62.8,1729,,1719,,,,,,,0,,,,,,,79.3,,,,,,,,,,,,1638,,,,,,,22.0,,,,,,,62.8,0.123,0.215,0.188,0.196,0.00949,0.220,0.301,0.222,0.224,0.223,0.0600,0.241,0.113,0.211,0.196,0.218,8135,14159,6286,9338
2025-09-26 18:18:00,,,,,,,91.1,2089,,2079,,,,,,,4,,,,,,,81.4,,,,,,,,,,,,1992,,,,,,,17.8,,,,,,,91.1,0.208,0.218,0.0942,0.233,0.0663,0.199,0.237,0.212,0.172,0.212,0.114,0.222,0.220,0.211,0.0778,0.228,7116,13147,5499,8671
2025-09-26 18:20:00,,,,,,,163,2449,,2439,,,,,,,8,,,,,,,80.0,,,,,,,,,,,,2350,,,,,,,25.9,,,,,,,163,0.150,0.220,0.340,0.235,0.144,0.201,0.367,0.215,0.330,0.211,0.167,0.227,0.467,0.212,0.0361,0.212,13727,15170,10608,10005
2025-09-26 18:22:00,,,,,,,35.3,2809,,2799,,,,,,,1,,,,,,,78.4,,,,,,,,,,,,2704,,,,,,,33.3,,,,,,,35.3,0.109,0.206,0.151,0.215,0.148,0.200,0.121,0.230,0.145,0.219,0.108,0.234,0.262,0.225,0.00610,0.209,8132,15676,6283,10339
2025-09-26 18:24:00,,,,,,,124,3169,,3159,,,,,,,4,,,,,,,82.6,,,,,,,,,,,,3032,,,,,,,22.9,,,,,,,124,0.121,0.209,0.283,0.234,0.156,0.205,0.244,0.221,0.338,0.229,0.0447,0.210,0.227,0.213,0.176,0.214,9146,13652,7066,9003
2025-09-26 18:26:00,,,,,,,97.5,3529,,3519,,,,,,,3,,,,,,,79.6,,,,,,,,,,,,3391,,,,,,,22.1,,,,,,,97.5,0.321,0.216,0.0515,0.238,0.00695,0.209,0.368,0.208,0.229,0.214,0.134,0.217,0.314,0.217,0.0522,0.212,9660,15675,7465,10337
2025-09-26 18:28:00,,,,,,,158,3889,,3879,,,,,,,8,,,,,,,80.9,,,,,,,,,,,,3748,,,,,,,31.3,,,,,,,158,0.168,0.204,0.176,0.211,0.0159,0.225,0.325,0.223,0.252,0.223,0.0856,0.212,0.263,0.221,0.0614,0.215,10168,15673,7857,10336
2025-09-26 18:30:00,,,,,,,163,4249,,4239,,,,,,,8,,,,,,,82.3,,,,,,,,,,,,4108,,,,,,,33.3,,,,,,,163,0.0983,0.212,0.423,0.224,0.237,0.191,0.290,0.227,0.132,0.208,0.386,0.221,0.356,0.226,0.174,0.216,10673,14157,8247,9336
2025-09-26 18:32:00,,,,,,,36.8,4609,,4599,,,,,,,1,,,,,,,81.4,,,,,,,,,,,,4459,,,,,,,34.5,,,,,,,36.8,0.0727,0.225,0.0953,0.225,0.0192,0.198,0.150,0.224,0.0941,0.218,0.0495,0.222,0.144,0.225,0.0166,0.200,5590,14663,4319,9670
2025-09-26 18:34:00,,,,,,,118,4969,,4959,,,,,,,6,,,,,,,81.7,,,,,,,,,,,,4787,,,,,,,22.7,,,,,,,118,0.0861,0.219,0.147,0.245,0.0310,0.217,0.198,0.229,0.0505,0.175,0.187,0.219,0.223,0.231,0.00915,0.207,7623,16179,5890,10669
2025-09-26 18:36:00,,,,,,,82.2,5329,,5319,,,,,,,3,,,,,,,82.6,,,,,,,,,,,,5147,,,,,,,31.9,,,,,,,82.2,0.0363,0.198,0.221,0.211,0.00695,0.199,0.273,0.214,0.158,0.234,0.122,0.218,0.138,0.227,0.141,0.230,8646,15167,6682,10002
2025-09-26 18:38:00,,,,,,,62.2,5689,,5679,,,,,,,2,,,,,,,79.2,,,,,,,,,,,,5502,,,,,,,24.0,,,,,,,62.2,0.0375,0.221,0.177,0.205,0.0251,0.207,0.189,0.216,0.132,0.218,0.0683,0.209,0.144,0.230,0.0637,0.223,9158,17189,7078,11335
2025-09-26 18:40:00,,,,,,,39.0,6049,,6039,,,,,,,1,,,,,,,81.4,,,,,,,,,,,,5837,,,,,,,36.7,,,,,,,39.0,0.00644,0.209,0.192,0.239,0.0749,0.204,0.124,0.225,0.142,0.209,0.0339,0.230,0.118,0.209,0.0722,0.213,10175,14663,7471,9669
2025-09-26 18:42:00,,,,,,,36.6,6409,,6399,,,,,,,0,,,,,,,81.6,,,,,,,,,,,,6158,,,,,,,34.2,,,,,,,36.6,0.00661,0.208,0.189,0.211,0.0805,0.211,0.115,0.237,0.104,0.207,0.0707,0.227,0.179,0.208,0.00864,0.225,6105,12136,4718,8003
2025-09-26 18:44:00,,,,,,,211,6769,,6759,,,,,,,9,,,,,,,84.5,,,,,,,,,,,,6491,,,,,,,30.2,,,,,,,211,0.0561,0.223,0.396,0.239,0.0117,0.195,0.453,0.206,0.239,0.196,0.205,0.208,0.233,0.238,0.229,0.227,11186,15168,8644,10002
2025-09-26 18:46:00,,,,,,,109,7129,,7119,,,,,,,5,,,,,,,82.3,,,,,,,,,,,,6849,,,,,,,22.6,,,,,,,109,0.115,0.209,0.254,0.208,0.174,0.220,0.190,0.229,0.200,0.205,0.161,0.228,0.226,0.222,0.125,0.213,9661,15674,7465,10335
2025-09-26 18:48:00,,,,,,,95.3,7489,,7479,,,,,,,3,,,,,,,83.1,,,,,,,,,,,,7174,,,,,,,25.8,,,,,,,95.3,0.0283,0.213,0.188,0.234,0.0363,0.220,0.178,0.210,0.0902,0.220,0.104,0.213,0.127,0.202,0.0837,0.215,5592,15168,3928,10002
2025-09-26 18:50:00,,,,,,,198,7849,,7839,,,,,,,7,,,,,,,79.9,,,,,,,,,,,,7527,,,,,,,19.4,,,,,,,198,0.0319,0.221,0.354,0.204,0.148,0.217,0.235,0.229,0.164,0.212,0.211,0.227,0.249,0.215,0.117,0.207,10674,15167,8247,10000
2025-09-26 18:52:00,,,,,,,161,8209,,8199,,,,,,,7,,,,,,,77.9,,,,,,,,,,,,7887,,,,,,,18.3,,,,,,,161,0.0656,0.209,0.292,0.238,0.124,0.224,0.238,0.237,0.157,0.204,0.211,0.206,0.335,0.212,0.0247,0.215,6608,13146,5105,8668
2025-09-26 18:54:00,,,,,,,,8569,,8559,,,,,,,3,,,,,,,86.9,,,,,,,,,,,,,,,,,,,33.5,,,,,,,,0.0817,0.211,0.131,0.233,0.0746,0.206,0.139,0.206,0.00712,0.204,0.206,0.225,0.146,0.230,0.0392,0.229,4574,13651,3534,9001
2025-09-26 18:56:00,,,,,,,70.9,8929,,8919,,,,,,,3,,,,,,,81.0,,,,,,,,,,,,8559,,,,,,,19.1,,,,,,,70.9,0.0973,0.210,0.0975,0.231,0.0546,0.229,0.146,0.234,0.164,0.207,0.0432,0.212,0.149,0.218,0.0558,0.196,7115,16686,5105,11002
2025-09-26 18:58:00,,,,,,,102,9289,,9279,,,,,,,5,,,,,,,81.3,,,,,,,,,,,,8901,,,,,,,25.5,,,,,,,102,0.0632,0.202,0.159,0.226,0.0222,0.227,0.218,0.227,0.00932,0.210,0.233,0.194,0.0836,0.221,0.151,0.222,6099,15674,4712,10334
2025-09-26 19:00:00,,,,,,,191,9649,,9639,,,,,,,7,,,,,,,84.4,,,,,,,,,,,,9259,,,,,,,24.8,,,,,,,191,0.234,0.219,0.259,0.243,0.0710,0.202,0.463,0.222,0.192,0.213,0.319,0.236,0.253,0.189,0.266,0.200,11691,14662,9033,9667
2025-09-26 19:02:00,,,,,,,196,10009,,9999,,,,,,,8,,,,,,,78.6,,,,,,,,,,,,9619,,,,,,,18.0,,,,,,,196,0.185,0.234,0.209,0.232,0.0232,0.222,0.378,0.222,0.261,0.199,0.122,0.223,0.312,0.212,0.0846,0.201,10167,14662,7855,9667
2025-09-26 19:04:00,,,,,,,160,10369,,10359,,,,,,,10,,,,,,,82.5,,,,,,,,,,,,9979,,,,,,,18.8,,,,,,,160,0.0251,0.181,0.490,0.195,0.170,0.235,0.333,0.231,0.498,0.236,0.00847,0.233,0.306,0.225,0.205,0.213,9149,15166,7069,9999
2025-09-26 19:06:00,,,,,,,137,10729,,10719,,,,,,,7,,,,,,,83.8,,,,,,,,,,,,10339,,,,,,,23.4,,,,,,,137,0.106,0.203,0.413,0.241,0.188,0.214,0.326,0.209,0.181,0.198,0.326,0.224,0.435,0.222,0.0702,0.212,12199,14157,9425,9335
2025-09-26 19:08:00,,,,,,,162,11089,,11079,,,,,,,6,,,,,,,84.1,,,,,,,,,,,,10699,,,,,,,21.6,,,,,,,162,0.223,0.208,0.227,0.227,0.0520,0.210,0.398,0.230,0.288,0.221,0.143,0.205,0.410,0.214,0.0361,0.223,9654,14663,7458,9668
2025-09-26 19:10:00,,,,,,,146,11449,,11439,,,,,,,9,,,,,,,81.9,,,,,,,,,,,,11055,,,,,,,18.7,,,,,,,146,0.147,0.223,0.241,0.234,0.133,0.213,0.272,0.225,0.273,0.214,0.127,0.209,0.324,0.220,0.0749,0.203,10163,13145,7851,8667
2025-09-26 19:12:00,,,,,,,58.7,11809,,11799,,,,,,,2,,,,,,,82.5,,,,,,,,,,,,11413,,,,,,,22.6,,,,,,,58.7,0.0107,0.201,0.320,0.237,0.297,0.202,0.0307,0.234,0.258,0.217,0.0620,0.225,0.248,0.227,0.0776,0.192,10161,16686,7850,11001
2025-09-26 19:14:00,,,,,,,113,12169,,12159,,,,,,,5,,,,,,,79.6,,,,,,,,,,,,11769,,,,,,,20.2,,,,,,,113,0.0595,0.211,0.405,0.228,0.160,0.213,0.307,0.224,0.332,0.210,0.122,0.219,0.435,0.209,0.0193,0.214,11176,14662,8633,9666
2025-09-26 19:16:00,,,,,,,186,12529,,12519,,,,,,,3,,,,,,,79.0,,,,,,,,,,,,12129,,,,,,,21.5,,,,,,,186,0.221,0.203,0.282,0.225,0.262,0.222,0.253,0.223,0.366,0.209,0.143,0.213,0.317,0.220,0.198,0.217,11683,15168,9024,10000
2025-09-26 19:18:00,,,,,,,61.2,12889,,12879,,,,,,,2,,,,,,,80.7,,,,,,,,,,,,12487,,,,,,,24.1,,,,,,,61.2,0.0664,0.205,0.246,0.240,0.177,0.205,0.130,0.216,0.161,0.207,0.152,0.214,0.235,0.228,0.0741,0.226,8637,14661,6672,9666
2025-09-26 19:20:00,,,,,,,151,13249,,13239,,,,,,,7,,,,,,,82.4,,,,,,,,,,,,12846,,,,,,,31.7,,,,,,,151,0.217,0.204,0.274,0.227,0.154,0.223,0.346,0.236,0.240,0.217,0.263,0.223,0.407,0.199,0.0836,0.204,14225,14663,10988,9667
2025-09-26 19:22:00,,,,,,,161,13609,,13599,,,,,,,8,,,,,,,82.3,,,,,,,,,,,,13206,,,,,,,18.7,,,,,,,161,0.189,0.225,0.294,0.196,0.0731,0.198,0.423,0.207,0.350,0.220,0.136,0.238,0.454,0.231,0.0283,0.217,14233,16178,10603,10666
2025-09-26 19:24:00,,,,,,,38.6,13969,,13959,,,,,,,1,,,,,,,81.2,,,,,,,,,,,,13565,,,,,,,36.4,,,,,,,38.6,0.0351,0.202,0.326,0.219,0.0107,0.225,0.352,0.208,0.319,0.212,0.0214,0.225,0.244,0.221,0.114,0.225,10674,14664,8246,9668
2025-09-26 19:26:00,,,,,,,150,14329,,14319,,,,,,,4,,,,,,,82.8,,,,,,,,,,,,13896,,,,,,,26.3,,,,,,,150,0.159,0.190,0.0771,0.240,0.126,0.212,0.128,0.217,0.156,0.216,0.0864,0.239,0.0185,0.210,0.238,0.219,9662,14660,7073,9664
2025-09-26 19:28:00,,,,,,,80.3,14689,,14679,,,,,,,3,,,,,,,80.3,,,,,,,,,,,,14239,,,,,,,18.3,,,,,,,80.3,0.0144,0.233,0.339,0.224,0.216,0.207,0.125,0.196,0.191,0.214,0.138,0.241,0.149,0.212,0.192,0.215,9664,15167,7468,9999
2025-09-26 19:30:00,,,,,,,104,15049,,15039,,,,,,,4,,,,,,,79.6,,,,,,,,,,,,14576,,,,,,,23.2,,,,,,,104,0.0514,0.203,0.209,0.239,0.109,0.227,0.149,0.189,0.137,0.221,0.103,0.229,0.146,0.214,0.107,0.214,7626,13650,5892,8999
2025-09-26 19:32:00,,,,,,,195,15409,,15399,,,,,,,9,,,,,,,76.2,,,,,,,,,,,,14936,,,,,,,23.6,,,,,,,195,0.226,0.207,0.258,0.242,0.136,0.216,0.371,0.240,0.402,0.197,0.100,0.216,0.284,0.213,0.225,0.214,13224,15167,10218,9998
2025-09-26 19:34:00,,,,,,,142,15769,,15759,,,,,,,7,,,,,,,77.7,,,,,,,,,,,,15296,,,,,,,32.9,,,,,,,142,0.0827,0.216,0.384,0.227,0.160,0.221,0.287,0.209,0.0237,0.218,0.438,0.230,0.328,0.214,0.132,0.198,12718,14155,9827,9331
2025-09-26 19:36:00,,,,,,,105,16129,,16119,,,,,,,7,,,,,,,84.2,,,,,,,,,,,,15656,,,,,,,20.9,,,,,,,105,0.191,0.206,0.247,0.223,0.0286,0.241,0.408,0.206,0.140,0.229,0.286,0.225,0.281,0.216,0.135,0.227,14754,14155,11401,9331
2025-09-26 19:38:00,,,,,,,64.3,16489,,16479,,,,,,,2,,,,,,,80.2,,,,,,,,,,,,16017,,,,,,,25.2,,,,,,,64.3,0.328,0.215,0.0329,0.218,0.120,0.185,0.260,0.224,0.211,0.237,0.171,0.239,0.285,0.211,0.0959,0.203,11189,14660,8645,9663
2025-09-26 19:40:00,,,,,,,84.4,16849,,16839,,,,,,,3,,,,,,,80.7,,,,,,,,,,,,16347,,,,,,,32.8,,,,,,,84.4,0.0281,0.222,0.209,0.213,0.0936,0.225,0.131,0.215,0.103,0.218,0.113,0.212,0.123,0.218,0.117,0.212,8141,14662,5898,9665
2025-09-26 19:42:00,,,,,,,34.2,17209,,17199,,,,,,,2,,,,,,,84.4,,,,,,,,,,,,16703,,,,,,,32.0,,,,,,,34.2,0.212,0.222,0.118,0.184,0.0242,0.203,0.314,0.231,0.292,0.232,0.0276,0.243,0.0253,0.219,0.315,0.213,11189,13650,8646,8997
2025-09-26 19:44:00,,,,,,,68.5,17569,,17559,,,,,,,3,,,,,,,76.6,,,,,,,,,,,,17060,,,,,,,19.1,,,,,,,68.5,0.164,0.228,0.161,0.237,0.158,0.210,0.171,0.224,0.0697,0.201,0.270,0.240,0.250,0.198,0.0905,0.203,10174,15167,7862,9997
2025-09-26 19:46:00,,,,,,,159,17929,,17919,,,,,,,8,,,,,,,80.7,,,,,,,,,,,,17408,,,,,,,17.9,,,,,,,159,0.0703,0.215,0.436,0.224,0.393,0.224,0.107,0.225,0.252,0.191,0.232,0.227,0.417,0.208,0.0747,0.226,10172,13651,7860,8998
2025-09-26 19:48:00,,,,,,,106,18289,,18279,,,,,,,6,,,,,,,78.7,,,,,,,,,,,,17768,,,,,,,24.7,,,,,,,106,0.0537,0.204,0.391,0.211,0.156,0.224,0.278,0.213,0.197,0.211,0.235,0.224,0.380,0.229,0.0466,0.219,14747,15166,11394,9996
2025-09-26 19:50:00,,,,,,,61.1,18649,,18639,,,,,,,4,,,,,,,82.7,,,,,,,,,,,,18113,,,,,,,19.4,,,,,,,61.1,0.104,0.220,0.103,0.209,0.00831,0.215,0.218,0.236,0.218,0.216,0.00576,0.232,0.118,0.196,0.103,0.211,7118,17188,5499,11329
2025-09-26 19:52:00,,,,,,,33.6,19009,,18999,,,,,,,1,,,,,,,78.1,,,,,,,,,,,,18433,,,,,,,31.4,,,,,,,33.6,0.0927,0.210,0.112,0.228,0.0968,0.220,0.120,0.220,0.0600,0.218,0.165,0.220,0.0627,0.222,0.157,0.193,8643,16178,6677,10663
2025-09-26 19:54:00,,,,,,,62.7,19369,,19359,,,,,,,2,,,,,,,88.9,,,,,,,,,,,,18789,,,,,,,22.4,,,,,,,62.7,0.0403,0.215,0.304,0.214,0.0458,0.217,0.300,0.239,0.0697,0.199,0.275,0.220,0.320,0.210,0.0176,0.226,13220,15672,10213,10330
2025-09-26 19:56:00,,,,,,,186,19729,,19719,,,,,,,8,,,,,,,79.0,,,,,,,,,,,,19143,,,,,,,23.5,,,,,,,186,0.100,0.207,0.350,0.228,0.0912,0.226,0.363,0.208,0.303,0.214,0.143,0.214,0.406,0.226,0.0208,0.206,11191,17694,8647,11662
2025-09-26 19:58:00,,,,,,,135,20089,,20079,,,,,,,6,,,,,,,82.5,,,,,,,,,,,,19503,,,,,,,18.6,,,,,,,135,0.243,0.222,0.152,0.226,0.144,0.214,0.245,0.221,0.128,0.200,0.274,0.214,0.379,0.222,0.0168,0.211,12714,14660,9823,9662
2025-09-26 20:00:00,,,,,,,158,20449,,20439,,,,,,,7,,,,,,,85.4,,,,,,,,,,,,19863,,,,,,,19.0,,,,,,,158,0.139,0.198,0.368,0.227,0.256,0.217,0.252,0.229,0.288,0.218,0.208,0.223,0.356,0.212,0.145,0.219,14238,16683,11000,10995
2025-09-26 20:02:00,,,,,,,129,20809,,20799,,,,,,,6,,,,,,,83.2,,,,,,,,,,,,20223,,,,,,,21.8,,,,,,,129,0.191,0.219,0.324,0.237,0.211,0.207,0.291,0.215,0.189,0.201,0.325,0.221,0.469,0.216,0.0503,0.218,11695,17695,9428,11662
2025-09-26 20:04:00,,,,,,,135,21169,,21159,,,,,,,6,,,,,,,77.4,,,,,,,,,,,,20583,,,,,,,19.3,,,,,,,135,0.127,0.212,0.259,0.224,0.134,0.220,0.248,0.227,0.225,0.207,0.160,0.226,0.211,0.200,0.158,0.220,12709,15671,9817,10328
2025-09-26 20:06:00,,,,,,,218,21529,,21519,,,,,,,10,,,,,,,79.2,,,,,,,,,,,,20943,,,,,,,18.6,,,,,,,218,0.0895,0.222,0.416,0.218,0.125,0.204,0.399,0.241,0.268,0.205,0.231,0.206,0.383,0.218,0.135,0.229,13728,15166,10605,9995
2025-09-26 20:08:00,,,,,,,176,21889,,21879,,,,,,,7,,,,,,,77.0,,,,,,,,,,,,21303,,,,,,,18.4,,,,,,,176,0.123,0.194,0.401,0.227,0.257,0.203,0.275,0.238,0.213,0.225,0.306,0.230,0.506,0.231,0.0266,0.191,11184,13144,8640,8663
2025-09-26 20:10:00,,,,,,,159,22249,,22239,,,,,,,7,,,,,,,87.5,,,,,,,,,,,,21661,,,,,,,18.8,,,,,,,159,0.204,0.199,0.237,0.232,0.158,0.211,0.293,0.247,0.274,0.210,0.169,0.229,0.389,0.208,0.0593,0.203,10677,16681,8248,10993
2025-09-26 20:12:00,,,,,,,139,22609,,22599,,,,,,,7,,,,,,,79.3,,,,,,,,,,,,22021,,,,,,,17.9,,,,,,,139,0.162,0.206,0.343,0.215,0.315,0.229,0.188,0.227,0.445,0.203,0.0385,0.226,0.332,0.207,0.178,0.226,12717,16682,9826,10994
2025-09-26 20:14:00,,,,,,,144,22969,,22959,,,,,,,9,,,,,,,82.8,,,,,,,,,,,,22381,,,,,,,18.2,,,,,,,144,0.257,0.222,0.269,0.222,0.360,0.220,0.175,0.223,0.204,0.176,0.321,0.233,0.475,0.218,0.0639,0.220,12208,15168,9432,9996
2025-09-26 20:16:00,,,,,,,116,23329,,23319,,,,,,,6,,,,,,,81.2,,,,,,,,,,,,22741,,,,,,,18.3,,,,,,,116,0.108,0.234,0.325,0.213,0.132,0.203,0.305,0.218,0.0603,0.222,0.373,0.238,0.381,0.221,0.0297,0.205,14745,14661,11391,9662
2025-09-26 20:18:00,,,,,,,159,23689,,23679,,,,,,,8,,,,,,,81.4,,,,,,,,,,,,23099,,,,,,,18.7,,,,,,,159,0.119,0.197,0.335,0.226,0.0968,0.203,0.352,0.215,0.00949,0.225,0.444,0.218,0.307,0.218,0.119,0.225,12714,15166,9822,9995
2025-09-26 20:20:00,,,,,,,92.0,24049,,24039,,,,,,,3,,,,,,,79.2,,,,,,,,,,,,23457,,,,,,,18.0,,,,,,,92.0,0.0832,0.159,0.186,0.219,0.0983,0.229,0.163,0.234,0.0478,0.212,0.217,0.236,0.220,0.217,0.0246,0.236,7627,15672,5891,10328
2025-09-26 20:22:00,,,,,,,60.5,24409,,24399,,,,,,,2,,,,,,,86.3,,,,,,,,,,,,23809,,,,,,,33.6,,,,,,,60.5,0.00983,0.197,0.363,0.204,0.0651,0.221,0.305,0.232,0.318,0.212,0.0278,0.225,0.279,0.239,0.0876,0.212,9663,15672,7465,10328
2025-09-26 20:24:00,,,,,,,124,24769,,24759,,,,,,,6,,,,,,,79.4,,,,,,,,,,,,24167,,,,,,,19.7,,,,,,,124,0.177,0.218,0.218,0.229,0.0892,0.222,0.319,0.209,0.319,0.196,0.0836,0.208,0.308,0.230,0.0964,0.221,13222,13650,10215,8995
2025-09-26 20:26:00,,,,,,,36.0,25129,,25119,,,,,,,1,,,,,,,78.8,,,,,,,,,,,,24503,,,,,,,33.8,,,,,,,36.0,0.153,0.211,0.0549,0.215,0.112,0.225,0.0951,0.204,0.114,0.226,0.0829,0.224,0.0186,0.202,0.191,0.217,6101,15166,4320,9995
2025-09-26 20:28:00,,,,,,,110,25489,,25479,,,,,,,6,,,,,,,80.9,,,,,,,,,,,,24830,,,,,,,33.9,,,,,,,110,0.257,0.214,0.0786,0.225,0.110,0.228,0.236,0.217,0.166,0.213,0.169,0.228,0.0278,0.197,0.320,0.215,8135,14660,6284,9661
2025-09-26 20:30:00,,,,,,,76.5,25849,,25839,,,,,,,6,,,,,,,82.4,,,,,,,,,,,,25188,,,,,,,18.1,,,,,,,76.5,0.155,0.211,0.309,0.214,0.146,0.206,0.317,0.210,0.390,0.218,0.0495,0.216,0.315,0.227,0.148,0.232,9148,16178,7066,10661
2025-09-26 20:32:00,,,,,,,200,26209,,26199,,,,,,,9,,,,,,,83.8,,,,,,,,,,,,25546,,,,,,,21.4,,,,,,,200,0.0254,0.203,0.279,0.241,0.158,0.203,0.140,0.234,0.129,0.218,0.181,0.237,0.170,0.196,0.136,0.203,8132,13651,5889,8996
2025-09-26 20:34:00,,,,,,,61.9,26569,,26559,,,,,,,0,,,,,,,77.2,,,,,,,,,,,,25901,,,,,,,23.2,,,,,,,61.9,0.0576,0.181,0.307,0.232,0.0925,0.231,0.272,0.241,0.181,0.229,0.179,0.217,0.218,0.193,0.155,0.209,14741,16181,11386,10663
2025-09-26 20:36:00,,,,,,,99.0,26929,,26919,,,,,,,4,,,,,,,77.9,,,,,,,,,,,,26242,,,,,,,34.5,,,,,,,99.0,0.00949,0.209,0.293,0.184,0.0405,0.209,0.260,0.231,0.134,0.232,0.150,0.227,0.161,0.215,0.131,0.225,7115,13145,5496,8662
2025-09-26 20:38:00,,,,,,,139,27289,,27279,,,,,,,5,,,,,,,81.7,,,,,,,,,,,,26599,,,,,,,18.2,,,,,,,139,0.0742,0.206,0.344,0.235,0.142,0.205,0.266,0.222,0.314,0.230,0.0893,0.225,0.142,0.209,0.275,0.221,10674,15671,8244,10327
2025-09-26 20:40:00,,,,,,,33.9,27649,,27639,,,,,,,1,,,,,,,75.4,,,,,,,,,,,,26947,,,,,,,31.9,,,,,,,33.9,0.0373,0.201,0.195,0.198,0.0798,0.220,0.148,0.243,0.0329,0.204,0.192,0.230,0.179,0.238,0.0217,0.215,9660,14661,7462,9661
2025-09-26 20:42:00,,,,,,,82.0,28009,,27999,,,,,,,3,,,,,,,81.6,,,,,,,,,,,,27306,,,,,,,20.0,,,,,,,82.0,0.112,0.232,0.248,0.231,0.214,0.201,0.149,0.227,0.259,0.232,0.0937,0.232,0.290,0.190,0.0644,0.187,11183,14156,8638,9328
2025-09-26 20:44:00,,,,,,,72.1,28369,,28359,,,,,,,0,,,,,,,79.4,,,,,,,,,,,,27634,,,,,,,33.4,,,,,,,72.1,0.0642,0.226,0.139,0.233,0.0320,0.200,0.175,0.228,0.0322,0.205,0.190,0.190,0.213,0.228,0.00559,0.221,10672,13651,8243,8996
2025-09-26 20:46:00,,,,,,,60.9,28729,,28719,,,,,,,4,,,,,,,81.5,,,,,,,,,,,,27969,,,,,,,22.5,,,,,,,60.9,0.00881,0.231,0.180,0.211,0.0927,0.223,0.0717,0.210,0.0251,0.205,0.163,0.199,0.0783,0.238,0.104,0.208,9149,15672,7066,10327
2025-09-26 20:48:00,,,,,,,62.2,29089,,29079,,,,,,,2,,,,,,,80.6,,,,,,,,,,,,28309,,,,,,,23.9,,,,,,,62.2,0.0149,0.237,0.199,0.228,0.0364,0.224,0.165,0.211,0.111,0.201,0.105,0.208,0.141,0.207,0.0637,0.214,7115,14154,5495,9325
2025-09-26 20:50:00,,,,,,,62.7,29449,,29439,,,,,,,2,,,,,,,79.8,,,,,,,,,,,,28640,,,,,,,23.7,,,,,,,62.7,0.00763,0.203,0.255,0.217,0.0829,0.241,0.155,0.225,0.130,0.200,0.134,0.229,0.122,0.207,0.144,0.210,9654,12134,7456,7995
2025-09-26 20:52:00,,,,,,,82.1,29809,,29799,,,,,,,3,,,,,,,80.3,,,,,,,,,,,,28998,,,,,,,23.9,,,,,,,82.1,0.123,0.218,0.249,0.226,0.109,0.224,0.294,0.199,0.0797,0.212,0.312,0.205,0.292,0.219,0.0976,0.227,12192,15168,9415,9993
2025-09-26 20:54:00,,,,,,,100,30169,,30159,,,,,,,4,,,,,,,81.8,,,,,,,,,,,,29342,,,,,,,22.8,,,,,,,100,0.114,0.217,0.122,0.236,0.0414,0.229,0.197,0.211,0.200,0.192,0.0181,0.240,0.195,0.206,0.0288,0.194,8128,16683,6276,10991
2025-09-26 20:56:00,,,,,,,102,30529,,30519,,,,,,,4,,,,,,,83.7,,,,,,,,,,,,29689,,,,,,,19.4,,,,,,,102,0.120,0.233,0.155,0.240,0.0590,0.196,0.212,0.218,0.145,0.209,0.113,0.228,0.0831,0.216,0.191,0.202,10161,15673,7846,10326
2025-09-26 20:58:00,,,,,,,55.5,30889,,30879,,,,,,,3,,,,,,,79.7,,,,,,,,,,,,30037,,,,,,,23.1,,,,,,,55.5,0.0147,0.200,0.178,0.232,0.0851,0.237,0.0978,0.227,0.122,0.192,0.0476,0.217,0.0875,0.215,0.101,0.214,9148,13144,7065,8659
2025-09-26 21:00:00,,,,,,,139,31249,,31239,,,,,,,6,,,,,,,86.2,,,,,,,,,,,,30389,,,,,,,18.9,,,,,,,139,0.226,0.207,0.235,0.211,0.0427,0.231,0.414,0.228,0.352,0.214,0.0902,0.210,0.205,0.212,0.254,0.223,12200,12639,9422,8327
2025-09-26 21:02:00,,,,,,,144,31609,,31599,,,,,,,8,,,,,,,79.1,,,,,,,,,,,,30749,,,,,,,18.4,,,,,,,144,0.279,0.226,0.127,0.206,0.164,0.204,0.253,0.228,0.108,0.230,0.302,0.210,0.186,0.216,0.232,0.212,8638,15671,6671,10324
2025-09-26 21:04:00,,,,,,,133,31969,,31959,,,,,,,9,,,,,,,84.6,,,,,,,,,,,,31109,,,,,,,22.2,,,,,,,133,0.222,0.208,0.256,0.235,0.129,0.207,0.356,0.224,0.305,0.226,0.161,0.199,0.351,0.216,0.131,0.221,9655,14661,7456,9658
2025-09-26 21:06:00,,,,,,,37.0,32329,,32319,,,,,,,1,,,,,,,81.5,,,,,,,,,,,,31449,,,,,,,34.7,,,,,,,37.0,0.131,0.236,0.0981,0.246,0.0620,0.213,0.175,0.195,0.174,0.220,0.0553,0.227,0.194,0.206,0.0346,0.188,7622,16178,5886,10658
2025-09-26 21:08:00,,,,,,,116,32689,,32679,,,,,,,5,,,,,,,82.0,,,,,,,,,,,,31793,,,,,,,19.2,,,,,,,116,0.127,0.213,0.187,0.227,0.135,0.227,0.164,0.239,0.0815,0.205,0.228,0.205,0.292,0.188,0.0186,0.206,8640,15167,6673,9991
2025-09-26 21:10:00,,,,,,,181,33049,,33039,,,,,,,6,,,,,,,75.3,,,,,,,,,,,,32124,,,,,,,18.9,,,,,,,181,0.0403,0.220,0.188,0.219,0.132,0.203,0.0819,0.223,0.170,0.209,0.0539,0.226,0.0615,0.224,0.162,0.214,9150,15168,7066,9993
2025-09-26 21:12:00,,,,,,,21.3,33409,,33399,,,,,,,1,,,,,,,80.5,,,,,,,,,,,,32463,,,,,,,20.1,,,,,,,21.3,0.0668,0.219,0.121,0.229,0.0424,0.226,0.170,0.227,0.135,0.211,0.0749,0.233,0.157,0.208,0.0493,0.191,9655,14662,7456,9659
2025-09-26 21:14:00,,,,,,,77.4,33769,,33759,,,,,,,3,,,,,,,80.8,,,,,,,,,,,,32820,,,,,,,19.3,,,,,,,77.4,0.0539,0.185,0.353,0.227,0.193,0.225,0.213,0.238,0.324,0.209,0.0663,0.224,0.339,0.211,0.0575,0.214,11185,15673,8639,10325
2025-09-26 21:16:00,,,,,,,105,34129,,34119,,,,,,,4,,,,,,,79.5,,,,,,,,,,,,33102,,,,,,,18.3,,,,,,,105,0.0490,0.215,0.166,0.217,0.115,0.220,0.0898,0.222,0.130,0.197,0.0785,0.213,0.179,0.231,0.0315,0.223,9149,15673,7066,10325
2025-09-26 21:18:00,,,,,,,146,34489,,34479,,,,,,,7,,,,,,,83.8,,,,,,,,,,,,33451,,,,,,,18.8,,,,,,,146,0.0132,0.214,0.273,0.226,0.0349,0.219,0.248,0.222,0.0275,0.211,0.254,0.224,0.207,0.217,0.0410,0.200,8135,16683,6283,10989
2025-09-26 21:20:00,,,,,,,61.4,34849,,34839,,,,,,,2,,,,,,,77.1,,,,,,,,,,,,33811,,,,,,,23.2,,,,,,,61.4,0.132,0.232,0.276,0.236,0.111,0.186,0.303,0.218,0.183,0.220,0.218,0.206,0.248,0.217,0.154,0.211,11181,14661,8635,9658
2025-09-26 21:22:00,,,,,,,61.9,35209,,35199,,,,,,,2,,,,,,,82.9,,,,,,,,,,,,34111,,,,,,,23.7,,,,,,,61.9,0.0453,0.206,0.0975,0.204,0.0947,0.219,0.0427,0.210,0.0307,0.232,0.0941,0.226,0.0876,0.215,0.0536,0.222,4065,16178,3139,10656
2025-09-26 21:24:00,,,,,,,34.6,35569,,35559,,,,,,,1,,,,,,,77.1,,,,,,,,,,,,34449,,,,,,,32.5,,,,,,,34.6,0.0234,0.224,0.149,0.245,0.0759,0.219,0.0939,0.159,0.0786,0.233,0.0710,0.230,0.150,0.205,0.0144,0.215,5083,14661,3926,9658
2025-09-26 21:26:00,,,,,,,104,35929,,35919,,,,,,,4,,,,,,,81.7,,,,,,,,,,,,34777,,,,,,,25.1,,,,,,,104,0.0129,0.218,0.191,0.204,0.181,0.232,0.0242,0.231,0.200,0.215,0.00492,0.220,0.179,0.221,0.0241,0.198,7115,13652,5494,8993
2025-09-26 21:28:00,,,,,,,148,36289,,36279,,,,,,,6,,,,,,,78.7,,,,,,,,,,,,35123,,,,,,,17.9,,,,,,,148,0.120,0.158,0.262,0.223,0.211,0.233,0.154,0.218,0.244,0.227,0.140,0.224,0.201,0.223,0.179,0.233,10165,13651,7849,8992
2025-09-26 21:30:00,,,,,,,146,36649,,36639,,,,,,,7,,,,,,,83.1,,,,,,,,,,,,35483,,,,,,,32.8,,,,,,,146,0.195,0.224,0.286,0.226,0.0168,0.225,0.482,0.239,0.378,0.199,0.103,0.196,0.384,0.217,0.113,0.215,11687,14662,8632,9658
2025-09-26 21:32:00,,,,,,,26.0,37009,,36999,,,,,,,1,,,,,,,76.5,,,,,,,,,,,,35840,,,,,,,24.1,,,,,,,26.0,0.117,0.223,0.124,0.239,0.0461,0.207,0.201,0.216,0.222,0.209,0.0224,0.234,0.210,0.199,0.0327,0.201,8131,15165,6278,9989
2025-09-26 21:34:00,,,,,,,61.1,37369,,37359,,,,,,,2,,,,,,,79.9,,,,,,,,,,,,36199,,,,,,,23.9,,,,,,,61.1,0.219,0.212,0.156,0.199,0.0780,0.213,0.290,0.233,0.140,0.212,0.243,0.223,0.276,0.222,0.106,0.213,7622,14156,5886,9324
2025-09-26 21:36:00,,,,,,,65.5,37729,,37719,,,,,,,3,,,,,,,76.8,,,,,,,,,,,,36538,,,,,,,22.8,,,,,,,65.5,0.132,0.220,0.0895,0.228,0.0105,0.210,0.217,0.235,0.189,0.222,0.0346,0.183,0.180,0.206,0.0278,0.218,7114,16178,5493,10656
2025-09-26 21:38:00,,,,,,,196,38089,,38079,,,,,,,11,,,,,,,80.4,,,,,,,,,,,,36896,,,,,,,18.8,,,,,,,196,0.428,0.204,0.0881,0.236,0.0832,0.208,0.455,0.229,0.0993,0.185,0.428,0.211,0.486,0.224,0.0493,0.217,11685,15671,9022,10322
2025-09-26 21:40:00,,,,,,,125,38449,,38439,,,,,,,6,,,,,,,74.2,,,,,,,,,,,,37255,,,,,,,32.0,,,,,,,125,0.239,0.213,0.108,0.224,0.144,0.218,0.194,0.230,0.207,0.203,0.141,0.226,0.287,0.213,0.0595,0.210,10162,13649,7846,8990
2025-09-26 21:42:00,,,,,,,191,38809,,38799,,,,,,,8,,,,,,,80.5,,,,,,,,,,,,37615,,,,,,,17.7,,,,,,,191,0.170,0.218,0.354,0.207,0.197,0.223,0.312,0.230,0.217,0.194,0.296,0.214,0.341,0.224,0.177,0.214,9655,15166,7455,9989
2025-09-26 21:44:00,,,,,,,101,39169,,39159,,,,,,,3,,,,,,,75.8,,,,,,,,,,,,37974,,,,,,,19.3,,,,,,,101,0.0998,0.198,0.169,0.246,0.0163,0.230,0.267,0.207,0.135,0.217,0.143,0.236,0.126,0.196,0.156,0.206,8129,12638,6277,8324
2025-09-26 21:46:00,,,,,,,178,39529,,39519,,,,,,,9,,,,,,,82.0,,,,,,,,,,,,38314,,,,,,,19.2,,,,,,,178,0.147,0.235,0.126,0.212,0.0239,0.233,0.272,0.214,0.202,0.212,0.0949,0.207,0.285,0.221,0.00576,0.196,9655,16682,7456,10987
2025-09-26 21:48:00,,,,,,,175,39889,,39879,,,,,,,8,,,,,,,79.1,,,,,,,,,,,,38674,,,,,,,19.3,,,,,,,175,0.161,0.216,0.308,0.237,0.287,0.231,0.184,0.236,0.259,0.204,0.224,0.191,0.241,0.214,0.239,0.195,10163,14662,7847,9657
2025-09-26 21:50:00,,,,,,,37.9,40249,,40239,,,,,,,2,,,,,,,80.9,,,,,,,,,,,,39025,,,,,,,35.6,,,,,,,37.9,0.0522,0.198,0.160,0.225,0.137,0.206,0.0610,0.226,0.00966,0.192,0.209,0.230,0.153,0.230,0.0537,0.228,8638,15672,6670,10322
2025-09-26 21:52:00,,,,,,,160,40609,,40599,,,,,,,6,,,,,,,82.0,,,,,,,,,,,,39383,,,,,,,18.6,,,,,,,160,0.124,0.201,0.357,0.222,0.157,0.206,0.319,0.246,0.0595,0.213,0.421,0.231,0.394,0.208,0.0722,0.217,9149,15671,7065,10321
2025-09-26 21:54:00,,,,,,,80.5,40969,,40959,,,,,,,3,,,,,,,80.1,,,,,,,,,,,,39742,,,,,,,33.8,,,,,,,80.5,0.235,0.207,0.224,0.235,0.0968,0.227,0.373,0.241,0.396,0.191,0.0690,0.226,0.399,0.223,0.0692,0.189,9145,13650,7061,8990
2025-09-26 21:56:00,,,,,,,78.2,41329,,41319,,,,,,,3,,,,,,,82.0,,,,,,,,,,,,40101,,,,,,,22.3,,,,,,,78.2,0.287,0.201,0.0647,0.217,0.288,0.234,0.0656,0.228,0.249,0.219,0.0978,0.226,0.252,0.220,0.101,0.199,6606,14662,5101,9990
2025-09-26 21:58:00,,,,,,,127,41689,,41679,,,,,,,4,,,,,,,82.0,,,,,,,,,,,,40451,,,,,,,21.1,,,,,,,127,0.191,0.220,0.106,0.195,0.0819,0.208,0.243,0.239,0.172,0.220,0.151,0.212,0.0734,0.228,0.248,0.220,10681,15168,8249,9990
2025-09-26 22:00:00,,,,,,,149,42049,,42039,,,,,,,6,,,,,,,81.6,,,,,,,,,,,,40810,,,,,,,23.3,,,,,,,149,0.0444,0.191,0.379,0.217,0.201,0.208,0.218,0.221,0.236,0.237,0.182,0.236,0.254,0.207,0.167,0.217,11186,15670,8638,10320
2025-09-26 22:02:00,,,,,,,173,42409,,42399,,,,,,,7,,,,,,,81.2,,,,,,,,,,,,41170,,,,,,,18.6,,,,,,,173,0.0549,0.197,0.448,0.214,0.336,0.210,0.163,0.227,0.315,0.223,0.162,0.218,0.274,0.218,0.224,0.227,10676,14661,8244,9655
2025-09-26 22:04:00,,,,,,,161,42769,,42759,,,,,,,9,,,,,,,81.4,,,,,,,,,,,,41527,,,,,,,19.3,,,,,,,161,0.116,0.207,0.208,0.202,0.208,0.206,0.113,0.217,0.163,0.218,0.140,0.198,0.191,0.222,0.123,0.238,9659,14661,7458,9656
2025-09-26 22:06:00,,,,,,,62.3,43129,,43119,,,,,,,2,,,,,,,79.3,,,,,,,,,,,,41888,,,,,,,24.2,,,,,,,62.3,0.0873,0.224,0.262,0.217,0.0886,0.221,0.257,0.229,0.278,0.207,0.0617,0.217,0.303,0.196,0.0388,0.212,10674,17188,8242,11320
2025-09-26 22:08:00,,,,,,,36.4,43489,,43479,,,,,,,1,,,,,,,81.1,,,,,,,,,,,,42212,,,,,,,34.0,,,,,,,36.4,0.0527,0.226,0.124,0.222,0.0561,0.224,0.128,0.223,0.114,0.212,0.0564,0.203,0.160,0.224,0.0132,0.184,7116,15166,5494,9988
2025-09-26 22:10:00,,,,,,,179,43849,,43839,,,,,,,9,,,,,,,82.7,,,,,,,,,,,,42554,,,,,,,18.6,,,,,,,179,0.106,0.197,0.330,0.211,0.218,0.225,0.225,0.225,0.204,0.187,0.231,0.216,0.244,0.232,0.192,0.228,12196,15165,9416,9987
2025-09-26 22:12:00,,,,,,,119,44209,,44199,,,,,,,6,,,,,,,82.3,,,,,,,,,,,,42914,,,,,,,19.1,,,,,,,119,0.160,0.209,0.336,0.235,0.318,0.208,0.189,0.224,0.205,0.199,0.303,0.226,0.433,0.208,0.0722,0.211,14233,12639,10990,8324
2025-09-26 22:14:00,,,,,,,79.4,44569,,44559,,,,,,,4,,,,,,,77.2,,,,,,,,,,,,43273,,,,,,,19.3,,,,,,,79.4,0.0819,0.217,0.348,0.218,0.0783,0.202,0.354,0.205,0.269,0.205,0.156,0.230,0.338,0.203,0.0659,0.233,11697,15168,9033,9989
2025-09-26 22:16:00,,,,,,,158,44929,,44919,,,,,,,5,,,,,,,79.9,,,,,,,,,,,,43585,,,,,,,31.8,,,,,,,158,0.0127,0.221,0.283,0.207,0.0722,0.208,0.220,0.223,0.157,0.190,0.129,0.229,0.205,0.221,0.0607,0.225,11694,15166,9030,9987
2025-09-26 22:18:00,,,,,,,60.1,45289,,45279,,,,,,,0,,,,,,,76.5,,,,,,,,,,,,43938,,,,,,,23.1,,,,,,,60.1,0.0512,0.223,0.178,0.221,0.0437,0.203,0.169,0.229,0.0590,0.218,0.165,0.217,0.182,0.208,0.0371,0.198,7624,17189,5887,11320
2025-09-26 22:20:00,,,,,,,138,45649,,45639,,,,,,,7,,,,,,,82.0,,,,,,,,,,,,44279,,,,,,,19.5,,,,,,,138,0.0590,0.233,0.279,0.234,0.147,0.224,0.188,0.193,0.227,0.185,0.0993,0.215,0.276,0.223,0.0531,0.223,10165,13652,7849,8990
2025-09-26 22:22:00,,,,,,,77.5,46009,,45999,,,,,,,2,,,,,,,79.7,,,,,,,,,,,,44593,,,,,,,17.5,,,,,,,77.5,0.0115,0.219,0.173,0.241,0.0961,0.205,0.0856,0.178,0.0341,0.211,0.131,0.230,0.0700,0.221,0.112,0.221,6098,15165,4708,9986
2025-09-26 22:24:00,,,,,,,107,46369,,46359,,,,,,,11,,,,,,,83.2,,,,,,,,,,,,44951,,,,,,,20.0,,,,,,,107,0.0303,0.182,0.357,0.230,0.169,0.192,0.220,0.229,0.140,0.226,0.236,0.229,0.220,0.210,0.164,0.228,9659,14661,7458,9987
2025-09-26 22:26:00,,,,,,,81.1,46729,,46719,,,,,,,3,,,,,,,83.2,,,,,,,,,,,,45312,,,,,,,18.5,,,,,,,81.1,0.0931,0.200,0.335,0.210,0.234,0.198,0.181,0.228,0.253,0.233,0.153,0.228,0.240,0.230,0.181,0.200,11178,17693,8630,11651
2025-09-26 22:28:00,,,,,,,53.3,47089,,47079,,,,,,,3,,,,,,,82.4,,,,,,,,,,,,45662,,,,,,,23.7,,,,,,,53.3,0.125,0.202,0.108,0.224,0.0836,0.217,0.160,0.217,0.197,0.221,0.0415,0.208,0.193,0.229,0.0544,0.213,6606,12638,5100,8322
2025-09-26 22:30:00,,,,,,,140,47449,,47439,,,,,,,6,,,,,,,81.4,,,,,,,,,,,,46011,,,,,,,25.6,,,,,,,140,0.0519,0.221,0.474,0.201,0.338,0.227,0.167,0.213,0.206,0.213,0.309,0.208,0.238,0.211,0.284,0.233,10165,15672,7848,10320
2025-09-26 22:32:00,,,,,,,136,47809,,47799,,,,,,,7,,,,,,,82.8,,,,,,,,,,,,46371,,,,,,,18.3,,,,,,,136,0.107,0.208,0.405,0.227,0.162,0.215,0.348,0.235,0.131,0.217,0.378,0.224,0.395,0.195,0.104,0.198,10167,12639,7850,8323
2025-09-26 22:34:00,,,,,,,100.0,48169,,48159,,,,,,,4,,,,,,,79.1,,,,,,,,,,,,46731,,,,,,,23.0,,,,,,,100.0,0.245,0.217,0.152,0.224,0.162,0.205,0.241,0.231,0.338,0.217,0.0564,0.232,0.273,0.213,0.113,0.195,10677,15672,8244,10320
2025-09-26 22:36:00,,,,,,,58.5,48529,,48519,,,,,,,2,,,,,,,80.9,,,,,,,,,,,,47085,,,,,,,23.7,,,,,,,58.5,0.0259,0.215,0.203,0.219,0.131,0.202,0.0927,0.207,0.0800,0.212,0.146,0.234,0.174,0.220,0.0422,0.220,5592,15672,4318,10320
2025-09-26 22:38:00,,,,,,,215,48889,,48879,,,,,,,9,,,,,,,80.8,,,,,,,,,,,,47443,,,,,,,18.5,,,,,,,215,0.107,0.224,0.310,0.239,0.0302,0.216,0.386,0.212,0.233,0.207,0.176,0.206,0.267,0.221,0.139,0.198,9151,14661,7066,9654
2025-09-26 22:40:00,,,,,,,36.9,49249,,49239,,,,,,,1,,,,,,,79.1,,,,,,,,,,,,47781,,,,,,,34.6,,,,,,,36.9,0.0822,0.204,0.118,0.210,0.0842,0.231,0.130,0.245,0.00797,0.217,0.210,0.223,0.175,0.207,0.0417,0.195,9661,17186,7460,11316
2025-09-26 22:42:00,,,,,,,168,49609,,49599,,,,,,,9,,,,,,,79.9,,,,,,,,,,,,48132,,,,,,,23.2,,,,,,,168,0.0658,0.210,0.342,0.232,0.152,0.223,0.284,0.236,0.209,0.201,0.219,0.203,0.301,0.208,0.125,0.204,11695,13144,9030,8655
2025-09-26 22:44:00,,,,,,,65.8,49969,,49959,,,,,,,2,,,,,,,77.7,,,,,,,,,,,,48491,,,,,,,35.3,,,,,,,65.8,0.0519,0.232,0.351,0.242,0.0878,0.216,0.305,0.219,0.282,0.201,0.102,0.227,0.332,0.235,0.0664,0.159,10166,13142,7849,8653
2025-09-26 22:46:00,,,,,,,64.4,50329,,50319,,,,,,,2,,,,,,,79.4,,,,,,,,,,,,48843,,,,,,,26.3,,,,,,,64.4,0.156,0.227,0.0812,0.232,0.00864,0.202,0.234,0.196,0.169,0.218,0.0508,0.225,0.132,0.214,0.105,0.215,7116,14155,5494,9320
2025-09-26 22:48:00,,,,,,,72.6,50689,,50679,,,,,,,2,,,,,,,80.0,,,,,,,,,,,,49193,,,,,,,26.0,,,,,,,72.6,0.129,0.220,0.247,0.231,0.0783,0.201,0.295,0.220,0.308,0.209,0.0615,0.221,0.330,0.214,0.0446,0.221,11182,16682,8633,10984
2025-09-26 22:50:00,,,,,,,58.5,51049,,51039,,,,,,,2,,,,,,,81.3,,,,,,,,,,,,49550,,,,,,,23.3,,,,,,,58.5,0.0395,0.197,0.206,0.219,0.138,0.213,0.0817,0.232,0.0966,0.213,0.148,0.222,0.221,0.212,0.0205,0.218,9152,15671,7066,10318
2025-09-26 22:52:00,,,,,,,175,51409,,51399,,,,,,,6,,,,,,,80.0,,,,,,,,,,,,49902,,,,,,,17.2,,,,,,,175,0.139,0.203,0.315,0.213,0.236,0.230,0.210,0.222,0.249,0.209,0.189,0.225,0.445,0.197,0.00678,0.235,12201,14154,9421,9319
2025-09-26 22:54:00,,,,,,,159,51769,,51759,,,,,,,7,,,,,,,79.9,,,,,,,,,,,,50260,,,,,,,18.9,,,,,,,159,0.0449,0.214,0.275,0.235,0.103,0.204,0.223,0.232,0.176,0.222,0.137,0.207,0.164,0.209,0.156,0.200,7624,14660,5886,9653
2025-09-26 22:56:00,,,,,,,74.5,52129,,52119,,,,,,,3,,,,,,,81.6,,,,,,,,,,,,50616,,,,,,,19.8,,,,,,,74.5,0.104,0.228,0.148,0.242,0.171,0.205,0.0814,0.175,0.134,0.236,0.127,0.217,0.227,0.215,0.0236,0.223,9655,14661,7454,9653
2025-09-26 22:58:00,,,,,,,91.3,52489,,52479,,,,,,,4,,,,,,,84.5,,,,,,,,,,,,50973,,,,,,,33.6,,,,,,,91.3,0.106,0.216,0.271,0.214,0.282,0.195,0.0964,0.226,0.279,0.222,0.108,0.232,0.206,0.211,0.181,0.217,11184,14156,8635,9321
2025-09-26 23:00:00,,,,,,,62.8,52849,,52839,,,,,,,2,,,,,,,79.6,,,,,,,,,,,,51328,,,,,,,22.9,,,,,,,62.8,0.0690,0.219,0.154,0.206,0.0341,0.215,0.186,0.219,0.141,0.221,0.0619,0.226,0.103,0.206,0.118,0.210,9148,16177,7062,10651
2025-09-26 23:02:00,,,,,,,34.9,53209,,53199,,,,,,,0,,,,,,,79.1,,,,,,,,,,,,51685,,,,,,,32.8,,,,,,,34.9,0.344,0.223,0.155,0.216,0.114,0.219,0.397,0.190,0.381,0.228,0.124,0.236,0.291,0.214,0.223,0.191,14734,12639,11373,8322
2025-09-26 23:04:00,,,,,,,51.4,53569,,53559,,,,,,,2,,,,,,,76.9,,,,,,,,,,,,52044,,,,,,,23.4,,,,,,,51.4,0.0546,0.227,0.252,0.227,0.132,0.215,0.176,0.204,0.222,0.187,0.0834,0.241,0.224,0.209,0.0800,0.226,9145,12640,7059,8322
2025-09-26 23:06:00,,,,,,,99.5,53929,,53919,,,,,,,5,,,,,,,80.8,,,,,,,,,,,,52402,,,,,,,28.8,,,,,,,99.5,0.183,0.221,0.252,0.206,0.247,0.203,0.202,0.234,0.275,0.202,0.168,0.230,0.398,0.218,0.0424,0.219,8637,15167,6667,9986
2025-09-26 23:08:00,,,,,,,190,54289,,54279,,,,,,,7,,,,,,,82.5,,,,,,,,,,,,52759,,,,,,,29.2,,,,,,,190,0.248,0.221,0.156,0.242,0.149,0.202,0.237,0.197,0.0403,0.216,0.370,0.238,0.229,0.200,0.174,0.220,10165,16178,7847,10652
2025-09-26 23:10:00,,,,,,,160,54649,,54639,,,,,,,5,,,,,,,83.0,,,,,,,,,,,,53116,,,,,,,23.4,,,,,,,160,0.189,0.208,0.128,0.234,0.0231,0.173,0.320,0.214,0.182,0.212,0.155,0.238,0.201,0.226,0.139,0.219,6098,16177,5100,10651
2025-09-26 23:12:00,,,,,,,166,55009,,54999,,,,,,,8,,,,,,,83.0,,,,,,,,,,,,53476,,,,,,,18.9,,,,,,,166,0.175,0.224,0.356,0.221,0.217,0.224,0.315,0.228,0.196,0.206,0.335,0.201,0.504,0.220,0.0256,0.210,13213,13650,10200,8987
2025-09-26 23:14:00,,,,,,,36.3,55369,,55359,,,,,,,0,,,,,,,80.1,,,,,,,,,,,,53803,,,,,,,34.2,,,,,,,36.3,0.0834,0.235,0.106,0.209,0.0517,0.214,0.137,0.229,0.107,0.204,0.0695,0.219,0.151,0.221,0.0244,0.205,7114,14661,5491,9652
2025-09-26 23:16:00,,,,,,,164,55729,,55719,,,,,,,6,,,,,,,81.1,,,,,,,,,,,,54137,,,,,,,19.6,,,,,,,164,0.0554,0.234,0.334,0.211,0.133,0.210,0.251,0.215,0.0807,0.198,0.301,0.232,0.222,0.216,0.148,0.217,9654,16683,7453,10984
2025-09-26 23:18:00,,,,,,,121,56089,,56079,,,,,,,5,,,,,,,80.7,,,,,,,,,,,,54495,,,,,,,33.1,,,,,,,121,0.205,0.215,0.233,0.234,0.0305,0.204,0.410,0.203,0.289,0.214,0.126,0.223,0.336,0.221,0.106,0.215,10161,16684,7843,10984
2025-09-26 23:20:00,,,,,,,189,56449,,56439,,,,,,,6,,,,,,,77.0,,,,,,,,,,,,54855,,,,,,,18.5,,,,,,,189,0.0339,0.216,0.479,0.217,0.196,0.219,0.298,0.218,0.0661,0.224,0.434,0.220,0.0141,0.207,0.505,0.209,10667,12639,7841,8321
2025-09-26 23:22:00,,,,,,,116,56809,,56799,,,,,,,7,,,,,,,78.9,,,,,,,,,,,,55215,,,,,,,19.0,,,,,,,116,0.274,0.204,0.249,0.225,0.0569,0.199,0.465,0.215,0.151,0.224,0.374,0.241,0.426,0.218,0.0754,0.204,10669,16177,8235,10650
2025-09-26 23:24:00,,,,,,,63.1,57169,,57159,,,,,,,2,,,,,,,82.7,,,,,,,,,,,,55576,,,,,,,24.2,,,,,,,63.1,0.00915,0.220,0.287,0.215,0.0947,0.213,0.178,0.230,0.136,0.203,0.162,0.235,0.0827,0.220,0.215,0.194,9152,16177,7066,10650
2025-09-26 23:26:00,,,,,,,161,57529,,57519,,,,,,,6,,,,,,,81.2,,,,,,,,,,,,55922,,,,,,,19.1,,,,,,,161,0.0258,0.227,0.288,0.205,0.0302,0.227,0.285,0.219,0.225,0.227,0.0698,0.225,0.241,0.195,0.0673,0.210,7625,15671,5887,10316
2025-09-26 23:28:00,,,,,,,98.3,57889,,57879,,,,,,,2,,,,,,,78.8,,,,,,,,,,,,56282,,,,,,,19.6,,,,,,,98.3,0.152,0.200,0.233,0.223,0.155,0.239,0.225,0.223,0.311,0.216,0.0671,0.223,0.331,0.215,0.0390,0.192,7625,15671,5886,10317
2025-09-26 23:30:00,,,,,,,74.1,58249,,58239,,,,,,,8,,,,,,,81.8,,,,,,,,,,,,56636,,,,,,,34.0,,,,,,,74.1,0.194,0.214,0.309,0.225,0.237,0.214,0.266,0.203,0.0142,0.195,0.503,0.232,0.288,0.227,0.226,0.224,11690,16176,9024,10648
2025-09-26 23:32:00,,,,,,,136,58609,,58599,,,,,,,6,,,,,,,80.4,,,,,,,,,,,,56986,,,,,,,34.8,,,,,,,136,0.0827,0.204,0.208,0.207,0.186,0.220,0.125,0.213,0.193,0.232,0.116,0.227,0.256,0.213,0.0537,0.212,9659,14660,7457,9650
2025-09-26 23:34:00,,,,,,,125,58969,,58959,,,,,,,5,,,,,,,82.6,,,,,,,,,,,,57332,,,,,,,22.9,,,,,,,125,0.0580,0.225,0.193,0.207,0.215,0.215,0.0456,0.218,0.136,0.208,0.114,0.239,0.225,0.195,0.0246,0.223,9660,13651,7458,8987
2025-09-26 23:36:00,,,,,,,62.6,59329,,59319,,,,,,,2,,,,,,,81.3,,,,,,,,,,,,57655,,,,,,,34.6,,,,,,,62.6,0.0590,0.203,0.109,0.234,0.0851,0.235,0.0603,0.225,0.00661,0.220,0.165,0.220,0.00797,0.186,0.164,0.197,8643,13144,6672,8653
2025-09-26 23:38:00,,,,,,,85.6,59689,,59679,,,,,,,3,,,,,,,79.7,,,,,,,,,,,,57994,,,,,,,24.2,,,,,,,85.6,0.158,0.202,0.254,0.206,0.0647,0.212,0.345,0.226,0.314,0.231,0.0820,0.229,0.294,0.212,0.113,0.214,9153,14659,7067,9650
2025-09-26 23:40:00,,,,,,,157,60049,,60039,,,,,,,7,,,,,,,78.7,,,,,,,,,,,,58354,,,,,,,17.8,,,,,,,157,0.0102,0.190,0.454,0.238,0.0942,0.211,0.366,0.211,0.176,0.219,0.273,0.243,0.388,0.216,0.0647,0.208,12205,18199,9423,11980
2025-09-26 23:42:00,,,,,,,62.4,60409,,60399,,,,,,,4,,,,,,,87.3,,,,,,,,,,,,58714,,,,,,,33.0,,,,,,,62.4,0.0375,0.184,0.381,0.232,0.321,0.223,0.0883,0.225,0.0549,0.218,0.350,0.232,0.403,0.213,0.00695,0.213,10167,15672,7849,10316
2025-09-26 23:44:00,,,,,,,102,60769,,60759,,,,,,,6,,,,,,,78.8,,,,,,,,,,,,59073,,,,,,,23.8,,,,,,,102,0.211,0.216,0.170,0.200,0.106,0.193,0.288,0.236,0.0478,0.227,0.344,0.227,0.340,0.221,0.0361,0.211,10165,14660,7846,9650
2025-09-26 23:46:00,,,,,,,64.3,61129,,61119,,,,,,,0,,,,,,,78.3,,,,,,,,,,,,59402,,,,,,,21.5,,,,,,,64.3,0.0763,0.193,0.115,0.225,0.0164,0.227,0.183,0.232,0.114,0.215,0.0756,0.223,0.158,0.218,0.0329,0.212,7119,14154,5496,9317
2025-09-26 23:48:00,,,,,,,35.4,61489,,61479,,,,,,,0,,,,,,,82.3,,,,,,,,,,,,59727,,,,,,,33.1,,,,,,,35.4,0.0725,0.222,0.0939,0.222,0.00780,0.208,0.180,0.241,0.102,0.208,0.0802,0.221,0.145,0.221,0.0417,0.186,6609,13144,5102,8652
2025-09-26 23:50:00,,,,,,,148,61849,,61839,,,,,,,8,,,,,,,82.9,,,,,,,,,,,,60079,,,,,,,21.5,,,,,,,148,0.203,0.212,0.270,0.234,0.0890,0.218,0.407,0.229,0.149,0.209,0.345,0.204,0.482,0.212,0.0149,0.213,11694,15167,9027,9983
2025-09-26 23:52:00,,,,,,,110,62209,,62199,,,,,,,9,,,,,,,80.9,,,,,,,,,,,,60439,,,,,,,31.7,,,,,,,110,0.265,0.228,0.200,0.223,0.135,0.212,0.329,0.220,0.121,0.226,0.324,0.198,0.459,0.220,0.00644,0.208,10678,13651,8244,8986
2025-09-26 23:54:00,,,,,,,176,62569,,62559,,,,,,,8,,,,,,,78.7,,,,,,,,,,,,60799,,,,,,,18.3,,,,,,,176,0.117,0.221,0.366,0.205,0.158,0.222,0.329,0.210,0.357,0.204,0.124,0.231,0.460,0.233,0.0231,0.212,13728,14661,10598,9650
2025-09-26 23:56:00,,,,,,,120,62929,,62919,,,,,,,5,,,,,,,79.7,,,,,,,,,,,,61159,,,,,,,19.1,,,,,,,120,0.157,0.209,0.367,0.234,0.208,0.210,0.306,0.211,0.188,0.204,0.331,0.223,0.442,0.216,0.0527,0.217,12207,12134,9425,7987
2025-09-26 23:58:00,,,,,,,155,63289,,63279,,,,,,,4,,,,,,,76.2,,,,,,,,,,,,61518,,,,,,,18.3,,,,,,,155,0.178,0.206,0.281,0.216,0.164,0.221,0.305,0.213,0.0580,0.212,0.413,0.224,0.370,0.226,0.0866,0.206,11187,14154,8636,9316
2025-09-27 00:00:00,,,,,,,75.1,63649,,63639,,,,,,,3,,,,,,,82.4,,,,,,,,,,,,61868,,,,,,,18.5,,,,,,,75.1,0.121,0.204,0.193,0.227,0.0147,0.227,0.304,0.220,0.238,0.214,0.0690,0.219,0.208,0.200,0.0976,0.217,10167,13649,7848,8984
2025-09-27 00:02:00,,,,,,,127,64009,,63999,,,,,,,4,,,,,,,80.1,,,,,,,,,,,,62209,,,,,,,33.8,,,,,,,127,0.0734,0.208,0.316,0.218,0.133,0.203,0.239,0.223,0.0656,0.207,0.319,0.229,0.227,0.224,0.152,0.227,11692,16681,9026,10979
2025-09-27 00:04:00,,,,,,,86.2,64369,,64359,,,,,,,2,,,,,,,81.2,,,,,,,,,,,,62550,,,,,,,38.1,,,,,,,86.2,0.143,0.207,0.0917,0.223,0.0859,0.222,0.152,0.216,0.0902,0.224,0.137,0.235,0.227,0.206,0.00966,0.199,9660,15671,7457,10314
2025-09-27 00:06:00,,,,,,,36.6,64729,,64719,,,,,,,1,,,,,,,79.2,,,,,,,,,,,,62899,,,,,,,34.3,,,,,,,36.6,0.0756,0.195,0.164,0.215,0.0547,0.208,0.175,0.229,0.205,0.218,0.0332,0.242,0.213,0.240,0.00678,0.203,6098,13144,4707,8651
2025-09-27 00:08:00,,,,,,,120,65089,,65079,,,,,,,5,,,,,,,80.3,,,,,,,,,,,,63205,,,,,,,19.7,,,,,,,120,0.00729,0.196,0.202,0.217,0.151,0.217,0.0427,0.233,0.189,0.219,0.0120,0.228,0.183,0.209,0.0242,0.211,6099,15671,4707,10314
2025-09-27 00:10:00,,,,,,,104,65449,,65439,,,,,,,3,,,,,,,87.2,,,,,,,,,,,,63556,,,,,,,19.0,,,,,,,104,0.231,0.194,0.115,0.232,0.142,0.227,0.191,0.216,0.0275,0.213,0.315,0.194,0.310,0.229,0.0268,0.222,9655,14660,7452,9649
2025-09-27 00:12:00,,,,,,,134,65809,,65799,,,,,,,8,,,,,,,83.7,,,,,,,,,,,,63914,,,,,,,29.7,,,,,,,134,0.157,0.214,0.309,0.223,0.0859,0.200,0.402,0.230,0.166,0.213,0.311,0.197,0.401,0.216,0.0798,0.229,11183,14155,8632,9316
2025-09-27 00:14:00,,,,,,,158,66169,,66159,,,,,,,9,,,,,,,81.6,,,,,,,,,,,,64273,,,,,,,18.0,,,,,,,158,0.229,0.205,0.163,0.238,0.122,0.226,0.271,0.212,0.293,0.205,0.0859,0.222,0.280,0.210,0.0956,0.220,10164,15165,7845,9981
2025-09-27 00:16:00,,,,,,,204,66529,,66519,,,,,,,7,,,,,,,82.7,,,,,,,,,,,,64633,,,,,,,20.4,,,,,,,204,0.354,0.219,0.186,0.228,0.228,0.216,0.305,0.225,0.211,0.181,0.326,0.244,0.451,0.211,0.0773,0.214,17288,14660,13345,9648
2025-09-27 00:18:00,,,,,,,37.0,66889,,66879,,,,,,,1,,,,,,,79.3,,,,,,,,,,,,64992,,,,,,,34.7,,,,,,,37.0,0.0637,0.213,0.174,0.219,0.0705,0.206,0.164,0.226,0.101,0.230,0.107,0.215,0.174,0.199,0.0576,0.224,10675,13144,8240,8651
2025-09-27 00:20:00,,,,,,,62.4,67249,,67239,,,,,,,3,,,,,,,79.6,,,,,,,,,,,,65321,,,,,,,38.6,,,,,,,62.4,0.137,0.205,0.0817,0.234,0.0161,0.209,0.200,0.213,0.0817,0.204,0.114,0.223,0.113,0.230,0.105,0.208,8130,15671,6274,10314
2025-09-27 00:22:00,,,,,,,37.5,67609,,67599,,,,,,,1,,,,,,,82.6,,,,,,,,,,,,65669,,,,,,,35.2,,,,,,,37.5,0.0931,0.195,0.123,0.212,0.00915,0.220,0.216,0.234,0.0841,0.220,0.130,0.227,0.148,0.205,0.0651,0.212,9653,16176,7450,10646
2025-09-27 00:24:00,,,,,,,63.7,67969,,67959,,,,,,,2,,,,,,,80.8,,,,,,,,,,,,66003,,,,,,,32.1,,,,,,,63.7,0.114,0.220,0.0661,0.241,0.0202,0.212,0.186,0.189,0.00881,0.228,0.194,0.234,0.105,0.221,0.0875,0.195,9145,15166,7058,9981
2025-09-27 00:26:00,,,,,,,114,68329,,68319,,,,,,,6,,,,,,,82.1,,,,,,,,,,,,66361,,,,,,,18.4,,,,,,,114,0.0953,0.227,0.379,0.213,0.245,0.185,0.213,0.226,0.135,0.229,0.348,0.222,0.423,0.211,0.0514,0.217,13721,13144,10590,8650
2025-09-27 00:28:00,,,,,,,35.2,68689,,68679,,,,,,,1,,,,,,,77.3,,,,,,,,,,,,66713,,,,,,,33.5,,,,,,,35.2,0.0332,0.203,0.220,0.235,0.129,0.209,0.123,0.185,0.185,0.226,0.0531,0.238,0.0864,0.223,0.160,0.207,12194,17693,8627,11644
2025-09-27 00:30:00,,,,,,,142,69049,,69039,,,,,,,6,,,,,,,78.4,,,,,,,,,,,,67069,,,,,,,21.5,,,,,,,142,0.136,0.194,0.366,0.235,0.0776,0.216,0.410,0.203,0.345,0.198,0.150,0.230,0.417,0.220,0.0729,0.226,14220,16172,10972,10642
2025-09-27 00:32:00,,,,,,,148,69409,,69399,,,,,,,5,,,,,,,76.4,,,,,,,,,,,,67429,,,,,,,18.3,,,,,,,148,0.102,0.200,0.425,0.237,0.197,0.214,0.334,0.199,0.366,0.206,0.166,0.206,0.367,0.230,0.153,0.228,12182,15164,9399,9978
2025-09-27 00:34:00,,,,,,,79.6,69769,,69759,,,,,,,5,,,,,,,76.2,,,,,,,,,,,,67777,,,,,,,22.9,,,,,,,79.6,0.0668,0.214,0.318,0.221,0.0468,0.202,0.358,0.231,0.0222,0.194,0.383,0.219,0.342,0.211,0.0580,0.218,11695,14658,9027,9646
2025-09-27 00:36:00,,,,,,,126,70129,,70119,,,,,,,7,,,,,,,81.2,,,,,,,,,,,,68137,,,,,,,32.1,,,,,,,126,0.302,0.198,0.209,0.237,0.286,0.213,0.221,0.222,0.396,0.214,0.115,0.223,0.389,0.228,0.109,0.182,14237,13646,10989,8979
2025-09-27 00:38:00,,,,,,,40.8,70489,,70479,,,,,,,0,,,,,,,79.5,,,,,,,,,,,,68479,,,,,,,38.4,,,,,,,40.8,0.137,0.219,0.0961,0.229,0.174,0.222,0.0746,0.208,0.0795,0.223,0.166,0.234,0.124,0.220,0.121,0.163,9660,14152,7456,9312
2025-09-27 00:40:00,,,,,,,65.6,70849,,70839,,,,,,,3,,,,,,,80.5,,,,,,,,,,,,68814,,,,,,,18.2,,,,,,,65.6,0.0422,0.215,0.190,0.229,0.0359,0.200,0.183,0.237,0.126,0.205,0.106,0.215,0.196,0.217,0.0246,0.195,7625,16679,5885,10975
2025-09-27 00:42:00,,,,,,,87.2,71209,,71199,,,,,,,3,,,,,,,78.2,,,,,,,,,,,,69148,,,,,,,23.0,,,,,,,87.2,0.0244,0.201,0.191,0.206,0.0985,0.198,0.112,0.232,0.0383,0.231,0.174,0.221,0.175,0.212,0.0197,0.220,6607,14658,5099,9645
2025-09-27 00:44:00,,,,,,,62.1,71569,,71559,,,,,,,2,,,,,,,76.9,,,,,,,,,,,,69507,,,,,,,22.5,,,,,,,62.1,0.129,0.207,0.220,0.223,0.239,0.219,0.105,0.235,0.163,0.206,0.189,0.186,0.244,0.198,0.107,0.224,11697,13647,9029,8979
2025-09-27 00:46:00,,,,,,,38.2,71929,,71919,,,,,,,1,,,,,,,81.2,,,,,,,,,,,,69838,,,,,,,35.8,,,,,,,38.2,0.0914,0.187,0.0858,0.216,0.123,0.222,0.0337,0.235,0.00576,0.223,0.178,0.220,0.0661,0.225,0.119,0.202,6610,14658,5102,9645
2025-09-27 00:48:00,,,,,,,121,72289,,72279,,,,,,,3,,,,,,,77.2,,,,,,,,,,,,70190,,,,,,,34.0,,,,,,,121,0.0137,0.205,0.343,0.218,0.199,0.218,0.153,0.220,0.224,0.187,0.111,0.231,0.279,0.226,0.0681,0.204,12209,15667,9425,10308
2025-09-27 00:50:00,,,,,,,37.1,72649,,72639,,,,,,,0,,,,,,,81.9,,,,,,,,,,,,70544,,,,,,,33.7,,,,,,,37.1,0.0712,0.213,0.161,0.211,0.0831,0.235,0.150,0.229,0.200,0.229,0.0156,0.233,0.167,0.199,0.0536,0.171,7118,14152,5494,9312
2025-09-27 00:52:00,,,,,,,34.2,73009,,72999,,,,,,,1,,,,,,,76.9,,,,,,,,,,,,70880,,,,,,,31.9,,,,,,,34.2,0.0205,0.221,0.203,0.226,0.0349,0.216,0.187,0.224,0.173,0.185,0.0444,0.210,0.182,0.204,0.0154,0.229,6608,14657,5100,9643
2025-09-27 00:54:00,,,,,,,165,73369,,73359,,,,,,,10,,,,,,,79.8,,,,,,,,,,,,71234,,,,,,,18.2,,,,,,,165,0.246,0.214,0.00525,0.211,0.157,0.212,0.0964,0.232,0.0646,0.201,0.177,0.234,0.104,0.205,0.153,0.206,9148,14150,6668,9310
2025-09-27 00:56:00,,,,,,,35.9,73729,,73719,,,,,,,1,,,,,,,78.3,,,,,,,,,,,,71584,,,,,,,33.6,,,,,,,35.9,0.0849,0.188,0.119,0.231,0.0888,0.207,0.107,0.233,0.119,0.220,0.0708,0.229,0.103,0.203,0.0944,0.207,5590,12636,4314,8314
2025-09-27 00:58:00,,,,,,,115,74089,,74079,,,,,,,5,,,,,,,79.8,,,,,,,,,,,,71924,,,,,,,31.6,,,,,,,115,0.0417,0.222,0.302,0.218,0.0220,0.230,0.322,0.211,0.149,0.205,0.184,0.202,0.292,0.223,0.0341,0.208,10677,13646,8241,8979
2025-09-27 01:00:00,,,,,,,79.6,74449,,74439,,,,,,,3,,,,,,,80.8,,,,,,,,,,,,72263,,,,,,,35.6,,,,,,,79.6,0.00542,0.215,0.201,0.223,0.109,0.219,0.0973,0.232,0.149,0.199,0.0436,0.197,0.0832,0.222,0.122,0.207,10170,14150,7457,9310
2025-09-27 01:02:00,,,,,,,103,74809,,74799,,,,,,,4,,,,,,,82.8,,,,,,,,,,,,72608,,,,,,,18.8,,,,,,,103,0.0149,0.202,0.237,0.212,0.0412,0.229,0.205,0.220,0.164,0.216,0.0641,0.219,0.198,0.220,0.0451,0.210,6609,14152,4708,9311
2025-09-27 01:04:00,,,,,,,153,75169,,75159,,,,,,,5,,,,,,,78.0,,,,,,,,,,,,72967,,,,,,,17.5,,,,,,,153,0.0139,0.230,0.421,0.224,0.0125,0.210,0.425,0.216,0.307,0.195,0.120,0.211,0.322,0.217,0.113,0.218,12204,15161,9420,9975
2025-09-27 01:06:00,,,,,,,195,75529,,75519,,,,,,,9,,,,,,,77.9,,,,,,,,,,,,73327,,,,,,,19.3,,,,,,,195,0.201,0.210,0.314,0.233,0.182,0.178,0.331,0.227,0.271,0.205,0.254,0.223,0.467,0.222,0.0558,0.231,9151,14151,7062,9310
2025-09-27 01:08:00,,,,,,,36.0,75889,,75879,,,,,,,0,,,,,,,77.0,,,,,,,,,,,,73679,,,,,,,34.0,,,,,,,36.0,0.0378,0.210,0.198,0.239,0.0873,0.218,0.149,0.217,0.143,0.171,0.0568,0.220,0.0615,0.231,0.189,0.204,7627,15162,5887,9975
2025-09-27 01:10:00,,,,,,,60.7,76249,,76239,,,,,,,2,,,,,,,79.3,,,,,,,,,,,,74011,,,,,,,23.3,,,,,,,60.7,0.0542,0.218,0.163,0.242,0.123,0.190,0.0849,0.219,0.144,0.221,0.0620,0.199,0.161,0.235,0.0568,0.185,6611,14152,5103,9311
2025-09-27 01:12:00,,,,,,,31.1,76609,,76599,,,,,,,1,,,,,,,78.0,,,,,,,,,,,,74367,,,,,,,29.2,,,,,,,31.1,0.0634,0.202,0.206,0.227,0.00814,0.223,0.267,0.225,0.204,0.204,0.0636,0.218,0.254,0.212,0.00864,0.216,10171,15670,7851,10310
2025-09-27 01:14:00,,,,,,,38.8,76969,,76959,,,,,,,4,,,,,,,77.7,,,,,,,,,,,,74713,,,,,,,19.4,,,,,,,38.8,0.0590,0.205,0.211,0.233,0.0785,0.204,0.178,0.205,0.174,0.201,0.0914,0.229,0.110,0.220,0.158,0.214,11695,14659,9026,9644
2025-09-27 01:16:00,,,,,,,50.3,77329,,77319,,,,,,,2,,,,,,,78.0,,,,,,,,,,,,75067,,,,,,,23.5,,,,,,,50.3,0.116,0.208,0.149,0.236,0.0214,0.198,0.243,0.212,0.0283,0.229,0.214,0.228,0.201,0.217,0.0646,0.196,8641,14658,6668,9644
2025-09-27 01:18:00,,,,,,,47.2,77689,,77679,,,,,,,2,,,,,,,79.0,,,,,,,,,,,,75374,,,,,,,35.5,,,,,,,47.2,0.0236,0.202,0.115,0.243,0.0203,0.212,0.129,0.197,0.00966,0.193,0.144,0.222,0.0347,0.231,0.118,0.226,4575,14152,3138,9311
2025-09-27 01:20:00,,,,,,,37.4,78049,,78039,,,,,,,1,,,,,,,80.6,,,,,,,,,,,,75721,,,,,,,35.3,,,,,,,37.4,0.0153,0.220,0.324,0.193,0.0703,0.211,0.256,0.223,0.163,0.218,0.162,0.240,0.286,0.217,0.0364,0.203,9149,14658,7061,9643
2025-09-27 01:22:00,,,,,,,189,78409,,78399,,,,,,,7,,,,,,,78.6,,,,,,,,,,,,76069,,,,,,,20.0,,,,,,,189,0.165,0.176,0.213,0.222,0.0486,0.207,0.344,0.221,0.0761,0.231,0.314,0.238,0.222,0.201,0.157,0.218,8641,13646,6668,8978
2025-09-27 01:24:00,,,,,,,142,78769,,78759,,,,,,,7,,,,,,,78.2,,,,,,,,,,,,76429,,,,,,,18.7,,,,,,,142,0.241,0.206,0.219,0.232,0.0519,0.206,0.424,0.202,0.392,0.220,0.0846,0.238,0.419,0.206,0.0537,0.215,13219,13142,10202,8646
2025-09-27 01:26:00,,,,,,,201,79129,,79119,,,,,,,6,,,,,,,76.5,,,,,,,,,,,,76767,,,,,,,22.9,,,,,,,201,0.00966,0.220,0.308,0.237,0.197,0.200,0.113,0.221,0.105,0.190,0.198,0.220,0.178,0.217,0.126,0.228,11184,14152,8632,9311
2025-09-27 01:28:00,,,,,,,37.5,79489,,79479,,,,,,,1,,,,,,,71.3,,,,,,,,,,,,77108,,,,,,,35.4,,,,,,,37.5,0.0358,0.222,0.193,0.222,0.0714,0.203,0.146,0.237,0.125,0.180,0.0912,0.222,0.143,0.215,0.0815,0.217,8640,13142,6275,8646
2025-09-27 01:30:00,,,,,,,144,79849,,79839,,,,,,,8,,,,,,,77.9,,,,,,,,,,,,77451,,,,,,,34.0,,,,,,,144,0.0853,0.211,0.339,0.237,0.0346,0.190,0.397,0.216,0.306,0.220,0.122,0.217,0.368,0.219,0.0453,0.202,10168,13143,7848,8647
2025-09-27 01:32:00,,,,,,,163,80209,,80199,,,,,,,7,,,,,,,81.3,,,,,,,,,,,,77811,,,,,,,24.9,,,,,,,163,0.0590,0.222,0.451,0.236,0.323,0.178,0.198,0.236,0.337,0.221,0.169,0.230,0.405,0.206,0.111,0.205,12203,14657,9418,9642
2025-09-27 01:34:00,,,,,,,190,80569,,80559,,,,,,,8,,,,,,,77.2,,,,,,,,,,,,78171,,,,,,,22.1,,,,,,,190,0.205,0.213,0.256,0.213,0.132,0.220,0.343,0.235,0.118,0.227,0.355,0.211,0.380,0.202,0.0802,0.206,12203,14153,9418,9311
2025-09-27 01:36:00,,,,,,,164,80929,,80919,,,,,,,8,,,,,,,77.4,,,,,,,,,,,,78529,,,,,,,18.4,,,,,,,164,0.0920,0.199,0.323,0.198,0.191,0.219,0.213,0.218,0.292,0.214,0.113,0.227,0.308,0.234,0.0986,0.215,12709,15163,9807,9975
2025-09-27 01:38:00,,,,,,,166,81289,,81279,,,,,,,8,,,,,,,80.2,,,,,,,,,,,,78889,,,,,,,18.4,,,,,,,166,0.108,0.197,0.407,0.226,0.422,0.228,0.0768,0.218,0.316,0.216,0.194,0.221,0.467,0.210,0.0327,0.218,12706,14151,9804,9309
2025-09-27 01:40:00,,,,,,,209,81649,,81639,,,,,,,9,,,,,,,79.6,,,,,,,,,,,,79249,,,,,,,23.3,,,,,,,209,0.0258,0.216,0.502,0.233,0.336,0.232,0.157,0.211,0.146,0.185,0.365,0.224,0.380,0.218,0.105,0.208,9655,16679,7450,10972
2025-09-27 01:42:00,,,,,,,170,82009,,81999,,,,,,,5,,,,,,,79.0,,,,,,,,,,,,79603,,,,,,,19.2,,,,,,,170,0.100,0.232,0.361,0.196,0.0502,0.214,0.420,0.213,0.223,0.220,0.231,0.216,0.368,0.206,0.0934,0.227,10673,14658,8236,9642
2025-09-27 01:44:00,,,,,,,62.7,82369,,82359,,,,,,,2,,,,,,,77.6,,,,,,,,,,,,79945,,,,,,,22.2,,,,,,,62.7,0.0581,0.201,0.137,0.218,0.132,0.224,0.0392,0.229,0.0414,0.214,0.148,0.228,0.0124,0.206,0.182,0.205,9655,15161,7450,9973
2025-09-27 01:46:00,,,,,,,170,82729,,82719,,,,,,,8,,,,,,,77.5,,,,,,,,,,,,80268,,,,,,,19.1,,,,,,,170,0.0468,0.200,0.258,0.229,0.199,0.218,0.115,0.214,0.0954,0.213,0.208,0.208,0.276,0.207,0.0371,0.217,9147,13141,7058,8644
2025-09-27 01:48:00,,,,,,,121,83089,,83079,,,,,,,5,,,,,,,78.4,,,,,,,,,,,,80622,,,,,,,28.2,,,,,,,121,0.199,0.225,0.0944,0.200,0.175,0.200,0.142,0.223,0.103,0.207,0.214,0.223,0.248,0.216,0.0668,0.219,12204,13647,9418,8978
2025-09-27 01:50:00,,,,,,,61.0,83449,,83439,,,,,,,2,,,,,,,76.6,,,,,,,,,,,,80983,,,,,,,24.2,,,,,,,61.0,0.0629,0.212,0.258,0.216,0.167,0.215,0.130,0.236,0.0669,0.204,0.257,0.214,0.0842,0.212,0.236,0.197,10675,12635,8238,8311
2025-09-27 01:52:00,,,,,,,37.8,83809,,83799,,,,,,,1,,,,,,,77.8,,,,,,,,,,,,81312,,,,,,,35.5,,,,,,,37.8,0.00932,0.215,0.198,0.228,0.0659,0.231,0.139,0.216,0.148,0.206,0.0469,0.202,0.187,0.206,0.0149,0.216,9658,13647,7452,8977
2025-09-27 01:54:00,,,,,,,124,84169,,84159,,,,,,,4,,,,,,,75.9,,,,,,,,,,,,81640,,,,,,,28.1,,,,,,,124,0.00847,0.214,0.237,0.191,0.142,0.232,0.0876,0.215,0.163,0.216,0.0747,0.225,0.227,0.226,0.0102,0.208,5591,13141,4314,8644
2025-09-27 01:56:00,,,,,,,72.9,84529,,84519,,,,,,,2,,,,,,,76.2,,,,,,,,,,,,81992,,,,,,,44.6,,,,,,,72.9,0.0161,0.215,0.285,0.224,0.0893,0.210,0.220,0.195,0.0853,0.211,0.226,0.239,0.281,0.217,0.0107,0.225,6605,15163,5096,9974
2025-09-27 01:58:00,,,,,,,38.3,84889,,84879,,,,,,,0,,,,,,,76.1,,,,,,,,,,,,82314,,,,,,,35.9,,,,,,,38.3,0.0234,0.225,0.106,0.222,0.0964,0.216,0.0488,0.228,0.00797,0.227,0.135,0.216,0.0853,0.213,0.0361,0.172,7623,15163,5881,9974
2025-09-27 02:00:00,,,,,,,53.2,85249,,85239,,,,,,,0,,,,,,,77.2,,,,,,,,,,,,82643,,,,,,,24.4,,,,,,,53.2,0.0339,0.198,0.201,0.239,0.142,0.215,0.0783,0.212,0.00847,0.220,0.232,0.226,0.116,0.223,0.123,0.183,7115,14152,5490,9309
2025-09-27 02:02:00,,,,,,,60.6,85609,,85599,,,,,,,2,,,,,,,79.8,,,,,,,,,,,,82990,,,,,,,23.0,,,,,,,60.6,0.110,0.215,0.189,0.237,0.246,0.211,0.0492,0.241,0.274,0.179,0.0249,0.195,0.281,0.218,0.0136,0.221,8639,17690,6666,11636
2025-09-27 02:04:00,,,,,,,91.7,85969,,85959,,,,,,,5,,,,,,,80.0,,,,,,,,,,,,83333,,,,,,,18.7,,,,,,,91.7,0.0600,0.210,0.181,0.217,0.189,0.227,0.0475,0.233,0.195,0.218,0.0358,0.210,0.161,0.197,0.0783,0.201,8133,13141,6275,8643
2025-09-27 02:06:00,,,,,,,119,86329,,86319,,,,,,,5,,,,,,,79.5,,,,,,,,,,,,83691,,,,,,,17.8,,,,,,,119,0.155,0.219,0.245,0.233,0.211,0.196,0.173,0.209,0.182,0.221,0.210,0.236,0.329,0.202,0.0678,0.209,12709,13646,9807,8975
2025-09-27 02:08:00,,,,,,,106,86689,,86679,,,,,,,5,,,,,,,78.4,,,,,,,,,,,,84050,,,,,,,22.5,,,,,,,106,0.0658,0.212,0.385,0.229,0.126,0.211,0.325,0.217,0.179,0.215,0.248,0.212,0.366,0.210,0.0831,0.206,10164,14154,7842,9310
2025-09-27 02:10:00,,,,,,,120,87049,,87039,,,,,,,8,,,,,,,82.8,,,,,,,,,,,,84410,,,,,,,23.8,,,,,,,120,0.0544,0.200,0.394,0.232,0.156,0.225,0.279,0.240,0.135,0.201,0.299,0.205,0.284,0.209,0.164,0.214,10162,13141,7840,8627
2025-09-27 02:12:00,,,,,,,81.8,87409,,87399,,,,,,,5,,,,,,,77.5,,,,,,,,,,,,84754,,,,,,,33.2,,,,,,,81.8,0.0292,0.221,0.176,0.170,0.0142,0.214,0.188,0.232,0.129,0.213,0.0732,0.223,0.0514,0.224,0.160,0.223,6097,15668,4312,10286
2025-09-27 02:14:00,,,,,,,98.9,87769,,87759,,,,,,,4,,,,,,,74.9,,,,,,,,,,,,85113,,,,,,,19.3,,,,,,,98.9,0.119,0.204,0.237,0.233,0.0851,0.216,0.261,0.216,0.196,0.195,0.151,0.218,0.329,0.215,0.0247,0.224,7623,15668,6274,10285
2025-09-27 02:16:00,,,,,,,34.4,88129,,88119,,,,,,,1,,,,,,,77.3,,,,,,,,,,,,85469,,,,,,,32.2,,,,,,,34.4,0.0763,0.224,0.129,0.204,0.144,0.209,0.0778,0.228,0.179,0.218,0.0383,0.198,0.0295,0.226,0.196,0.218,7622,13646,5880,8958
2025-09-27 02:18:00,,,,,,,172,88489,,88479,,,,,,,9,,,,,,,69.4,,,,,,,,,,,,85828,,,,,,,18.4,,,,,,,172,0.224,0.201,0.282,0.228,0.0837,0.198,0.435,0.229,0.105,0.212,0.416,0.226,0.241,0.203,0.278,0.216,9148,16173,7058,10617
2025-09-27 02:20:00,,,,,,,160,88849,,88839,,,,,,,6,,,,,,,79.0,,,,,,,,,,,,86188,,,,,,,24.0,,,,,,,160,0.136,0.197,0.369,0.235,0.162,0.215,0.348,0.204,0.269,0.219,0.234,0.220,0.380,0.223,0.129,0.205,11178,14152,8624,9290
2025-09-27 02:22:00,,,,,,,147,89209,,89199,,,,,,,9,,,,,,,78.1,,,,,,,,,,,,86547,,,,,,,18.7,,,,,,,147,0.124,0.222,0.383,0.214,0.170,0.208,0.331,0.231,0.306,0.233,0.192,0.239,0.444,0.215,0.0325,0.172,11179,14656,8625,9621
2025-09-27 02:24:00,,,,,,,133,89569,,89559,,,,,,,10,,,,,,,81.4,,,,,,,,,,,,86907,,,,,,,35.1,,,,,,,133,0.0859,0.220,0.420,0.233,0.316,0.202,0.179,0.223,0.366,0.197,0.121,0.224,0.280,0.196,0.219,0.206,10671,14153,8233,9291
2025-09-27 02:26:00,,,,,,,130,89929,,89919,,,,,,,5,,,,,,,80.6,,,,,,,,,,,,87267,,,,,,,18.8,,,,,,,130,0.175,0.214,0.244,0.233,0.172,0.212,0.238,0.228,0.0475,0.220,0.374,0.191,0.389,0.211,0.0310,0.209,10162,15163,7839,9954
2025-09-27 02:28:00,,,,,,,121,90289,,90279,,,,,,,6,,,,,,,77.7,,,,,,,,,,,,87624,,,,,,,33.5,,,,,,,121,0.0863,0.183,0.248,0.215,0.0717,0.229,0.257,0.222,0.167,0.216,0.162,0.210,0.289,0.218,0.0358,0.232,9145,15669,6663,10286
2025-09-27 02:30:00,,,,,,,61.4,90649,,90639,,,,,,,2,,,,,,,77.2,,,,,,,,,,,,87981,,,,,,,23.1,,,,,,,61.4,0.0108,0.205,0.275,0.224,0.0773,0.220,0.205,0.230,0.225,0.216,0.0322,0.233,0.197,0.186,0.0814,0.211,7621,13647,5879,8958
2025-09-27 02:32:00,,,,,,,60.1,91009,,90999,,,,,,,0,,,,,,,76.2,,,,,,,,,,,,88317,,,,,,,23.8,,,,,,,60.1,0.00932,0.221,0.201,0.227,0.185,0.212,0.0215,0.202,0.150,0.196,0.0414,0.215,0.0724,0.232,0.132,0.214,7621,14657,5880,9621
2025-09-27 02:34:00,,,,,,,168,91369,,91359,,,,,,,8,,,,,,,78.6,,,,,,,,,,,,88665,,,,,,,18.9,,,,,,,168,0.162,0.179,0.267,0.229,0.246,0.197,0.181,0.227,0.168,0.221,0.268,0.235,0.235,0.225,0.205,0.220,7620,16173,5879,10617
2025-09-27 02:36:00,,,,,,,111,91729,,91719,,,,,,,5,,,,,,,79.4,,,,,,,,,,,,89025,,,,,,,18.3,,,,,,,111,0.0336,0.206,0.406,0.223,0.351,0.212,0.0797,0.231,0.235,0.220,0.182,0.201,0.347,0.222,0.0875,0.212,13211,14659,9799,9623
2025-09-27 02:38:00,,,,,,,120,92089,,92079,,,,,,,8,,,,,,,81.4,,,,,,,,,,,,89339,,,,,,,17.9,,,,,,,120,0.0239,0.230,0.142,0.238,0.0551,0.201,0.113,0.220,0.0817,0.199,0.0605,0.216,0.127,0.207,0.0376,0.207,8637,13647,6662,8958
2025-09-27 02:40:00,,,,,,,59.6,92449,,92439,,,,,,,4,,,,,,,76.8,,,,,,,,,,,,89689,,,,,,,19.5,,,,,,,59.6,0.0568,0.221,0.222,0.230,0.133,0.212,0.129,0.187,0.0597,0.198,0.217,0.220,0.179,0.228,0.0900,0.227,6096,17186,4703,11281
2025-09-27 02:42:00,,,,,,,36.2,92809,,92799,,,,,,,1,,,,,,,81.5,,,,,,,,,,,,90045,,,,,,,34.1,,,,,,,36.2,0.0183,0.199,0.321,0.228,0.112,0.214,0.215,0.217,0.0922,0.222,0.243,0.227,0.299,0.222,0.0342,0.194,9149,16174,7059,10617
2025-09-27 02:44:00,,,,,,,127,93169,,93159,,,,,,,7,,,,,,,77.0,,,,,,,,,,,,90393,,,,,,,18.7,,,,,,,127,0.114,0.217,0.331,0.214,0.146,0.209,0.282,0.220,0.216,0.213,0.210,0.215,0.286,0.216,0.134,0.219,12198,13646,9411,8957
2025-09-27 02:46:00,,,,,,,167,93529,,93519,,,,,,,7,,,,,,,80.0,,,,,,,,,,,,90753,,,,,,,22.7,,,,,,,167,0.214,0.213,0.293,0.222,0.0851,0.222,0.429,0.223,0.375,0.220,0.125,0.224,0.262,0.213,0.249,0.177,12197,12636,9410,8294
2025-09-27 02:48:00,,,,,,,161,93889,,93879,,,,,,,10,,,,,,,85.9,,,,,,,,,,,,91113,,,,,,,19.0,,,,,,,161,0.226,0.212,0.309,0.207,0.0493,0.203,0.480,0.218,0.280,0.195,0.242,0.214,0.343,0.235,0.145,0.228,10671,12637,8232,8295
2025-09-27 02:50:00,,,,,,,216,94249,,94239,,,,,,,7,,,,,,,79.5,,,,,,,,,,,,91472,,,,,,,17.7,,,,,,,216,0.0297,0.201,0.474,0.215,0.0359,0.220,0.462,0.215,0.155,0.212,0.338,0.223,0.456,0.212,0.0310,0.220,10673,16680,8234,10949
2025-09-27 02:52:00,,,,,,,221,94609,,94599,,,,,,,9,,,,,,,76.7,,,,,,,,,,,,91832,,,,,,,18.8,,,,,,,221,0.163,0.223,0.340,0.241,0.150,0.190,0.352,0.229,0.417,0.229,0.0724,0.231,0.316,0.188,0.175,0.194,11689,15163,9018,9953
2025-09-27 02:54:00,,,,,,,160,94969,,94959,,,,,,,9,,,,,,,77.2,,,,,,,,,,,,92191,,,,,,,19.4,,,,,,,160,0.221,0.225,0.268,0.218,0.180,0.196,0.308,0.203,0.132,0.224,0.364,0.205,0.344,0.222,0.141,0.234,11179,15163,8232,9953
2025-09-27 02:56:00,,,,,,,194,95329,,95319,,,,,,,8,,,,,,,83.8,,,,,,,,,,,,92550,,,,,,,18.2,,,,,,,194,0.204,0.187,0.253,0.234,0.111,0.208,0.361,0.232,0.196,0.220,0.266,0.222,0.305,0.216,0.165,0.209,11180,16174,9017,10616
2025-09-27 02:58:00,,,,,,,239,95689,,95679,,,,,,,8,,,,,,,79.8,,,,,,,,,,,,92909,,,,,,,19.3,,,,,,,239,0.0200,0.211,0.453,0.225,0.204,0.214,0.246,0.227,0.129,0.210,0.348,0.213,0.435,0.205,0.0342,0.203,8132,16679,6273,10947
2025-09-27 03:00:00,,,,,,,37.6,96049,,96039,,,,,,,1,,,,,,,79.6,,,,,,,,,,,,93246,,,,,,,35.2,,,,,,,37.6,0.0903,0.221,0.0571,0.189,0.0627,0.224,0.0898,0.232,0.0825,0.227,0.0773,0.228,0.0359,0.199,0.127,0.202,9657,14656,7449,9619
2025-09-27 03:02:00,,,,,,,119,96409,,96399,,,,,,,5,,,,,,,79.0,,,,,,,,,,,,93598,,,,,,,18.1,,,,,,,119,0.111,0.195,0.155,0.186,0.0256,0.219,0.240,0.244,0.195,0.203,0.0453,0.240,0.0592,0.239,0.208,0.223,6606,14152,4703,9288
2025-09-27 03:04:00,,,,,,,253,96769,,96759,,,,,,,12,,,,,,,78.7,,,,,,,,,,,,93954,,,,,,,21.9,,,,,,,253,0.0912,0.218,0.428,0.220,0.0358,0.193,0.501,0.220,0.484,0.217,0.0380,0.222,0.391,0.215,0.140,0.218,11182,15163,8625,9952
2025-09-27 03:06:00,,,,,,,69.0,97129,,97119,,,,,,,3,,,,,,,79.9,,,,,,,,,,,,94287,,,,,,,17.8,,,,,,,69.0,0.00780,0.180,0.194,0.224,0.123,0.230,0.0803,0.229,0.130,0.223,0.0444,0.221,0.114,0.202,0.0875,0.231,8131,14151,6272,9287
2025-09-27 03:08:00,,,,,,,37.2,97489,,97479,,,,,,,1,,,,,,,77.9,,,,,,,,,,,,94565,,,,,,,34.7,,,,,,,37.2,0.00610,0.212,0.141,0.182,0.0405,0.227,0.102,0.232,0.102,0.210,0.0429,0.228,0.0831,0.227,0.0495,0.207,5590,17186,4311,11280
2025-09-27 03:10:00,,,,,,,155,97849,,97839,,,,,,,6,,,,,,,80.8,,,,,,,,,,,,94912,,,,,,,18.9,,,,,,,155,0.213,0.200,0.295,0.219,0.125,0.199,0.396,0.221,0.231,0.209,0.271,0.225,0.282,0.238,0.237,0.201,11689,14152,9016,9288
2025-09-27 03:12:00,,,,,,,62.2,98209,,98199,,,,,,,2,,,,,,,84.5,,,,,,,,,,,,95253,,,,,,,23.1,,,,,,,62.2,0.0173,0.213,0.175,0.213,0.0305,0.215,0.163,0.219,0.0708,0.220,0.0981,0.204,0.0671,0.227,0.130,0.221,6606,15668,5095,9953
2025-09-27 03:14:00,,,,,,,69.0,98569,,98559,,,,,,,3,,,,,,,78.5,,,,,,,,,,,,95600,,,,,,,33.7,,,,,,,69.0,0.209,0.205,0.0685,0.225,0.0788,0.218,0.206,0.216,0.0514,0.204,0.237,0.226,0.244,0.215,0.0259,0.216,10164,16681,7840,10952
2025-09-27 03:16:00,,,,,,,101,98929,,98919,,,,,,,5,,,,,,,81.9,,,,,,,,,,,,95958,,,,,,,20.5,,,,,,,101,0.222,0.193,0.157,0.222,0.0688,0.215,0.304,0.216,0.201,0.219,0.167,0.232,0.187,0.219,0.190,0.204,11689,13646,9016,8960
2025-09-27 03:18:00,,,,,,,162,99289,,99279,,,,,,,7,,,,,,,79.3,,,,,,,,,,,,96318,,,,,,,18.6,,,,,,,162,0.217,0.195,0.294,0.223,0.184,0.204,0.319,0.206,0.118,0.208,0.403,0.234,0.277,0.232,0.242,0.222,10164,17690,7840,11614
2025-09-27 03:20:00,,,,,,,166,99649,,99639,,,,,,,8,,,,,,,78.9,,,,,,,,,,,,96678,,,,,,,19.9,,,,,,,166,0.255,0.222,0.237,0.236,0.0905,0.226,0.402,0.194,0.227,0.202,0.255,0.220,0.424,0.214,0.0725,0.217,14230,15669,10976,10288
2025-09-27 03:22:00,,,,,,,61.0,100009,,99999,,,,,,,2,,,,,,,73.6,,,,,,,,,,,,97025,,,,,,,23.7,,,,,,,61.0,0.0578,0.208,0.133,0.243,0.0346,0.226,0.148,0.213,0.106,0.208,0.0790,0.201,0.181,0.223,0.00864,0.210,7115,15668,5488,10286
2025-09-27 03:24:00,,,,,,,97.9,100369,,100359,,,,,,,3,,,,,,,79.1,,,,,,,,,,,,97328,,,,,,,23.4,,,,,,,97.9,0.0614,0.206,0.136,0.239,0.122,0.202,0.0695,0.230,0.119,0.200,0.0581,0.235,0.0614,0.205,0.141,0.208,5590,13647,4311,8960
2025-09-27 03:26:00,,,,,,,134,100729,,100719,,,,,,,7,,,,,,,80.9,,,,,,,,,,,,97672,,,,,,,18.4,,,,,,,134,0.0571,0.202,0.293,0.208,0.171,0.211,0.180,0.218,0.103,0.224,0.254,0.224,0.205,0.231,0.138,0.213,9147,13646,7054,8959
2025-09-27 03:28:00,,,,,,,145,101089,,101079,,,,,,,7,,,,,,,76.9,,,,,,,,,,,,98031,,,,,,,29.8,,,,,,,145,0.231,0.222,0.162,0.212,0.0307,0.203,0.393,0.225,0.385,0.210,0.0308,0.242,0.276,0.217,0.141,0.188,11690,15666,9017,10285
2025-09-27 03:30:00,,,,,,,139,101449,,101439,,,,,,,6,,,,,,,80.8,,,,,,,,,,,,98390,,,,,,,18.9,,,,,,,139,0.252,0.180,0.178,0.243,0.293,0.222,0.140,0.226,0.231,0.200,0.209,0.228,0.379,0.216,0.0436,0.219,12704,15162,9798,9954
2025-09-27 03:32:00,,,,,,,64.9,101809,,101799,,,,,,,4,,,,,,,79.6,,,,,,,,,,,,98740,,,,,,,28.6,,,,,,,64.9,0.0449,0.213,0.204,0.216,0.115,0.182,0.117,0.206,0.0241,0.222,0.223,0.227,0.218,0.229,0.0117,0.229,7625,15668,5881,10286
2025-09-27 03:34:00,,,,,,,28.3,102169,,102159,,,,,,,2,,,,,,,78.7,,,,,,,,,,,,99056,,,,,,,34.0,,,,,,,28.3,0.0680,0.216,0.205,0.204,0.147,0.202,0.117,0.226,0.135,0.207,0.114,0.232,0.0756,0.220,0.189,0.207,10169,14657,7844,9623
2025-09-27 03:36:00,,,,,,,119,102529,,102519,,,,,,,4,,,,,,,76.2,,,,,,,,,,,,99411,,,,,,,21.6,,,,,,,119,0.0427,0.202,0.227,0.232,0.0247,0.218,0.233,0.232,0.234,0.229,0.0207,0.218,0.197,0.201,0.0456,0.185,11182,15667,7841,10285
2025-09-27 03:38:00,,,,,,,142,102889,,102879,,,,,,,4,,,,,,,81.2,,,,,,,,,,,,99738,,,,,,,19.7,,,,,,,142,0.0149,0.217,0.148,0.229,0.0524,0.224,0.127,0.215,0.00678,0.225,0.174,0.225,0.0236,0.195,0.149,0.192,7115,11625,5488,7632
2025-09-27 03:40:00,,,,,,,81.4,103249,,103239,,,,,,,3,,,,,,,76.1,,,,,,,,,,,,100083,,,,,,,18.9,,,,,,,81.4,0.0120,0.216,0.194,0.221,0.00644,0.221,0.197,0.219,0.0636,0.197,0.135,0.206,0.132,0.232,0.0575,0.208,7114,13646,5486,8958
2025-09-27 03:42:00,,,,,,,61.0,103609,,103599,,,,,,,2,,,,,,,77.2,,,,,,,,,,,,100394,,,,,,,22.9,,,,,,,61.0,0.0869,0.207,0.103,0.234,0.165,0.204,0.0146,0.212,0.137,0.200,0.0434,0.223,0.164,0.224,0.0229,0.219,5590,13645,4311,8958
2025-09-27 03:44:00,,,,,,,162,103969,,103959,,,,,,,7,,,,,,,77.5,,,,,,,,,,,,100737,,,,,,,20.2,,,,,,,162,0.185,0.221,0.133,0.234,0.107,0.200,0.212,0.206,0.217,0.225,0.0775,0.224,0.170,0.221,0.149,0.195,9655,15162,7054,9954
2025-09-27 03:46:00,,,,,,,84.8,104329,,104319,,,,,,,3,,,,,,,82.2,,,,,,,,,,,,101085,,,,,,,27.3,,,,,,,84.8,0.0337,0.201,0.251,0.233,0.189,0.216,0.0920,0.212,0.240,0.220,0.0210,0.227,0.0805,0.208,0.204,0.207,6097,15161,4702,9952
2025-09-27 03:48:00,,,,,,,112,104689,,104679,,,,,,,0,,,,,,,76.5,,,,,,,,,,,,101429,,,,,,,18.6,,,,,,,112,0.0200,0.204,0.296,0.216,0.0995,0.210,0.208,0.237,0.201,0.220,0.0986,0.216,0.133,0.215,0.182,0.194,10167,14150,7841,9289
2025-09-27 03:50:00,,,,,,,161,105049,,105039,,,,,,,7,,,,,,,79.0,,,,,,,,,,,,101786,,,,,,,21.6,,,,,,,161,0.147,0.208,0.356,0.204,0.227,0.204,0.296,0.212,0.272,0.229,0.248,0.231,0.335,0.219,0.190,0.213,10167,16173,7842,10617
2025-09-27 03:52:00,,,,,,,174,105409,,105399,,,,,,,7,,,,,,,78.6,,,,,,,,,,,,102146,,,,,,,20.0,,,,,,,174,0.259,0.226,0.268,0.219,0.119,0.206,0.397,0.202,0.298,0.196,0.234,0.225,0.384,0.229,0.133,0.217,11183,15163,8625,9955
2025-09-27 03:54:00,,,,,,,159,105769,,105759,,,,,,,7,,,,,,,80.8,,,,,,,,,,,,102506,,,,,,,17.7,,,,,,,159,0.0558,0.228,0.476,0.235,0.225,0.194,0.294,0.197,0.349,0.195,0.167,0.229,0.310,0.220,0.223,0.216,11182,15668,8624,10285
2025-09-27 03:56:00,,,,,,,119,106129,,106119,,,,,,,6,,,,,,,78.1,,,,,,,,,,,,102865,,,,,,,19.0,,,,,,,119,0.113,0.216,0.296,0.224,0.0585,0.220,0.356,0.228,0.202,0.210,0.183,0.229,0.192,0.197,0.220,0.203,9657,15668,7448,10285
2025-09-27 03:58:00,,,,,,,122,106489,,106479,,,,,,,5,,,,,,,77.0,,,,,,,,,,,,103222,,,,,,,18.7,,,,,,,122,0.273,0.230,0.191,0.219,0.126,0.200,0.356,0.203,0.314,0.214,0.169,0.238,0.175,0.201,0.311,0.218,12704,15667,9797,10284
2025-09-27 04:00:00,,,,,,,37.2,106849,,106839,,,,,,,1,,,,,,,78.1,,,,,,,,,,,,103566,,,,,,,35.2,,,,,,,37.2,0.0431,0.204,0.175,0.224,0.125,0.212,0.0722,0.221,0.0310,0.215,0.191,0.225,0.162,0.208,0.0542,0.218,7113,15163,5485,9953
2025-09-27 04:02:00,,,,,,,37.0,107209,,107199,,,,,,,1,,,,,,,79.6,,,,,,,,,,,,103917,,,,,,,34.8,,,,,,,37.0,0.0392,0.204,0.287,0.225,0.168,0.221,0.180,0.192,0.252,0.211,0.0908,0.232,0.219,0.226,0.120,0.214,7621,14657,5486,9621
2025-09-27 04:04:00,,,,,,,127,107569,,107559,,,,,,,4,,,,,,,79.4,,,,,,,,,,,,104259,,,,,,,18.7,,,,,,,127,0.0736,0.203,0.129,0.193,0.101,0.232,0.128,0.219,0.00695,0.194,0.220,0.232,0.217,0.226,0.00661,0.227,6605,15162,5093,9952
2025-09-27 04:06:00,,,,,,,124,107929,,107919,,,,,,,5,,,,,,,82.0,,,,,,,,,,,,104591,,,,,,,27.4,,,,,,,124,0.152,0.209,0.180,0.224,0.157,0.214,0.201,0.205,0.0771,0.204,0.280,0.209,0.278,0.225,0.0800,0.222,8129,13141,6269,8626
2025-09-27 04:08:00,,,,,,,80.8,108289,,108279,,,,,,,3,,,,,,,77.3,,,,,,,,,,,,104952,,,,,,,19.0,,,,,,,80.8,0.211,0.191,0.204,0.217,0.0103,0.222,0.431,0.233,0.0885,0.224,0.346,0.205,0.405,0.211,0.0283,0.224,10673,14658,8232,9622
2025-09-27 04:10:00,,,,,,,88.7,108649,,108639,,,,,,,4,,,,,,,75.8,,,,,,,,,,,,105270,,,,,,,21.7,,,,,,,88.7,0.113,0.220,0.0456,0.244,0.0447,0.223,0.102,0.206,0.0308,0.226,0.132,0.180,0.152,0.216,0.00898,0.206,5590,16174,3919,10616
2025-09-27 04:12:00,,,,,,,126,109009,,108999,,,,,,,6,,,,,,,78.5,,,,,,,,,,,,105615,,,,,,,18.2,,,,,,,126,0.0844,0.232,0.139,0.242,0.133,0.180,0.0844,0.217,0.0844,0.211,0.127,0.216,0.202,0.207,0.0119,0.208,5082,14657,3919,9621
2025-09-27 04:14:00,,,,,,,62.8,109369,,109359,,,,,,,2,,,,,,,80.8,,,,,,,,,,,,105976,,,,,,,22.9,,,,,,,62.8,0.0559,0.190,0.185,0.225,0.119,0.223,0.135,0.220,0.0778,0.209,0.175,0.201,0.205,0.218,0.0329,0.224,8639,15668,6662,10284
2025-09-27 04:16:00,,,,,,,174,109729,,109719,,,,,,,8,,,,,,,78.9,,,,,,,,,,,,106333,,,,,,,19.3,,,,,,,174,0.151,0.213,0.368,0.211,0.174,0.228,0.351,0.214,0.187,0.214,0.323,0.214,0.384,0.219,0.141,0.208,10166,17184,7841,11279
2025-09-27 04:18:00,,,,,,,129,110089,,110079,,,,,,,7,,,,,,,75.6,,,,,,,,,,,,106689,,,,,,,22.0,,,,,,,129,0.165,0.188,0.149,0.213,0.113,0.231,0.214,0.242,0.187,0.218,0.138,0.215,0.259,0.212,0.0608,0.206,9659,13646,7450,8957
2025-09-27 04:20:00,,,,,,,118,110449,,110439,,,,,,,7,,,,,,,79.3,,,,,,,,,,,,107049,,,,,,,18.6,,,,,,,118,0.134,0.221,0.373,0.227,0.285,0.219,0.222,0.224,0.260,0.217,0.241,0.214,0.366,0.222,0.143,0.184,9656,14655,7447,9618
2025-09-27 04:22:00,,,,,,,170,110809,,110799,,,,,,,6,,,,,,,75.1,,,,,,,,,,,,107409,,,,,,,19.3,,,,,,,170,0.232,0.211,0.258,0.200,0.0671,0.224,0.435,0.211,0.242,0.218,0.255,0.219,0.432,0.233,0.0602,0.214,11178,14657,8620,9620
2025-09-27 04:24:00,,,,,,,172,111169,,111159,,,,,,,8,,,,,,,80.8,,,,,,,,,,,,107769,,,,,,,18.4,,,,,,,172,0.171,0.227,0.319,0.205,0.0997,0.213,0.408,0.197,0.398,0.208,0.104,0.235,0.436,0.226,0.0642,0.217,10162,17184,7837,11278
2025-09-27 04:26:00,,,,,,,38.0,111529,,111519,,,,,,,1,,,,,,,76.9,,,,,,,,,,,,108116,,,,,,,35.6,,,,,,,38.0,0.0473,0.206,0.145,0.225,0.0797,0.202,0.124,0.239,0.108,0.206,0.0971,0.230,0.104,0.226,0.102,0.201,7627,14153,5883,9289
2025-09-27 04:28:00,,,,,,,139,111889,,111879,,,,,,,8,,,,,,,79.8,,,,,,,,,,,,108462,,,,,,,23.2,,,,,,,139,0.0700,0.208,0.445,0.237,0.0578,0.222,0.452,0.230,0.295,0.165,0.216,0.214,0.360,0.214,0.151,0.227,10677,14150,8235,9287
2025-09-27 04:30:00,,,,,,,58.0,112249,,112239,,,,,,,3,,,,,,,68.8,,,,,,,,,,,,108822,,,,,,,22.9,,,,,,,58.0,0.0407,0.217,0.356,0.213,0.303,0.224,0.0895,0.219,0.190,0.215,0.192,0.218,0.335,0.219,0.0514,0.209,7626,14152,5882,9288
2025-09-27 04:32:00,,,,,,,63.1,112609,,112599,,,,,,,2,,,,,,,77.8,,,,,,,,,,,,109181,,,,,,,23.4,,,,,,,63.1,0.200,0.221,0.225,0.177,0.146,0.211,0.289,0.239,0.332,0.222,0.103,0.223,0.310,0.225,0.112,0.209,11182,13645,8624,8956
2025-09-27 04:34:00,,,,,,,158,112969,,112959,,,,,,,5,,,,,,,78.4,,,,,,,,,,,,109513,,,,,,,35.5,,,,,,,158,0.240,0.221,0.0631,0.232,0.0880,0.208,0.215,0.203,0.147,0.222,0.136,0.225,0.129,0.226,0.174,0.200,5082,12635,3919,8292
2025-09-27 04:36:00,,,,,,,157,113329,,113319,,,,,,,7,,,,,,,78.9,,,,,,,,,,,,109873,,,,,,,18.6,,,,,,,157,0.0959,0.201,0.315,0.230,0.224,0.213,0.185,0.220,0.184,0.199,0.210,0.228,0.334,0.209,0.0622,0.216,9662,13141,7061,8624
2025-09-27 04:38:00,,,,,,,63.8,113689,,113679,,,,,,,2,,,,,,,78.9,,,,,,,,,,,,110213,,,,,,,21.7,,,,,,,63.8,0.0693,0.205,0.134,0.219,0.202,0.206,0.00576,0.228,0.190,0.230,0.0154,0.219,0.0861,0.217,0.127,0.199,6101,14150,4705,9286
2025-09-27 04:40:00,,,,,,,183,114049,,114039,,,,,,,11,,,,,,,79.2,,,,,,,,,,,,110561,,,,,,,22.8,,,,,,,183,0.145,0.169,0.362,0.219,0.217,0.232,0.288,0.221,0.308,0.227,0.197,0.234,0.379,0.208,0.120,0.218,12207,14657,9416,9619
2025-09-27 04:42:00,,,,,,,104,114409,,114399,,,,,,,3,,,,,,,72.6,,,,,,,,,,,,110913,,,,,,,23.4,,,,,,,104,0.00949,0.198,0.339,0.238,0.0261,0.236,0.326,0.236,0.0925,0.172,0.256,0.213,0.268,0.228,0.0498,0.203,10677,14656,8235,9619
2025-09-27 04:44:00,,,,,,,121,114769,,114759,,,,,,,5,,,,,,,85.1,,,,,,,,,,,,111213,,,,,,,32.2,,,,,,,121,0.0925,0.216,0.141,0.219,0.0164,0.203,0.216,0.211,0.0612,0.226,0.175,0.211,0.195,0.223,0.0214,0.213,6609,15163,4705,9951
2025-09-27 04:46:00,,,,,,,101,115129,,115119,,,,,,,4,,,,,,,81.0,,,,,,,,,,,,111539,,,,,,,19.4,,,,,,,101,0.0334,0.224,0.195,0.231,0.179,0.216,0.0410,0.213,0.0271,0.209,0.183,0.200,0.105,0.214,0.106,0.224,7118,14151,5489,9286
2025-09-27 04:48:00,,,,,,,63.2,115489,,115479,,,,,,,2,,,,,,,78.2,,,,,,,,,,,,111899,,,,,,,21.5,,,,,,,63.2,0.0131,0.208,0.315,0.208,0.0210,0.207,0.307,0.220,0.178,0.215,0.138,0.232,0.282,0.214,0.0344,0.223,7622,14656,5878,9618
2025-09-27 04:50:00,,,,,,,82.8,115849,,115839,,,,,,,3,,,,,,,75.8,,,,,,,,,,,,112244,,,,,,,18.7,,,,,,,82.8,0.121,0.202,0.103,0.202,0.0427,0.241,0.183,0.236,0.178,0.205,0.0249,0.218,0.106,0.220,0.116,0.199,6099,13646,4703,8956
2025-09-27 04:52:00,,,,,,,56.6,116209,,116199,,,,,,,2,,,,,,,78.9,,,,,,,,,,,,112571,,,,,,,24.5,,,,,,,56.6,0.00881,0.199,0.267,0.214,0.0749,0.220,0.194,0.221,0.160,0.226,0.0905,0.230,0.0851,0.221,0.188,0.191,7116,15163,5487,9951
2025-09-27 04:54:00,,,,,,,61.6,116569,,116559,,,,,,,2,,,,,,,76.1,,,,,,,,,,,,112915,,,,,,,23.5,,,,,,,61.6,0.167,0.220,0.0669,0.216,0.0839,0.213,0.150,0.228,0.130,0.220,0.0854,0.222,0.186,0.208,0.0483,0.196,8132,15668,6272,10282
2025-09-27 04:56:00,,,,,,,81.1,116929,,116919,,,,,,,3,,,,,,,82.7,,,,,,,,,,,,113272,,,,,,,18.7,,,,,,,81.1,0.199,0.227,0.167,0.232,0.0759,0.228,0.276,0.227,0.257,0.197,0.0983,0.230,0.232,0.191,0.134,0.186,8133,13140,6272,8623
2025-09-27 04:58:00,,,,,,,178,117289,,117279,,,,,,,8,,,,,,,79.4,,,,,,,,,,,,113632,,,,,,,18.3,,,,,,,178,0.223,0.209,0.276,0.244,0.0669,0.221,0.437,0.189,0.314,0.200,0.177,0.238,0.414,0.214,0.0827,0.210,10674,13647,8232,8956
2025-09-27 05:00:00,,,,,,,175,117649,,117639,,,,,,,8,,,,,,,77.7,,,,,,,,,,,,113992,,,,,,,20.8,,,,,,,175,0.175,0.186,0.341,0.235,0.0375,0.219,0.478,0.239,0.259,0.187,0.246,0.236,0.358,0.203,0.149,0.207,10674,15161,8232,9949
2025-09-27 05:02:00,,,,,,,145,118009,,117999,,,,,,,7,,,,,,,78.4,,,,,,,,,,,,114352,,,,,,,30.2,,,,,,,145,0.189,0.209,0.305,0.227,0.0358,0.225,0.468,0.225,0.271,0.195,0.224,0.207,0.469,0.214,0.0293,0.215,11690,14656,9015,9618
2025-09-27 05:04:00,,,,,,,126,118369,,118359,,,,,,,5,,,,,,,80.4,,,,,,,,,,,,114712,,,,,,,19.0,,,,,,,126,0.114,0.185,0.390,0.227,0.184,0.223,0.309,0.229,0.283,0.217,0.213,0.225,0.304,0.206,0.192,0.219,12704,12636,9796,8293
2025-09-27 05:06:00,,,,,,,79.9,118729,,118719,,,,,,,3,,,,,,,76.7,,,,,,,,,,,,115072,,,,,,,26.3,,,,,,,79.9,0.0666,0.210,0.267,0.229,0.159,0.220,0.153,0.221,0.0120,0.210,0.318,0.227,0.319,0.206,0.00644,0.203,7117,16174,5489,10614
2025-09-27 05:08:00,,,,,,,35.0,119089,,119079,,,,,,,1,,,,,,,77.8,,,,,,,,,,,,115421,,,,,,,32.9,,,,,,,35.0,0.00797,0.199,0.204,0.215,0.0805,0.219,0.121,0.212,0.0527,0.218,0.160,0.219,0.161,0.211,0.0278,0.223,7117,14152,5489,9287
2025-09-27 05:10:00,,,,,,,115,119449,,119439,,,,,,,5,,,,,,,79.4,,,,,,,,,,,,115769,,,,,,,31.4,,,,,,,115,0.0400,0.197,0.312,0.201,0.0129,0.211,0.338,0.239,0.00678,0.206,0.343,0.224,0.303,0.222,0.0314,0.235,13219,16680,10195,10946
2025-09-27 05:12:00,,,,,,,61.8,119809,,119799,,,,,,,2,,,,,,,77.6,,,,,,,,,,,,116117,,,,,,,22.4,,,,,,,61.8,0.0546,0.215,0.181,0.226,0.0395,0.208,0.204,0.203,0.211,0.224,0.0251,0.220,0.198,0.212,0.0315,0.199,6610,14152,5098,9287
2025-09-27 05:14:00,,,,,,,140,120169,,120159,,,,,,,5,,,,,,,76.2,,,,,,,,,,,,116476,,,,,,,21.7,,,,,,,140,0.117,0.203,0.289,0.226,0.0992,0.220,0.301,0.207,0.238,0.186,0.157,0.222,0.378,0.224,0.0173,0.228,10168,15666,7841,10280
2025-09-27 05:16:00,,,,,,,193,120529,,120519,,,,,,,5,,,,,,,77.0,,,,,,,,,,,,116833,,,,,,,18.9,,,,,,,193,0.0737,0.201,0.361,0.232,0.120,0.220,0.319,0.188,0.202,0.219,0.234,0.218,0.274,0.225,0.164,0.221,10165,15670,7839,10283
2025-09-27 05:18:00,,,,,,,86.6,120889,,120879,,,,,,,4,,,,,,,79.0,,,,,,,,,,,,117192,,,,,,,22.0,,,,,,,86.6,0.00915,0.198,0.287,0.242,0.0685,0.208,0.219,0.203,0.0466,0.196,0.240,0.233,0.164,0.219,0.114,0.223,7115,12131,5486,7960
2025-09-27 05:20:00,,,,,,,183,121249,,121239,,,,,,,9,,,,,,,79.0,,,,,,,,,,,,117552,,,,,,,21.7,,,,,,,183,0.00864,0.220,0.493,0.240,0.136,0.194,0.363,0.204,0.288,0.208,0.197,0.232,0.305,0.196,0.185,0.224,12200,14657,9408,9617
2025-09-27 05:22:00,,,,,,,71.7,121609,,121599,,,,,,,3,,,,,,,77.2,,,,,,,,,,,,117892,,,,,,,23.0,,,,,,,71.7,0.0615,0.181,0.147,0.226,0.0483,0.206,0.189,0.228,0.0175,0.206,0.213,0.232,0.190,0.223,0.0176,0.229,5083,15162,3919,9948
2025-09-27 05:24:00,,,,,,,63.2,121969,,121959,,,,,,,2,,,,,,,80.7,,,,,,,,,,,,118244,,,,,,,22.3,,,,,,,63.2,0.0597,0.224,0.152,0.185,0.0778,0.207,0.135,0.211,0.0525,0.229,0.172,0.213,0.121,0.237,0.101,0.224,7115,14656,5486,9616
2025-09-27 05:26:00,,,,,,,39.5,122329,,122319,,,,,,,1,,,,,,,78.0,,,,,,,,,,,,118567,,,,,,,37.1,,,,,,,39.5,0.0439,0.197,0.169,0.226,0.0900,0.209,0.129,0.206,0.0253,0.217,0.194,0.226,0.0129,0.215,0.214,0.228,7623,15162,5878,9948
2025-09-27 05:28:00,,,,,,,163,122689,,122679,,,,,,,7,,,,,,,77.9,,,,,,,,,,,,118919,,,,,,,18.5,,,,,,,163,0.0607,0.206,0.435,0.217,0.144,0.208,0.347,0.227,0.352,0.224,0.125,0.225,0.305,0.193,0.185,0.220,12204,15665,9412,10277
2025-09-27 05:30:00,,,,,,,158,123049,,123039,,,,,,,5,,,,,,,82.2,,,,,,,,,,,,119279,,,,,,,18.4,,,,,,,158,0.139,0.225,0.378,0.217,0.105,0.196,0.405,0.221,0.300,0.228,0.218,0.233,0.294,0.207,0.221,0.197,7116,16172,5488,10610
2025-09-27 05:32:00,,,,,,,129,123409,,123399,,,,,,,3,,,,,,,76.6,,,,,,,,,,,,119635,,,,,,,25.8,,,,,,,129,0.147,0.205,0.232,0.213,0.277,0.197,0.0858,0.230,0.212,0.203,0.163,0.222,0.295,0.222,0.0795,0.226,9147,16172,7053,10610
2025-09-27 05:34:00,,,,,,,37.6,123769,,123759,,,,,,,1,,,,,,,75.2,,,,,,,,,,,,119967,,,,,,,35.2,,,,,,,37.6,0.121,0.222,0.0385,0.229,0.0136,0.191,0.175,0.199,0.0747,0.187,0.108,0.233,0.0637,0.234,0.106,0.227,6098,13140,4702,8621
2025-09-27 05:36:00,,,,,,,62.5,124129,,124119,,,,,,,2,,,,,,,77.0,,,,,,,,,,,,120288,,,,,,,22.4,,,,,,,62.5,0.0825,0.202,0.123,0.214,0.0280,0.198,0.185,0.236,0.172,0.211,0.0322,0.228,0.184,0.212,0.00915,0.219,4066,14656,3135,9615
2025-09-27 05:38:00,,,,,,,59.1,124489,,124479,,,,,,,2,,,,,,,78.3,,,,,,,,,,,,120610,,,,,,,35.2,,,,,,,59.1,0.0186,0.218,0.158,0.233,0.0317,0.214,0.147,0.194,0.162,0.219,0.0122,0.222,0.142,0.199,0.0210,0.206,5590,14656,4310,9616
2025-09-27 05:40:00,,,,,,,63.5,124849,,124839,,,,,,,2,,,,,,,77.7,,,,,,,,,,,,120960,,,,,,,22.8,,,,,,,63.5,0.0236,0.193,0.164,0.239,0.0736,0.215,0.108,0.215,0.179,0.180,0.0107,0.223,0.111,0.229,0.0668,0.231,4574,15666,3526,10277
2025-09-27 05:42:00,,,,,,,61.0,125209,,125199,,,,,,,2,,,,,,,76.6,,,,,,,,,,,,121294,,,,,,,22.6,,,,,,,61.0,0.00678,0.178,0.190,0.204,0.00797,0.227,0.189,0.223,0.0720,0.222,0.0975,0.227,0.105,0.219,0.0892,0.215,7114,15670,5486,10281
2025-09-27 05:44:00,,,,,,,81.7,125569,,125559,,,,,,,3,,,,,,,77.2,,,,,,,,,,,,121640,,,,,,,19.3,,,,,,,81.7,0.0237,0.188,0.233,0.205,0.0119,0.222,0.242,0.225,0.0914,0.224,0.145,0.245,0.00898,0.218,0.249,0.205,7625,16679,5880,10943
2025-09-27 05:46:00,,,,,,,152,125929,,125919,,,,,,,8,,,,,,,80.4,,,,,,,,,,,,121979,,,,,,,21.0,,,,,,,152,0.0417,0.211,0.320,0.238,0.152,0.220,0.197,0.231,0.0500,0.204,0.308,0.183,0.311,0.211,0.0176,0.214,12707,11626,9799,7628
2025-09-27 05:48:00,,,,,,,63.2,126289,,126279,,,,,,,2,,,,,,,81.6,,,,,,,,,,,,122340,,,,,,,22.8,,,,,,,63.2,0.0756,0.220,0.297,0.230,0.171,0.207,0.200,0.234,0.305,0.199,0.0500,0.207,0.293,0.225,0.0753,0.202,10164,13141,7837,8621
2025-09-27 05:50:00,,,,,,,159,126649,,126639,,,,,,,8,,,,,,,79.4,,,,,,,,,,,,122696,,,,,,,19.2,,,,,,,159,0.253,0.200,0.157,0.243,0.0590,0.227,0.361,0.226,0.312,0.205,0.102,0.191,0.345,0.219,0.0663,0.208,11184,16173,8624,10610
2025-09-27 05:52:00,,,,,,,185,127009,,126999,,,,,,,8,,,,,,,77.5,,,,,,,,,,,,123056,,,,,,,24.9,,,,,,,185,0.0575,0.197,0.476,0.205,0.115,0.220,0.413,0.226,0.270,0.229,0.232,0.232,0.349,0.224,0.169,0.188,15245,16679,11754,10942
2025-09-27 05:54:00,,,,,,,121,127369,,127359,,,,,,,6,,,,,,,77.6,,,,,,,,,,,,123416,,,,,,,30.6,,,,,,,121,0.287,0.212,0.221,0.219,0.201,0.195,0.312,0.208,0.334,0.211,0.160,0.237,0.425,0.223,0.0831,0.221,15248,14657,11757,9615
2025-09-27 05:56:00,,,,,,,180,127729,,127719,,,,,,,10,,,,,,,80.8,,,,,,,,,,,,123776,,,,,,,19.2,,,,,,,180,0.149,0.200,0.378,0.227,0.207,0.198,0.318,0.221,0.190,0.211,0.318,0.220,0.385,0.235,0.132,0.208,13719,16172,10578,10609
2025-09-27 05:58:00,,,,,,,37.6,128089,,128079,,,,,,,1,,,,,,,75.5,,,,,,,,,,,,124103,,,,,,,35.7,,,,,,,37.6,0.0976,0.206,0.111,0.221,0.0722,0.229,0.124,0.238,0.0580,0.210,0.151,0.207,0.173,0.213,0.0258,0.194,9146,14151,7051,9283
2025-09-27 06:00:00,,,,,,,123,128449,,128439,,,,,,,11,,,,,,,78.4,,,,,,,,,,,,124419,,,,,,,34.0,,,,,,,123,0.0981,0.197,0.194,0.231,0.0851,0.208,0.203,0.229,0.212,0.216,0.0773,0.224,0.192,0.215,0.0820,0.207,11689,16174,9012,10611
2025-09-27 06:02:00,,,,,,,173,128809,,128799,,,,,,,9,,,,,,,79.8,,,,,,,,,,,,124776,,,,,,,19.1,,,,,,,173,0.0683,0.218,0.275,0.222,0.214,0.225,0.131,0.222,0.251,0.219,0.0839,0.194,0.258,0.226,0.0861,0.187,10677,16174,8233,10610
2025-09-27 06:04:00,,,,,,,106,129169,,129159,,,,,,,5,,,,,,,76.3,,,,,,,,,,,,125136,,,,,,,25.8,,,,,,,106,0.150,0.210,0.359,0.231,0.191,0.220,0.325,0.195,0.162,0.203,0.344,0.226,0.357,0.221,0.142,0.201,14233,13645,10975,8951
2025-09-27 06:06:00,,,,,,,219,129529,,129519,,,,,,,7,,,,,,,81.1,,,,,,,,,,,,125496,,,,,,,22.1,,,,,,,219,0.394,0.217,0.0983,0.240,0.218,0.215,0.255,0.219,0.107,0.219,0.389,0.197,0.297,0.185,0.195,0.215,11180,15162,8619,9947
2025-09-27 06:08:00,,,,,,,170,129889,,129879,,,,,,,7,,,,,,,81.1,,,,,,,,,,,,125856,,,,,,,18.6,,,,,,,170,0.337,0.219,0.173,0.206,0.268,0.220,0.237,0.229,0.191,0.210,0.321,0.199,0.472,0.220,0.0231,0.208,14230,13646,10971,8952
2025-09-27 06:10:00,,,,,,,182,130249,,130239,,,,,,,7,,,,,,,78.1,,,,,,,,,,,,126216,,,,,,,22.5,,,,,,,182,0.234,0.203,0.266,0.208,0.156,0.223,0.362,0.228,0.169,0.227,0.352,0.235,0.354,0.227,0.164,0.179,12702,15164,9793,9947
2025-09-27 06:12:00,,,,,,,115,130609,,130599,,,,,,,3,,,,,,,78.3,,,,,,,,,,,,126576,,,,,,,23.2,,,,,,,115,0.275,0.223,0.198,0.224,0.221,0.206,0.277,0.222,0.218,0.197,0.254,0.211,0.355,0.217,0.128,0.215,13718,15671,10575,10281
2025-09-27 06:14:00,,,,,,,122,130969,,130959,,,,,,,6,,,,,,,76.3,,,,,,,,,,,,126933,,,,,,,22.8,,,,,,,122,0.235,0.209,0.279,0.221,0.360,0.180,0.159,0.229,0.488,0.212,0.0225,0.211,0.333,0.226,0.184,0.221,10672,15162,8227,9946
2025-09-27 06:16:00,,,,,,,188,131329,,131319,,,,,,,5,,,,,,,76.6,,,,,,,,,,,,127293,,,,,,,18.8,,,,,,,188,0.0976,0.229,0.434,0.233,0.406,0.217,0.100,0.188,0.159,0.198,0.370,0.223,0.447,0.226,0.0822,0.208,12703,14150,9793,9281
2025-09-27 06:18:00,,,,,,,82.9,131689,,131679,,,,,,,4,,,,,,,77.8,,,,,,,,,,,,127653,,,,,,,32.4,,,,,,,82.9,0.0442,0.208,0.391,0.225,0.312,0.225,0.107,0.230,0.181,0.183,0.249,0.214,0.276,0.217,0.159,0.218,15759,13646,11758,8952
2025-09-27 06:20:00,,,,,,,83.9,132049,,132039,,,,,,,3,,,,,,,77.4,,,,,,,,,,,,127990,,,,,,,19.5,,,,,,,83.9,0.154,0.204,0.0995,0.219,0.154,0.209,0.103,0.235,0.0703,0.201,0.168,0.222,0.105,0.214,0.151,0.221,9655,15668,7443,10278
2025-09-27 06:22:00,,,,,,,35.5,132409,,132399,,,,,,,1,,,,,,,75.2,,,,,,,,,,,,128332,,,,,,,33.2,,,,,,,35.5,0.00712,0.213,0.217,0.210,0.0888,0.227,0.114,0.233,0.0607,0.201,0.163,0.224,0.00525,0.222,0.217,0.198,11689,14152,9012,9284
2025-09-27 06:24:00,,,,,,,124,132769,,132759,,,,,,,5,,,,,,,80.9,,,,,,,,,,,,128690,,,,,,,18.6,,,,,,,124,0.0690,0.207,0.308,0.235,0.132,0.205,0.247,0.207,0.302,0.222,0.0656,0.219,0.250,0.219,0.114,0.204,12706,15668,9796,10277
2025-09-27 06:26:00,,,,,,,151,133129,,133119,,,,,,,7,,,,,,,78.1,,,,,,,,,,,,129050,,,,,,,24.8,,,,,,,151,0.0198,0.225,0.427,0.225,0.144,0.199,0.300,0.212,0.260,0.210,0.162,0.234,0.251,0.212,0.190,0.208,15763,14657,12154,9615
2025-09-27 06:28:00,,,,,,,36.2,133489,,133479,,,,,,,1,,,,,,,80.5,,,,,,,,,,,,129406,,,,,,,33.9,,,,,,,36.2,0.0575,0.225,0.168,0.237,0.0753,0.192,0.125,0.169,0.176,0.230,0.0425,0.220,0.150,0.211,0.0590,0.238,8641,15669,6662,10278
2025-09-27 06:30:00,,,,,,,63.5,133849,,133839,,,,,,,2,,,,,,,76.8,,,,,,,,,,,,129736,,,,,,,25.5,,,,,,,63.5,0.0229,0.190,0.167,0.241,0.151,0.207,0.0164,0.208,0.0241,0.215,0.153,0.229,0.0453,0.224,0.143,0.215,10170,13141,7841,8620
2025-09-27 06:32:00,,,,,,,177,134209,,134199,,,,,,,7,,,,,,,78.6,,,,,,,,,,,,130084,,,,,,,21.6,,,,,,,177,0.0380,0.218,0.354,0.219,0.151,0.204,0.241,0.237,0.343,0.197,0.0347,0.236,0.271,0.193,0.113,0.226,13217,15668,10190,10277
2025-09-27 06:34:00,,,,,,,160,134569,,134559,,,,,,,7,,,,,,,79.6,,,,,,,,,,,,130444,,,,,,,18.1,,,,,,,160,0.139,0.190,0.370,0.233,0.194,0.224,0.313,0.226,0.220,0.214,0.284,0.228,0.242,0.219,0.270,0.182,9659,14657,7447,9614
2025-09-27 06:36:00,,,,,,,144,134929,,134919,,,,,,,7,,,,,,,80.5,,,,,,,,,,,,130804,,,,,,,26.4,,,,,,,144,0.191,0.217,0.317,0.209,0.238,0.221,0.266,0.220,0.444,0.205,0.0717,0.224,0.439,0.210,0.0658,0.217,13724,15669,10581,10278
2025-09-27 06:38:00,,,,,,,140,135289,,135279,,,,,,,10,,,,,,,78.2,,,,,,,,,,,,131164,,,,,,,18.2,,,,,,,140,0.00864,0.219,0.436,0.231,0.226,0.211,0.201,0.211,0.110,0.188,0.336,0.226,0.386,0.218,0.0505,0.209,11692,13647,9013,8952
2025-09-27 06:40:00,,,,,,,121,135649,,135639,,,,,,,6,,,,,,,78.7,,,,,,,,,,,,131523,,,,,,,33.8,,,,,,,121,0.214,0.199,0.0869,0.225,0.229,0.210,0.0741,0.219,0.253,0.215,0.0385,0.220,0.139,0.212,0.165,0.222,10674,15163,8228,9946
2025-09-27 06:42:00,,,,,,,138,136009,,135999,,,,,,,4,,,,,,,75.6,,,,,,,,,,,,131883,,,,,,,18.4,,,,,,,138,0.241,0.218,0.285,0.237,0.239,0.210,0.283,0.205,0.375,0.212,0.126,0.225,0.375,0.202,0.147,0.216,13722,14152,10578,9283
2025-09-27 06:44:00,,,,,,,65.2,136369,,136359,,,,,,,2,,,,,,,77.6,,,,,,,,,,,,132241,,,,,,,23.1,,,,,,,65.2,0.0441,0.208,0.294,0.215,0.145,0.210,0.193,0.189,0.287,0.230,0.0583,0.234,0.259,0.226,0.0917,0.211,11688,16680,9010,10941
2025-09-27 06:46:00,,,,,,,123,136729,,136719,,,,,,,5,,,,,,,80.2,,,,,,,,,,,,132589,,,,,,,20.4,,,,,,,123,0.166,0.219,0.0961,0.238,0.140,0.214,0.110,0.236,0.108,0.197,0.143,0.185,0.139,0.225,0.118,0.212,9148,15163,7052,9946
2025-09-27 06:48:00,,,,,,,146,137089,,137079,,,,,,,6,,,,,,,78.0,,,,,,,,,,,,132949,,,,,,,19.7,,,,,,,146,0.148,0.203,0.359,0.223,0.393,0.202,0.0988,0.235,0.348,0.191,0.143,0.242,0.435,0.205,0.0539,0.216,12197,16174,9402,10609
2025-09-27 06:50:00,,,,,,,35.3,137449,,137439,,,,,,,1,,,,,,,75.1,,,,,,,,,,,,133291,,,,,,,33.1,,,,,,,35.3,0.0508,0.203,0.148,0.218,0.132,0.215,0.0688,0.221,0.114,0.202,0.0751,0.214,0.121,0.218,0.0800,0.226,12701,14152,9789,9282
2025-09-27 06:52:00,,,,,,,37.1,137809,,137799,,,,,,,1,,,,,,,75.0,,,,,,,,,,,,133635,,,,,,,34.9,,,,,,,37.1,0.00966,0.197,0.210,0.221,0.0839,0.212,0.123,0.202,0.105,0.236,0.111,0.228,0.132,0.220,0.0695,0.222,9652,16678,6656,10939
2025-09-27 06:54:00,,,,,,,34.5,138169,,138159,,,,,,,1,,,,,,,78.1,,,,,,,,,,,,133987,,,,,,,32.1,,,,,,,34.5,0.170,0.208,0.127,0.239,0.0569,0.212,0.252,0.209,0.246,0.208,0.0583,0.223,0.238,0.222,0.0546,0.202,7621,15162,5874,9944
2025-09-27 06:56:00,,,,,,,34.9,138529,,138519,,,,,,,2,,,,,,,81.5,,,,,,,,,,,,134328,,,,,,,32.8,,,,,,,34.9,0.0876,0.230,0.106,0.214,0.141,0.189,0.0447,0.210,0.123,0.235,0.0675,0.225,0.00712,0.212,0.191,0.210,8131,15163,6267,9946
2025-09-27 06:58:00,,,,,,,43.0,138889,,138879,,,,,,,1,,,,,,,78.7,,,,,,,,,,,,134633,,,,,,,40.9,,,,,,,43.0,0.131,0.217,0.0380,0.214,0.0280,0.213,0.143,0.224,0.00831,0.189,0.170,0.221,0.0636,0.221,0.112,0.223,6099,16172,4702,10607
2025-09-27 07:00:00,,,,,,,107,139249,,139239,,,,,,,3,,,,,,,79.1,,,,,,,,,,,,134987,,,,,,,23.5,,,,,,,107,0.208,0.204,0.115,0.216,0.215,0.215,0.0978,0.225,0.220,0.211,0.0997,0.210,0.232,0.216,0.0866,0.213,9656,13646,7443,8950
2025-09-27 07:02:00,,,,,,,99.9,139609,,139599,,,,,,,4,,,,,,,77.3,,,,,,,,,,,,135346,,,,,,,18.8,,,,,,,99.9,0.206,0.211,0.223,0.228,0.221,0.209,0.197,0.211,0.321,0.213,0.103,0.227,0.182,0.205,0.235,0.204,10166,14658,7837,9946
2025-09-27 07:04:00,,,,,,,198,139969,,139959,,,,,,,7,,,,,,,76.8,,,,,,,,,,,,135706,,,,,,,31.3,,,,,,,198,0.103,0.211,0.427,0.224,0.350,0.203,0.166,0.205,0.392,0.234,0.130,0.211,0.238,0.224,0.299,0.212,11691,15162,9012,9944
2025-09-27 07:06:00,,,,,,,87.6,140329,,140319,,,,,,,4,,,,,,,79.5,,,,,,,,,,,,136067,,,,,,,20.2,,,,,,,87.6,0.132,0.188,0.307,0.216,0.1000,0.188,0.341,0.222,0.180,0.222,0.240,0.232,0.301,0.222,0.126,0.224,10165,14151,7835,9281
2025-09-27 07:08:00,,,,,,,111,140689,,140679,,,,,,,6,,,,,,,78.4,,,,,,,,,,,,136421,,,,,,,19.4,,,,,,,111,0.321,0.201,0.173,0.230,0.340,0.224,0.158,0.227,0.219,0.205,0.281,0.217,0.362,0.227,0.126,0.194,15765,16679,12154,10939
2025-09-27 07:10:00,,,,,,,118,141049,,141039,,,,,,,7,,,,,,,79.0,,,,,,,,,,,,136781,,,,,,,23.1,,,,,,,118,0.297,0.190,0.171,0.225,0.312,0.217,0.149,0.215,0.274,0.220,0.187,0.226,0.427,0.207,0.0408,0.222,10167,14151,7838,9281
2025-09-27 07:12:00,,,,,,,37.8,141409,,141399,,,,,,,0,,,,,,,72.3,,,,,,,,,,,,137137,,,,,,,35.7,,,,,,,37.8,0.0344,0.188,0.196,0.226,0.173,0.177,0.0371,0.216,0.0773,0.233,0.151,0.240,0.207,0.231,0.00644,0.201,9151,15668,7054,10276
2025-09-27 07:14:00,,,,,,,172,141769,,141759,,,,,,,8,,,,,,,81.5,,,,,,,,,,,,137482,,,,,,,19.3,,,,,,,172,0.193,0.197,0.210,0.218,0.276,0.217,0.130,0.231,0.203,0.213,0.186,0.222,0.179,0.207,0.224,0.203,12706,16680,9794,10939
2025-09-27 07:16:00,,,,,,,89.9,142129,,142119,,,,,,,8,,,,,,,85.9,,,,,,,,,,,,137842,,,,,,,24.1,,,,,,,89.9,0.186,0.201,0.165,0.222,0.0932,0.214,0.260,0.192,0.178,0.188,0.184,0.224,0.201,0.229,0.162,0.232,13722,14656,10576,9612
2025-09-27 07:18:00,,,,,,,61.9,142489,,142479,,,,,,,2,,,,,,,80.2,,,,,,,,,,,,138195,,,,,,,22.5,,,,,,,61.9,0.0995,0.212,0.143,0.240,0.211,0.221,0.0266,0.225,0.0890,0.182,0.152,0.221,0.218,0.202,0.0232,0.206,12198,14657,9401,9613
2025-09-27 07:20:00,,,,,,,128,142849,,142839,,,,,,,6,,,,,,,80.2,,,,,,,,,,,,138549,,,,,,,22.9,,,,,,,128,0.143,0.206,0.370,0.211,0.155,0.210,0.356,0.237,0.338,0.213,0.145,0.233,0.403,0.214,0.102,0.194,14741,16171,11362,10605
2025-09-27 07:22:00,,,,,,,60.6,143209,,143199,,,,,,,6,,,,,,,82.1,,,,,,,,,,,,138874,,,,,,,22.4,,,,,,,60.6,0.113,0.209,0.109,0.218,0.126,0.227,0.0937,0.226,0.0780,0.209,0.133,0.239,0.160,0.198,0.0580,0.207,12198,13645,9401,8948
2025-09-27 07:24:00,,,,,,,62.4,143569,,143559,,,,,,,2,,,,,,,80.4,,,,,,,,,,,,139229,,,,,,,21.2,,,,,,,62.4,0.144,0.214,0.162,0.213,0.211,0.221,0.101,0.216,0.175,0.212,0.136,0.222,0.293,0.210,0.0147,0.212,10673,17183,8226,11269
2025-09-27 07:26:00,,,,,,,143,143929,,143919,,,,,,,10,,,,,,,81.0,,,,,,,,,,,,139579,,,,,,,18.3,,,,,,,143,0.0229,0.196,0.369,0.234,0.182,0.218,0.195,0.233,0.133,0.179,0.261,0.202,0.241,0.225,0.144,0.234,13215,16678,9794,10937
2025-09-27 07:28:00,,,,,,,122,144289,,144279,,,,,,,8,,,,,,,79.3,,,,,,,,,,,,139939,,,,,,,17.8,,,,,,,122,0.432,0.216,0.0547,0.199,0.0197,0.202,0.485,0.218,0.0912,0.232,0.403,0.204,0.328,0.228,0.175,0.220,12707,14152,9794,9281
2025-09-27 07:30:00,,,,,,,99.6,144649,,144639,,,,,,,4,,,,,,,75.2,,,,,,,,,,,,140299,,,,,,,32.8,,,,,,,99.6,0.0725,0.210,0.368,0.239,0.184,0.219,0.230,0.209,0.101,0.207,0.343,0.224,0.404,0.211,0.0308,0.198,13721,16678,10575,10938
2025-09-27 07:32:00,,,,,,,110,145009,,144999,,,,,,,6,,,,,,,82.2,,,,,,,,,,,,140659,,,,,,,21.7,,,,,,,110,0.0319,0.206,0.490,0.217,0.313,0.210,0.198,0.223,0.326,0.216,0.188,0.219,0.308,0.211,0.211,0.224,12707,14657,9794,9612
2025-09-27 07:34:00,,,,,,,34.9,145369,,145359,,,,,,,1,,,,,,,79.3,,,,,,,,,,,,141017,,,,,,,32.6,,,,,,,34.9,0.201,0.183,0.103,0.241,0.0844,0.207,0.223,0.194,0.204,0.236,0.109,0.236,0.151,0.209,0.160,0.216,9657,15162,7443,9943
2025-09-27 07:36:00,,,,,,,37.0,145729,,145719,,,,,,,1,,,,,,,76.9,,,,,,,,,,,,141349,,,,,,,34.6,,,,,,,37.0,0.0812,0.228,0.147,0.228,0.0658,0.215,0.167,0.218,0.0890,0.201,0.145,0.207,0.203,0.208,0.0188,0.206,8641,13647,6660,8950
2025-09-27 07:38:00,,,,,,,121,146089,,146079,,,,,,,4,,,,,,,76.0,,,,,,,,,,,,141692,,,,,,,20.7,,,,,,,121,0.238,0.220,0.0949,0.240,0.217,0.212,0.115,0.237,0.0832,0.204,0.238,0.201,0.302,0.209,0.0263,0.190,9656,13646,7442,8949
2025-09-27 07:40:00,,,,,,,125,146449,,146439,,,,,,,6,,,,,,,78.8,,,,,,,,,,,,142052,,,,,,,19.5,,,,,,,125,0.0931,0.198,0.362,0.236,0.282,0.214,0.160,0.230,0.217,0.215,0.240,0.221,0.299,0.209,0.155,0.203,11180,14656,8616,9280
2025-09-27 07:42:00,,,,,,,37.3,146809,,146799,,,,,,,1,,,,,,,72.5,,,,,,,,,,,,142381,,,,,,,35.0,,,,,,,37.3,0.113,0.218,0.108,0.184,0.0395,0.231,0.176,0.237,0.123,0.194,0.0937,0.222,0.193,0.225,0.0120,0.228,11182,12635,8617,8289
2025-09-27 07:44:00,,,,,,,86.1,147169,,147159,,,,,,,3,,,,,,,77.3,,,,,,,,,,,,142714,,,,,,,24.6,,,,,,,86.1,0.0156,0.204,0.226,0.205,0.00814,0.222,0.233,0.225,0.0936,0.202,0.130,0.219,0.156,0.214,0.0747,0.220,8638,15667,6656,10278
2025-09-27 07:46:00,,,,,,,99.1,147529,,147519,,,,,,,2,,,,,,,60.5,,,,,,,,,,,,143045,,,,,,,35.5,,,,,,,99.1,0.00746,0.212,0.225,0.241,0.0831,0.218,0.148,0.223,0.0829,0.222,0.133,0.214,0.207,0.188,0.0158,0.193,10161,15670,7830,10280
2025-09-27 07:48:00,,,,,,,159,147889,,147879,,,,,,,6,,,,,,,82.3,,,,,,,,,,,,143400,,,,,,,30.5,,,,,,,159,0.186,0.192,0.342,0.222,0.291,0.226,0.217,0.232,0.189,0.205,0.331,0.214,0.386,0.220,0.132,0.209,14227,15162,10963,9946
2025-09-27 07:50:00,,,,,,,143,148249,,148239,,,,,,,6,,,,,,,78.4,,,,,,,,,,,,143754,,,,,,,19.8,,,,,,,143,0.195,0.191,0.211,0.206,0.347,0.223,0.0615,0.235,0.0376,0.218,0.372,0.205,0.397,0.228,0.0178,0.208,11179,15162,8614,9946
2025-09-27 07:52:00,,,,,,,141,148609,,148599,,,,,,,5,,,,,,,78.0,,,,,,,,,,,,144102,,,,,,,33.7,,,,,,,141,0.0907,0.216,0.369,0.213,0.0897,0.224,0.394,0.221,0.162,0.196,0.316,0.235,0.250,0.207,0.232,0.216,9656,15666,7441,10277
2025-09-27 07:54:00,,,,,,,103,148969,,148959,,,,,,,6,,,,,,,78.4,,,,,,,,,,,,144461,,,,,,,18.4,,,,,,,103,0.0424,0.207,0.304,0.210,0.261,0.225,0.0697,0.206,0.282,0.217,0.0529,0.224,0.143,0.196,0.205,0.237,12196,16173,9397,10610
2025-09-27 07:56:00,,,,,,,144,149329,,149319,,,,,,,5,,,,,,,77.4,,,,,,,,,,,,144817,,,,,,,18.8,,,,,,,144,0.284,0.199,0.223,0.210,0.431,0.225,0.0764,0.207,0.335,0.204,0.169,0.237,0.428,0.227,0.0822,0.210,11179,14656,8613,9614
2025-09-27 07:58:00,,,,,,,180,149689,,149679,,,,,,,8,,,,,,,81.4,,,,,,,,,,,,145177,,,,,,,21.7,,,,,,,180,0.111,0.219,0.380,0.231,0.179,0.224,0.303,0.222,0.280,0.204,0.188,0.225,0.419,0.195,0.0656,0.202,12193,16678,9394,10941
2025-09-27 08:00:00,,,,,,,180,150049,,150039,,,,,,,7,,,,,,,78.6,,,,,,,,,,,,145537,,,,,,,34.4,,,,,,,180,0.101,0.207,0.396,0.223,0.292,0.213,0.198,0.232,0.333,0.222,0.136,0.217,0.340,0.216,0.148,0.188,13720,15162,10571,9946
2025-09-27 08:02:00,,,,,,,61.7,150409,,150399,,,,,,,2,,,,,,,77.4,,,,,,,,,,,,145897,,,,,,,23.3,,,,,,,61.7,0.0515,0.209,0.375,0.233,0.245,0.221,0.156,0.216,0.0625,0.205,0.366,0.207,0.371,0.203,0.0549,0.222,16769,14152,12921,9284
2025-09-27 08:04:00,,,,,,,91.3,150769,,150759,,,,,,,4,,,,,,,83.1,,,,,,,,,,,,146188,,,,,,,18.9,,,,,,,91.3,0.0407,0.218,0.143,0.194,0.0510,0.211,0.119,0.234,0.00695,0.216,0.177,0.219,0.0554,0.231,0.126,0.192,9654,13647,7438,8952
2025-09-27 08:06:00,,,,,,,171,151129,,151119,,,,,,,7,,,,,,,79.8,,,,,,,,,,,,146545,,,,,,,22.3,,,,,,,171,0.215,0.223,0.196,0.205,0.0761,0.213,0.341,0.235,0.236,0.191,0.169,0.218,0.247,0.218,0.172,0.209,13211,14152,10179,9284
2025-09-27 08:08:00,,,,,,,209,151489,,151479,,,,,,,9,,,,,,,79.8,,,,,,,,,,,,146905,,,,,,,18.4,,,,,,,209,0.131,0.210,0.399,0.239,0.213,0.218,0.313,0.223,0.298,0.220,0.234,0.212,0.388,0.191,0.148,0.196,15753,14657,11746,9615
2025-09-27 08:10:00,,,,,,,37.4,151849,,151839,,,,,,,1,,,,,,,79.8,,,,,,,,,,,,147261,,,,,,,35.2,,,,,,,37.4,0.00678,0.198,0.185,0.212,0.0654,0.220,0.117,0.225,0.109,0.227,0.0712,0.216,0.134,0.226,0.0488,0.206,8130,14658,6264,9616
2025-09-27 08:12:00,,,,,,,76.2,152209,,152199,,,,,,,2,,,,,,,79.1,,,,,,,,,,,,147617,,,,,,,30.9,,,,,,,76.2,0.0754,0.212,0.181,0.236,0.168,0.194,0.0859,0.237,0.128,0.206,0.106,0.235,0.0875,0.208,0.167,0.182,12196,15162,9396,9946
2025-09-27 08:14:00,,,,,,,36.7,152569,,152559,,,,,,,1,,,,,,,77.0,,,,,,,,,,,,147972,,,,,,,34.6,,,,,,,36.7,0.0778,0.178,0.207,0.228,0.104,0.216,0.168,0.221,0.255,0.232,0.0297,0.229,0.148,0.207,0.129,0.209,7624,13646,5874,8951
2025-09-27 08:16:00,,,,,,,134,152929,,152919,,,,,,,6,,,,,,,78.4,,,,,,,,,,,,148323,,,,,,,32.0,,,,,,,134,0.148,0.211,0.348,0.228,0.108,0.227,0.394,0.234,0.303,0.215,0.185,0.224,0.195,0.186,0.298,0.190,11181,13140,8615,8619
2025-09-27 08:18:00,,,,,,,82.4,153289,,153279,,,,,,,3,,,,,,,78.3,,,,,,,,,,,,148683,,,,,,,33.9,,,,,,,82.4,0.197,0.201,0.190,0.216,0.156,0.217,0.240,0.221,0.279,0.208,0.113,0.223,0.302,0.212,0.0856,0.216,11181,15667,8614,10276
2025-09-27 08:20:00,,,,,,,188,153649,,153639,,,,,,,7,,,,,,,78.2,,,,,,,,,,,,149043,,,,,,,19.1,,,,,,,188,0.214,0.199,0.239,0.204,0.115,0.215,0.353,0.192,0.233,0.227,0.219,0.243,0.289,0.216,0.173,0.216,13725,13644,10967,8949
2025-09-27 08:22:00,,,,,,,168,154009,,153999,,,,,,,8,,,,,,,77.4,,,,,,,,,,,,149401,,,,,,,17.2,,,,,,,168,0.157,0.214,0.363,0.228,0.0886,0.220,0.438,0.219,0.202,0.183,0.314,0.196,0.375,0.220,0.144,0.234,13724,14150,10574,9281
2025-09-27 08:24:00,,,,,,,86.3,154369,,154359,,,,,,,3,,,,,,,77.6,,,,,,,,,,,,149762,,,,,,,20.3,,,,,,,86.3,0.133,0.205,0.274,0.225,0.0827,0.217,0.323,0.211,0.220,0.214,0.167,0.229,0.291,0.215,0.117,0.203,13213,16173,10180,10609
2025-09-27 08:26:00,,,,,,,99.6,154729,,154719,,,,,,,5,,,,,,,77.7,,,,,,,,,,,,150111,,,,,,,35.3,,,,,,,99.6,0.183,0.218,0.154,0.222,0.179,0.215,0.154,0.207,0.219,0.209,0.124,0.232,0.252,0.207,0.0842,0.212,9145,12130,7045,7956
2025-09-27 08:28:00,,,,,,,95.3,155089,,155079,,,,,,,7,,,,,,,80.0,,,,,,,,,,,,150469,,,,,,,32.3,,,,,,,95.3,0.153,0.210,0.218,0.230,0.00983,0.214,0.375,0.219,0.249,0.218,0.125,0.200,0.129,0.218,0.249,0.212,6606,15669,5089,10278
2025-09-27 08:30:00,,,,,,,163,155449,,155439,,,,,,,7,,,,,,,78.8,,,,,,,,,,,,150829,,,,,,,24.4,,,,,,,163,0.156,0.204,0.360,0.231,0.317,0.217,0.196,0.205,0.389,0.200,0.108,0.212,0.465,0.220,0.0512,0.231,11183,14153,8616,9283
2025-09-27 08:32:00,,,,,,,125,155809,,155799,,,,,,,5,,,,,,,74.1,,,,,,,,,,,,151188,,,,,,,18.3,,,,,,,125,0.0729,0.191,0.334,0.224,0.0475,0.203,0.359,0.221,0.239,0.227,0.144,0.216,0.341,0.225,0.0580,0.215,10165,14657,7831,9666
2025-09-27 08:34:00,,,,,,,240,156169,,156159,,,,,,,8,,,,,,,79.5,,,,,,,,,,,,151548,,,,,,,18.7,,,,,,,240,0.140,0.217,0.386,0.232,0.234,0.214,0.283,0.186,0.271,0.211,0.235,0.229,0.228,0.221,0.296,0.216,15247,16172,11746,10664
2025-09-27 08:36:00,,,,,,,133,156529,,156519,,,,,,,5,,,,,,,84.0,,,,,,,,,,,,151908,,,,,,,33.4,,,,,,,133,0.0536,0.225,0.281,0.226,0.284,0.217,0.0380,0.218,0.133,0.212,0.185,0.226,0.254,0.199,0.0685,0.194,9655,13646,7438,8998
2025-09-27 08:38:00,,,,,,,178,156889,,156879,,,,,,,9,,,,,,,78.0,,,,,,,,,,,,152267,,,,,,,17.7,,,,,,,178,0.0439,0.228,0.484,0.225,0.124,0.205,0.398,0.221,0.271,0.223,0.239,0.221,0.388,0.223,0.137,0.178,10163,14657,7829,9664
2025-09-27 08:40:00,,,,,,,120,157249,,157239,,,,,,,5,,,,,,,76.4,,,,,,,,,,,,152608,,,,,,,17.4,,,,,,,120,0.134,0.204,0.111,0.193,0.0100,0.193,0.253,0.234,0.128,0.208,0.129,0.244,0.190,0.231,0.0658,0.223,10673,15162,8222,9998
2025-09-27 08:42:00,,,,,,,62.1,157609,,157599,,,,,,,2,,,,,,,77.8,,,,,,,,,,,,152920,,,,,,,23.5,,,,,,,62.1,0.0656,0.205,0.112,0.236,0.0336,0.215,0.145,0.210,0.0983,0.214,0.0742,0.236,0.167,0.220,0.0151,0.193,7623,12635,5873,8331
2025-09-27 08:44:00,,,,,,,121,157969,,157959,,,,,,,5,,,,,,,73.3,,,,,,,,,,,,153263,,,,,,,29.2,,,,,,,121,0.0969,0.220,0.168,0.215,0.231,0.227,0.0139,0.183,0.189,0.226,0.0675,0.211,0.198,0.217,0.0424,0.225,12705,13139,9787,8663
2025-09-27 08:46:00,,,,,,,61.9,158329,,158319,,,,,,,2,,,,,,,80.0,,,,,,,,,,,,153621,,,,,,,22.6,,,,,,,61.9,0.0895,0.231,0.289,0.206,0.131,0.223,0.250,0.234,0.325,0.213,0.0427,0.237,0.232,0.162,0.148,0.212,10674,16171,8222,10662
2025-09-27 08:48:00,,,,,,,36.4,158689,,158679,,,,,,,1,,,,,,,80.7,,,,,,,,,,,,153969,,,,,,,34.0,,,,,,,36.4,0.0390,0.198,0.178,0.217,0.0846,0.222,0.130,0.232,0.0961,0.213,0.114,0.222,0.154,0.209,0.0459,0.199,9656,13646,7438,8997
2025-09-27 08:50:00,,,,,,,70.9,159049,,159039,,,,,,,3,,,,,,,77.9,,,,,,,,,,,,154285,,,,,,,35.2,,,,,,,70.9,0.00797,0.205,0.176,0.217,0.0768,0.211,0.102,0.224,0.0366,0.204,0.134,0.222,0.154,0.214,0.0144,0.211,9146,14656,7045,9663
2025-09-27 08:52:00,,,,,,,121,159409,,159399,,,,,,,4,,,,,,,82.4,,,,,,,,,,,,154615,,,,,,,22.7,,,,,,,121,0.134,0.177,0.122,0.230,0.213,0.224,0.0646,0.215,0.0208,0.218,0.256,0.238,0.0129,0.215,0.266,0.200,7623,14150,5872,9329
2025-09-27 08:54:00,,,,,,,44.5,159769,,159759,,,,,,,1,,,,,,,77.8,,,,,,,,,,,,154931,,,,,,,42.1,,,,,,,44.5,0.120,0.197,0.0666,0.191,0.0607,0.201,0.105,0.235,0.0332,0.216,0.151,0.222,0.0907,0.215,0.0937,0.238,8640,13645,6655,8996
2025-09-27 08:56:00,,,,,,,117,160129,,160119,,,,,,,5,,,,,,,76.1,,,,,,,,,,,,155284,,,,,,,19.8,,,,,,,117,0.00644,0.166,0.263,0.237,0.0815,0.212,0.161,0.216,0.0115,0.217,0.262,0.225,0.125,0.219,0.143,0.222,9149,14149,7048,9328
2025-09-27 08:58:00,,,,,,,36.7,160489,,160479,,,,,,,3,,,,,,,76.6,,,,,,,,,,,,155635,,,,,,,23.6,,,,,,,36.7,0.00644,0.202,0.206,0.230,0.146,0.223,0.0612,0.229,0.102,0.210,0.0925,0.199,0.0597,0.223,0.152,0.199,9150,15668,7049,10330
2025-09-27 09:00:00,,,,,,,148,160849,,160839,,,,,,,6,,,,,,,78.1,,,,,,,,,,,,155989,,,,,,,22.7,,,,,,,148,0.258,0.213,0.144,0.225,0.0380,0.204,0.375,0.228,0.0763,0.207,0.325,0.224,0.382,0.196,0.0312,0.218,9147,15667,7046,10329
2025-09-27 09:02:00,,,,,,,138,161209,,161199,,,,,,,9,,,,,,,78.1,,,,,,,,,,,,156349,,,,,,,35.8,,,,,,,138,0.100,0.160,0.436,0.237,0.148,0.228,0.396,0.233,0.341,0.235,0.199,0.215,0.389,0.219,0.141,0.196,14228,16678,10960,10996
2025-09-27 09:04:00,,,,,,,83.3,161569,,161559,,,,,,,5,,,,,,,73.8,,,,,,,,,,,,156709,,,,,,,19.8,,,,,,,83.3,0.235,0.193,0.217,0.217,0.197,0.219,0.264,0.231,0.242,0.213,0.225,0.232,0.305,0.218,0.160,0.201,10671,14657,8220,9663
2025-09-27 09:06:00,,,,,,,58.8,161929,,161919,,,,,,,4,,,,,,,81.3,,,,,,,,,,,,157053,,,,,,,19.9,,,,,,,58.8,0.00780,0.222,0.238,0.201,0.131,0.226,0.107,0.241,0.147,0.199,0.0892,0.191,0.168,0.205,0.0688,0.231,6605,14657,5088,9663
2025-09-27 09:08:00,,,,,,,61.3,162289,,162279,,,,,,,2,,,,,,,77.5,,,,,,,,,,,,157392,,,,,,,23.4,,,,,,,61.3,0.0532,0.222,0.155,0.227,0.122,0.228,0.110,0.218,0.140,0.219,0.0831,0.209,0.135,0.200,0.0808,0.182,8638,15162,6654,9995
2025-09-27 09:10:00,,,,,,,36.6,162649,,162639,,,,,,,1,,,,,,,76.4,,,,,,,,,,,,157742,,,,,,,34.3,,,,,,,36.6,0.245,0.200,0.121,0.232,0.126,0.219,0.240,0.198,0.298,0.226,0.0741,0.228,0.305,0.190,0.0514,0.226,8130,13646,6262,8996
2025-09-27 09:12:00,,,,,,,60.3,163009,,162999,,,,,,,2,,,,,,,77.5,,,,,,,,,,,,158101,,,,,,,24.0,,,,,,,60.3,0.193,0.215,0.226,0.236,0.125,0.205,0.295,0.201,0.266,0.200,0.137,0.236,0.379,0.209,0.0431,0.208,10163,16174,7828,10662
2025-09-27 09:14:00,,,,,,,37.1,163369,,163359,,,,,,,0,,,,,,,76.8,,,,,,,,,,,,158457,,,,,,,34.9,,,,,,,37.1,0.328,0.220,0.0263,0.203,0.0110,0.214,0.367,0.208,0.0149,0.214,0.362,0.240,0.259,0.207,0.104,0.215,11690,15162,9004,9995
2025-09-27 09:16:00,,,,,,,36.6,163729,,163719,,,,,,,1,,,,,,,78.8,,,,,,,,,,,,158768,,,,,,,34.3,,,,,,,36.6,0.0353,0.204,0.141,0.227,0.116,0.209,0.0502,0.216,0.0271,0.228,0.161,0.189,0.0871,0.221,0.0934,0.238,8131,16172,6263,10661
2025-09-27 09:18:00,,,,,,,58.5,164089,,164079,,,,,,,3,,,,,,,78.4,,,,,,,,,,,,159115,,,,,,,33.8,,,,,,,58.5,0.0559,0.232,0.171,0.228,0.161,0.193,0.0500,0.222,0.0641,0.212,0.166,0.184,0.219,0.229,0.00644,0.218,8640,14657,6655,9662
2025-09-27 09:20:00,,,,,,,220,164449,,164439,,,,,,,8,,,,,,,77.7,,,,,,,,,,,,159475,,,,,,,18.2,,,,,,,220,0.0959,0.229,0.428,0.233,0.168,0.215,0.338,0.219,0.351,0.206,0.166,0.210,0.320,0.208,0.205,0.187,13215,14656,10179,9661
2025-09-27 09:22:00,,,,,,,163,164809,,164799,,,,,,,8,,,,,,,77.9,,,,,,,,,,,,159835,,,,,,,21.8,,,,,,,163,0.268,0.189,0.279,0.222,0.267,0.212,0.278,0.232,0.141,0.214,0.403,0.235,0.322,0.222,0.210,0.203,11183,13645,8614,8994
2025-09-27 09:24:00,,,,,,,104,165169,,165159,,,,,,,7,,,,,,,78.9,,,,,,,,,,,,160185,,,,,,,17.4,,,,,,,104,0.00864,0.208,0.222,0.234,0.0261,0.222,0.205,0.220,0.0702,0.205,0.156,0.207,0.154,0.214,0.0488,0.218,9658,14656,7439,9661
2025-09-27 09:26:00,,,,275,,,,212,,,,176,,,,,,,8,,,,,,,314,,,,,,,177,,,,,,,23.2,,,,,,,275,,,,0.00542,0.953,0.000847,0.963,0.00373,0.948,0.00373,0.957,0.00373,0.954,0.00237,0.951,0.00508,0.957,0.00339,0.945,4615,17028,3172,11164
2025-09-27 09:28:00,,,,177,,,,572,,,,561,,,,,,,10,,,,,,,64.3,,,,,,,561,,,,,,,18.2,,,,,,,177,,,,0.00475,0.449,0.00186,0.424,0.00424,0.448,0.00237,0.432,0.00492,0.458,0.00254,0.424,0.00475,0.469,0.00305,0.405,7178,18025,5551,11815
2025-09-27 09:30:00,,,,116,,,,932,,,,921,,,,,,,5,,,,,,,85.0,,,,,,,921,,,,,,,19.0,,,,,,,116,,,,0.00237,0.336,0.00407,0.352,0.00508,0.339,0.00271,0.382,0.00356,0.377,0.00203,0.322,0.00492,0.344,0.00220,0.346,5127,14522,3568,9519
2025-09-27 09:32:00,,,,56.3,,,,1292,,,,1281,,,,,,,2,,,,,,,77.2,,,,,,,1277,,,,,,,21.5,,,,,,,56.3,,,,0.00525,0.292,0.00169,0.283,0.00508,0.277,0.00220,0.277,0.00508,0.260,0.00305,0.280,0.00542,0.286,0.00237,0.262,7178,16023,5155,10503
2025-09-27 09:34:00,,,,128,,,,1652,,,,1641,,,,,,,5,,,,,,,79.8,,,,,,,1601,,,,,,,20.0,,,,,,,128,,,,0.00322,0.323,0.00237,0.336,0.00356,0.339,0.00305,0.333,0.00729,0.322,0.00203,0.348,0.00322,0.324,0.00237,0.299,6153,17023,4758,11157
2025-09-27 09:36:00,,,,30.3,,,,2012,,,,2001,,,,,,,1,,,,,,,76.3,,,,,,,1927,,,,,,,22.8,,,,,,,30.3,,,,0.00542,0.304,0.00254,0.301,0.00475,0.287,0.00288,0.290,0.00390,0.296,0.00254,0.296,0.00407,0.301,0.00305,0.298,3589,14521,2775,9518
2025-09-27 09:38:00,,,,79.8,,,,2372,,,,2361,,,,,,,3,,,,,,,80.8,,,,,,,2279,,,,,,,19.5,,,,,,,79.8,,,,0.00407,0.316,0.00169,0.342,0.00424,0.311,0.00271,0.336,0.00542,0.324,0.00254,0.315,0.00576,0.323,0.00271,0.314,4614,15522,3568,10174
2025-09-27 09:40:00,,,,68.0,,,,2732,,,,2721,,,,,,,3,,,,,,,79.1,,,,,,,2591,,,,,,,19.7,,,,,,,68.0,,,,0.00424,0.265,0.00254,0.272,0.00441,0.264,0.00390,0.266,0.00458,0.248,0.00373,0.272,0.00305,0.263,0.00271,0.245,6152,14520,4757,9517
2025-09-27 09:42:00,,,,26.7,,,,3092,,,,3081,,,,,,,1,,,,,,,79.7,,,,,,,2935,,,,,,,21.8,,,,,,,26.7,,,,0.00508,0.293,0.00288,0.298,0.00492,0.300,0.00373,0.297,0.00322,0.290,0.00153,0.287,0.00322,0.301,0.00271,0.285,8201,15523,6342,10175
2025-09-27 09:44:00,,,,189,,,,3452,,,,3441,,,,,,,9,,,,,,,70.1,,,,,,,3271,,,,,,,18.6,,,,,,,189,,,,0.00441,0.458,0.00254,0.437,0.00441,0.489,0.00186,0.400,0.00356,0.417,0.00339,0.482,0.00441,0.470,0.00373,0.430,5126,15524,3964,10175
2025-09-27 09:46:00,,,,148,,,,3812,,,,3801,,,,,,,8,,,,,,,67.5,,,,,,,3631,,,,,,,19.4,,,,,,,148,,,,0.00390,0.428,0.00254,0.442,0.00644,0.463,0.00186,0.423,0.00458,0.479,0.00237,0.405,0.00288,0.463,0.00458,0.409,4101,13520,3171,8861
2025-09-27 09:48:00,,,,111,,,,4172,,,,4161,,,,,,,4,,,,,,,79.0,,,,,,,3991,,,,,,,25.5,,,,,,,111,,,,0.00339,0.367,0.00186,0.407,0.00373,0.387,0.00305,0.398,0.00644,0.406,0.00305,0.374,0.00441,0.413,0.00458,0.379,3588,17024,2775,11157
2025-09-27 09:50:00,,,,138,,,,4532,,,,4521,,,,,,,6,,,,,,,80.7,,,,,,,4339,,,,,,,19.2,,,,,,,138,,,,0.00610,0.387,0.00254,0.383,0.00610,0.391,0.00254,0.387,0.00525,0.383,0.00288,0.383,0.00271,0.402,0.00237,0.367,6151,15523,4756,10174
2025-09-27 09:52:00,,,,110,,,,4892,,,,4881,,,,,,,5,,,,,,,74.9,,,,,,,4699,,,,,,,18.6,,,,,,,110,,,,0.00525,0.403,0.00322,0.380,0.00593,0.401,0.00339,0.376,0.00424,0.375,0.00407,0.407,0.00322,0.393,0.00254,0.364,7689,15022,5946,9844
2025-09-27 09:54:00,,,,70.0,,,,5252,,,,5241,,,,,,,3,,,,,,,79.9,,,,,,,5053,,,,,,,19.1,,,,,,,70.0,,,,0.00492,0.302,0.00271,0.285,0.00508,0.295,0.00288,0.297,0.00508,0.306,0.00237,0.285,0.00441,0.299,0.00373,0.287,6663,13519,5152,8859
2025-09-27 09:56:00,,,,22.5,,,,5612,,,,5601,,,,,,,1,,,,,,,80.3,,,,,,,5398,,,,,,,17.0,,,,,,,22.5,,,,0.00492,0.294,0.00373,0.283,0.00508,0.313,0.00153,0.292,0.00339,0.294,0.00153,0.305,0.00339,0.307,0.00305,0.278,5126,15019,3964,9841
2025-09-27 09:58:00,,,,69.9,,,,5972,,,,5961,,,,,,,3,,,,,,,80.8,,,,,,,5723,,,,,,,18.6,,,,,,,69.9,,,,0.00322,0.274,0.00373,0.283,0.00424,0.270,0.00203,0.269,0.00508,0.276,0.00254,0.264,0.00475,0.282,0.00254,0.249,4102,14520,3172,9512
2025-09-27 10:00:00,,,,172,,,,6332,,,,6321,,,,,,,8,,,,,,,62.0,,,,,,,6082,,,,,,,19.3,,,,,,,172,,,,0.00542,0.402,0.00424,0.459,0.00322,0.410,0.00271,0.465,0.00339,0.450,0.00390,0.405,0.00458,0.455,0.00254,0.422,4614,14522,3568,9514
2025-09-27 10:02:00,,,,178,,,,6692,,,,6681,,,,,,,7,,,,,,,70.4,,,,,,,6442,,,,,,,19.2,,,,,,,178,,,,0.00525,0.439,0.00390,0.393,0.00661,0.421,0.00186,0.419,0.00424,0.399,0.00254,0.419,0.00373,0.465,0.00373,0.357,8717,16524,6344,10825
2025-09-27 10:04:00,,,,149,,,,51,,,,6759,,,,,,,4,,,,,,,200,,,,,,,6521,,,,,,,38.4,,,,,,,149,,,,0.00356,0.143,0.00407,0.145,0.00508,0.144,0.00288,0.143,0.00305,0.146,0.00305,0.142,0.00373,0.145,0.00237,0.143,4614,11516,3568,7545
2025-09-27 10:06:00,,,,84.8,,,,411,,,,7131,,,,,,,3,,,,,,,82.9,,,,,,,6867,,,,,,,24.2,,,,,,,84.8,,,,0.00441,0.294,0.00627,0.295,0.00373,0.284,0.00169,0.301,0.00339,0.303,0.00356,0.298,0.00458,0.303,0.00305,0.296,7689,13520,5946,8857
2025-09-27 10:08:00,,,,94.9,,,,771,,,,7491,,,,,,,4,,,,,,,81.8,,,,,,,7218,,,,,,,18.6,,,,,,,94.9,,,,0.00288,0.333,0.00458,0.322,0.00627,0.316,0.00271,0.343,0.00390,0.324,0.00373,0.333,0.00288,0.349,0.00237,0.325,2050,14522,1585,9513
2025-09-27 10:10:00,,,,71.6,,,,1131,,,,7851,,,,,,,3,,,,,,,81.0,,,,,,,7571,,,,,,,19.1,,,,,,,71.6,,,,0.00475,0.295,0.00186,0.312,0.00542,0.293,0.00186,0.306,0.00508,0.299,0.00271,0.308,0.00322,0.313,0.00254,0.291,5126,15522,3963,10168
2025-09-27 10:12:00,,,,91.9,,,,1491,,,,8211,,,,,,,3,,,,,,,79.3,,,,,,,7918,,,,,,,18.6,,,,,,,91.9,,,,0.00390,0.349,0.00271,0.368,0.00458,0.336,0.00322,0.377,0.00525,0.355,0.00186,0.353,0.00508,0.368,0.00220,0.342,2050,15021,1585,9840
2025-09-27 10:14:00,,,,88.3,,,,1851,,,,8571,,,,,,,4,,,,,,,83.8,,,,,,,8272,,,,,,,18.7,,,,,,,88.3,,,,0.00356,0.314,0.00373,0.326,0.00492,0.315,0.00508,0.315,0.00373,0.321,0.00220,0.318,0.00339,0.311,0.00356,0.310,4614,14520,3568,9511
2025-09-27 10:16:00,,,,189,,,,2211,,,,8931,,,,,,,7,,,,,,,67.1,,,,,,,8631,,,,,,,20.1,,,,,,,189,,,,0.00441,0.430,0.00237,0.428,0.00373,0.428,0.00305,0.430,0.00627,0.408,0.00237,0.426,0.00288,0.435,0.00169,0.412,5127,15522,3964,10167
2025-09-27 10:18:00,,,,117,,,,2571,,,,9291,,,,,,,6,,,,,,,89.3,,,,,,,8990,,,,,,,18.9,,,,,,,117,,,,0.00373,0.389,0.00356,0.365,0.00492,0.357,0.00373,0.393,0.00305,0.376,0.00237,0.371,0.00492,0.362,0.00441,0.377,8202,15021,6342,9839
2025-09-27 10:20:00,,,,84.9,,,,2931,,,,9651,,,,,,,4,,,,,,,80.2,,,,,,,9350,,,,,,,19.2,,,,,,,84.9,,,,0.00559,0.392,0.00288,0.425,0.00322,0.395,0.00424,0.425,0.00356,0.436,0.00254,0.395,0.00373,0.395,0.00373,0.401,3588,16523,2775,10823